Id,BIRTHDATE,DEATHDATE,SSN,DRIVERS,PASSPORT,PREFIX,FIRST,MIDDLE,LAST,SUFFIX,MAIDEN,MARITAL,RACE,ETHNICITY,GENDER,BIRTHPLACE,ADDRESS,CITY,STATE,COUNTY,FIPS,ZIP,LAT,LON,HEALTHCARE_EXPENSES,HEALTHCARE_COVERAGE,INCOME
2e56c5b5-2c82-6d1d-7079-dbfe8f96c2d6,2025-05-23,,999-52-6755,,,,Chery887,Ashanti808,Adams676,,,,black,nonhispanic,F,Haverhill  Massachusetts  US,986 Keeling Trailer,Duxbury,Massachusetts,Plymouth County,25023,02332,42.040264152903845,-70.66500537711745,5906.63,0.00,333461
7c16df03-aaa4-44bf-0e1e-e3edd1005e04,2024-09-26,,999-45-5686,,,,Refugio197,,Gleason633,,,,white,nonhispanic,M,Scituate  Massachusetts  US,1096 Walsh Boulevard Unit 13,Sturbridge,Massachusetts,Worcester County,25027,01507,42.12018252197598,-72.03438369828578,3482.33,2265.34,154802
e39037a7-e8ee-9f8e-53ca-de321346350c,2012-05-17,,999-72-1355,,,,Josue598,,Frami345,,,,black,nonhispanic,M,Concord  Massachusetts  US,752 Becker Passage,Somerville,Massachusetts,Middlesex County,25017,02143,42.3955992907719,-71.11198967033306,2787.58,31503.17,9874
27a3fd66-e528-19a2-cf4e-70fd398f47b7,1997-01-15,,999-59-2911,S99970416,X12579419X,Ms.,Jaimie425,,Littel644,,,S,white,hispanic,F,Westborough  Massachusetts  US,266 Fahey Overpass,Boston,Massachusetts,Suffolk County,25025,02127,42.39373357562791,-71.17064343505336,9255.86,749383.59,7695
d132d26f-3ab4-3a5a-a1c4-094ce8eda5d9,1992-09-17,,999-44-2497,S99999248,X02813502X,Mrs.,Lillia547,Kaylene27,Mayert710,,Rodriguez71,M,white,nonhispanic,F,Boston  Massachusetts  US,868 Wintheiser Vale,Dartmouth,Massachusetts,Bristol County,,00000,41.60160683181032,-71.00331936995234,176801.24,218180.00,54188
f35f223f-6bac-ff54-1f0f-e6b3b0964c1d,2009-03-04,,999-71-9814,S99939692,,,Santina680,Jerrie417,Eichmann909,,,,white,nonhispanic,F,Pittsfield  Massachusetts  US,237 Welch Rapid Apt 74,Watertown,Massachusetts,Middlesex County,25017,02472,42.34435855141964,-71.13846032175996,3099.28,67023.43,17518
22019d6e-60d1-1d6a-1dcf-6db654bdc13d,1977-07-07,,999-86-3135,S99953045,X66845784X,Mr.,Elisha578,Lamar193,Rice937,,,M,black,nonhispanic,M,Lynnfield  Massachusetts  US,1099 Grant Terrace,Springfield,Massachusetts,Hampden County,25013,01106,42.138703657024195,-72.56422498460113,152236.14,3927.14,89706
99293664-6c69-0071-0da6-1380eb3ff69a,1965-03-07,,999-70-5122,S99947492,X34347908X,Mrs.,Glayds212,Ayana300,Huel628,,Wolff180,M,black,hispanic,F,Canton  Massachusetts  US,1041 Grady Tunnel Unit 18,Rutland,Massachusetts,Worcester County,25027,01543,42.405075151364244,-72.00006807336922,563173.35,140756.19,54520
44c321fb-1140-480f-855b-dc9768f52d0f,1966-04-07,2020-11-22,999-21-2735,S99963578,X69929344X,Mr.,Russ979,,Parker433,,,D,white,nonhispanic,M,Tewksbury  Massachusetts  US,1091 Barton Lane Unit 74,Ashfield,Massachusetts,Franklin County,,00000,42.51562152513693,-72.84085719877605,167613.13,123823.99,40891
4efb54ab-ca7f-7e9e-11f5-c5e833ac0390,1963-05-09,,999-71-3412,S99932837,X55547575X,Mrs.,Helaine42,Theressa101,Monahan736,,Marvin195,M,white,nonhispanic,F,Medford  Massachusetts  US,423 Lesch Heights Suite 16,Danvers,Massachusetts,Essex County,25009,01923,42.547853350501235,-70.95528032564907,315877.56,47023.94,69805
d2c532fd-31ee-2460-b0d6-474a40a0d1ec,2024-11-07,,999-85-7342,,,,Mckenzie208,Alaine226,Nicolas769,,,,white,nonhispanic,F,Leominster  Massachusetts  US,926 Kilback Arcade,Springfield,Massachusetts,Hampden County,25013,01109,42.074072654845644,-72.56491914023984,451.01,9232.97,23246
d307e7ce-4c16-d256-8b41-add3134e4b1e,1969-06-03,,999-20-8250,S99993463,X71025391X,Mr.,Olin642,Hosea56,Langosh790,,,M,white,nonhispanic,M,Northborough  Massachusetts  US,737 Nolan Lane,North Amherst,Massachusetts,Hampshire County,25015,01059,42.42397789876251,-72.53910256631288,161762.17,37563.16,176020
4d8ae2d5-a6c9-ad69-2c44-d8392b561ed9,1962-12-21,,999-28-8366,S99948189,X52315637X,Mr.,Kurtis994,Myron933,Ebert178,MD,,M,white,hispanic,M,Boston  Massachusetts  US,928 Fadel Knoll Apt 41,Agawam,Massachusetts,Hampden County,25013,01030,42.06348358808486,-72.60834706932059,172729.73,0.00,84611
8f0a962e-544c-4bfd-8b38-920940a51729,2014-09-09,,999-77-1411,,,,Jeromy156,Evan94,Okuneva707,,,,black,nonhispanic,M,Reading  Massachusetts  US,536 Runte Quay,Salem,Massachusetts,Essex County,25009,01907,42.49472409089865,-70.90268919103326,28507.60,2402.15,77816
fa2589e9-2dc6-0ab2-0ecc-feaf74d58e57,2022-05-13,,999-76-5737,,,,Shemika942,Monnie762,Walsh511,,,,white,nonhispanic,F,West Bridgewater  Massachusetts  US,244 Von Mews,Peabody,Massachusetts,Essex County,25009,01960,42.53234920098653,-71.06716320155275,7093.74,0.00,87599
78fa0afd-8215-d812-c4de-be5212794c26,1996-03-29,,999-76-2170,S99998891,X03053901X,Mr.,Otto672,Shelton25,Thiel172,,,S,white,nonhispanic,M,North Pembroke  Massachusetts  US,880 Monahan Green,Worcester,Massachusetts,Worcester County,25027,01610,42.2455671216194,-71.8227186011152,64570.86,2894.43,52086
78505a8d-6d11-2e6f-eba5-305731b46067,1963-01-01,,999-14-4939,S99982311,X52948635X,Mrs.,Venice604,Floria545,Schamberger479,,Braun514,M,white,nonhispanic,F,Worcester  Massachusetts  US,1063 Luettgen Estate Unit 66,Newburyport,Massachusetts,Essex County,25009,01951,42.73851056708224,-70.87882998235112,604364.28,192830.50,116586
404ac1b0-5d41-6905-3a54-753cb440e15f,1961-09-15,,999-29-4435,S99958058,X69879280X,Mrs.,Genevie117,Ying817,Quitzon246,,Gutkowski940,M,white,nonhispanic,F,Mashpee Neck  Massachusetts  US,584 Breitenberg Quay Apt 85,Southbridge,Massachusetts,Worcester County,25027,01550,42.08826554755595,-72.01952245008627,911482.28,341096.07,91456
b3ce541d-a6c3-568e-ff5e-57bf7d99a464,2008-05-12,,999-62-2688,S99965423,,Ms.,Stacey209,Herma433,Roob72,,,,white,nonhispanic,F,Randolph  Massachusetts  US,603 Swaniawski Dam Suite 47,Bridgewater,Massachusetts,Plymouth County,25023,02324,41.984224087605824,-70.93621961183496,105301.14,109198.15,123096
e04b0733-0e7d-8f6e-3bae-7b9a775f3bb2,1992-06-24,,999-37-1819,S99976669,X92802175X,Mrs.,Samira471,Phylicia571,Yundt842,,Willms744,M,white,nonhispanic,F,Lancaster  Massachusetts  US,534 Parisian Path,Somerville,Massachusetts,Middlesex County,25017,02143,42.42638659376203,-71.14848659057498,67481.85,182508.45,135788
a941d537-5083-33dc-bad5-ad92d74921a2,1974-10-16,,999-75-9600,S99926379,X77159737X,Ms.,Mertie42,Johanna547,Mertz280,,,S,white,nonhispanic,F,Medfield  Massachusetts  US,886 Hintz Manor Unit 36,Taunton,Massachusetts,Bristol County,25005,02780,41.976382347620884,-71.04978372489141,405713.91,498815.63,40726
b6d5d4de-a0ca-4193-f20b-4e46234e6757,1994-12-04,,999-19-1655,S99939836,X58538087X,Mr.,Elroy493,Warner493,Schulist381,,,S,white,nonhispanic,M,Rutland  Massachusetts  US,716 Kovacek Bypass,Boston,Massachusetts,Suffolk County,25025,02131,42.30272277117387,-71.17720808924808,83114.40,11122.19,72877
6a5356f1-b7ac-f569-de66-5ccd13b8c779,2022-02-06,,999-10-5197,,,,Jimmy858,,Schultz619,,,,white,nonhispanic,M,Chatham  Massachusetts  US,1014 Roob Loaf Suite 73,Billerica,Massachusetts,Middlesex County,,00000,42.590988843951756,-71.2641900842921,12195.92,0.00,160343
babf610b-f5c7-f50f-5234-97ad2afa7a51,1965-09-09,,999-59-5232,S99999178,X36665624X,Ms.,Maranda920,Felica690,Cremin516,,,S,white,nonhispanic,F,North Andover  Massachusetts  US,866 Ziemann Lock Suite 16,Salem,Massachusetts,Essex County,25009,01907,42.539843800789306,-70.86919169277719,761303.18,603670.77,47082
24606723-8026-032f-21eb-511104ed1f6e,1970-07-26,,999-62-3864,S99964807,X56274341X,Mr.,Emmett200,Sylvester827,Cassin499,,,M,white,hispanic,M,Easton  Massachusetts  US,171 Block Lodge,Mashpee,Massachusetts,Barnstable County,,00000,41.62277091973309,-70.47090783045749,30879.01,786779.15,63720
ba9f1ac2-7cb7-d556-44a8-16409b0bd3df,1966-04-07,,999-35-2896,S99935686,X04696163X,Mr.,Vincenzo126,Noe500,Wilkinson796,,,S,white,nonhispanic,M,Westford  Massachusetts  US,577 Donnelly Byway,Ashfield,Massachusetts,Franklin County,,00000,42.51418478087574,-72.7837047273197,51207.72,113785.84,40891
53949d12-5db5-4706-18bf-167528273899,1970-04-25,,999-30-4371,S99925494,X27498494X,Mr.,Gregorio366,Efrain317,Macejkovic424,MD,,D,black,nonhispanic,M,Peabody  Massachusetts  US,371 Goyette Skyway,Boston,Massachusetts,Suffolk County,25025,02163,42.32743120574512,-71.00989640594844,152620.32,54774.77,141002
7bd962f4-4e56-1c5e-f073-1a320c5a0c1e,1950-01-27,,999-92-6502,S99962505,X93998065X,Mr.,Marc757,,D'Amore443,,,M,white,nonhispanic,M,Braintree  Massachusetts  US,663 Mante Loaf,Everett,Massachusetts,Middlesex County,25017,02148,42.426507660306086,-71.0353913283818,545487.85,755850.92,798
6b77cdce-914c-4e30-ce7a-3559a7117cc6,1975-03-20,,999-11-6075,S99976950,X61151400X,Mr.,Broderick767,,Ziemann98,,,D,asian,nonhispanic,M,Worcester  Massachusetts  US,925 Effertz Gate Apt 69,Sudbury,Massachusetts,Middlesex County,,00000,42.3727228201466,-71.44040419814584,142504.27,28575.93,173962
62833025-7a8b-5ceb-a5f5-5ff5f7c9669a,1989-01-03,,999-82-8251,S99986246,X34878132X,Mrs.,Raguel228,,Gutmann970,,O'Connell601,M,black,nonhispanic,F,Medway  Massachusetts  US,885 Donnelly Divide Unit 74,Boston,Massachusetts,Suffolk County,25025,02122,42.317397286664864,-71.06364527523453,10839.06,483203.90,9895
8dda42ae-ae28-eebe-cca6-61846ba37cbb,1970-12-23,,999-41-7656,S99928469,X72652208X,Mr.,Thanh759,Jerrod232,Rolfson709,,,M,white,nonhispanic,M,Westborough  Massachusetts  US,650 Streich Camp,Amherst,Massachusetts,Hampshire County,,00000,42.3378546467804,-72.55059529292336,127348.51,40435.86,27023
29fd971e-9eee-145e-8c5e-36e81cbd5264,2003-06-26,,999-34-5347,S99943800,X59541081X,Mr.,Normand813,Norberto865,Tromp100,,,,white,nonhispanic,M,Bridgewater  Massachusetts  US,828 Powlowski Fork Unit 17,Georgetown,Massachusetts,Essex County,,00000,42.71085396855431,-70.97262883997938,69286.72,7166.90,37700
11cb32b1-09fd-bd9c-d680-f709dfefa3a1,1989-05-07,,999-36-3833,S99942733,X65642443X,Mrs.,Elaine830,Tamica785,Strosin214,,Schiller186,M,white,nonhispanic,F,Nantucket  Massachusetts  US,852 Gutmann Highlands Apt 83,Medfield,Massachusetts,Norfolk County,25021,02052,42.20244721490884,-71.31520484444394,527453.47,813997.18,82429
89dce701-b4ad-f35d-927c-bd70b71be40e,2004-05-01,2016-09-08,999-30-4279,,,,Devorah937,Joye57,O'Kon634,,,,white,nonhispanic,F,Revere  Massachusetts  US,1007 Fahey Stravenue Apt 81,Southborough,Massachusetts,Worcester County,,00000,42.28494211564923,-71.51814752239575,30483.94,30827.66,50653
6839d2f5-ec6c-795e-db0f-466f8adbb102,1976-07-12,,999-44-8871,S99915771,X29190885X,Mrs.,Calandra120,Song837,Mohr916,,Bernhard322,M,white,nonhispanic,F,Millis  Massachusetts  US,710 Nader Overpass Suite 66,Brockton,Massachusetts,Plymouth County,25023,02301,42.107244758345786,-71.00176693172372,20223.01,919218.10,11436
46fa9792-c12c-cf87-5136-065b02551ae8,1948-01-30,,999-98-8375,S99967069,X83589995X,Mr.,Terry864,,Barrows492,,,D,white,nonhispanic,M,Hingham  Massachusetts  US,194 Krajcik Pathway Suite 49,Paxton,Massachusetts,Worcester County,,00000,42.32404190118604,-71.9626915400065,158625.49,86107.91,196805
96437363-e1d3-46c1-4396-7af774a61d3c,1985-07-03,,999-51-7056,S99933840,X28310521X,Mr.,Williams176,Miquel905,Gorczany269,,,D,white,nonhispanic,M,Worcester  Massachusetts  US,161 Walker Trailer Suite 63,Methuen,Massachusetts,Essex County,25009,01841,42.73575517176828,-71.1737157123022,33720.90,90226.36,23930
6214ea7b-bd6b-50ce-d0af-f26c13d676e9,2000-11-12,2015-12-30,999-14-9300,,,,Harris789,Chris95,Kub800,,,,white,nonhispanic,M,Framingham  Massachusetts  US,125 Murray Union,Danvers,Massachusetts,Essex County,25009,01923,42.54455343417567,-70.92660230839776,43058.09,17825.96,37179
6ba1ee30-3792-b8fc-55d4-a842bc884fa0,1972-03-12,,999-89-7649,S99938047,X90178524X,Mr.,Leigh689,Jerold208,Barton704,,,D,white,nonhispanic,M,Cambridge  Massachusetts  US,494 Harris Passage Apt 1,Fitchburg,Massachusetts,Worcester County,25027,01420,42.62655717080816,-71.82912071375898,130575.32,71155.30,84585
9d9a2f02-caee-ce9a-d16d-37df845f1d9d,2004-05-01,,999-72-8079,S99977965,X37606313X,Ms.,Regina408,Debbie941,Shields502,,,,white,nonhispanic,F,Lexington  Massachusetts  US,854 Hartmann Forge,Southborough,Massachusetts,Worcester County,,00000,42.26879783540965,-71.5292900806161,78262.69,74956.00,50653
21766cc6-0d9d-a954-af09-cccea3f0df69,1973-01-21,,999-83-4389,S99950579,X37634519X,Mrs.,Marvel321,Mildred587,Bosco882,,Schaefer657,M,white,nonhispanic,F,Lawrence  Massachusetts  US,1048 Barton Overpass Apt 5,Boston,Massachusetts,Suffolk County,25025,02152,42.29349152570164,-71.14712140006705,228199.05,322534.65,28272
cfadc295-b6e2-5070-bb52-928730b99703,2000-11-12,,999-48-6375,S99934249,X28047725X,Mr.,Lester513,,Moen819,,,,white,nonhispanic,M,Westwood  Massachusetts  US,209 Koelpin Haven,Danvers,Massachusetts,Essex County,25009,01937,42.55337045340081,-70.94467896042191,45145.46,13508.77,37179
f759cc41-0f7d-dfd4-52f4-e8c6b262be0d,1964-09-01,,999-99-5644,S99924933,X60229032X,Mr.,Leonard963,Lynn917,Hamill307,,,M,white,nonhispanic,M,Northampton  Massachusetts  US,532 Lesch Run Unit 99,Rochester,Massachusetts,Plymouth County,,00000,41.76685537733596,-70.79499763971687,163915.99,48979.66,119806
589b2049-0f32-221e-c85a-878202d0d64b,2022-11-20,,999-71-1915,,,,Tierra831,Lura184,Wiegand701,,,,white,nonhispanic,F,Boston  Massachusetts  US,528 Vandervort Frontage road,Webster,Massachusetts,Worcester County,25027,01570,42.06338839066185,-71.88709326142353,10572.23,4.88,133555
8134fd5e-8273-fe57-be78-22320bff84b5,1965-03-22,,999-65-5508,S99990706,X86245054X,Mr.,Cortez851,Raleigh478,Schultz619,,,M,white,nonhispanic,M,Walpole  Massachusetts  US,921 Harber Byway Suite 96,Lynn,Massachusetts,Essex County,25009,01901,42.56356928749595,-71.07715478626616,294124.42,748003.12,124061
86bbfecd-3f57-37b0-b1a5-0e76bf5599b1,1973-08-04,1986-07-31,999-56-3136,,,,Jutta270,Tenisha328,Shanahan202,,,,white,nonhispanic,F,Newton  Massachusetts  US,738 Bernier Glen Apt 31,South Duxbury,Massachusetts,Plymouth County,,00000,42.00035746689377,-70.70429889758208,54103.17,384.54,66435
f31c25d0-758a-a22a-b075-babd158ae777,1974-08-22,,999-27-7564,S99927408,X60974014X,Mrs.,Voncile324,Elyse324,Senger904,,Mayer370,M,asian,nonhispanic,F,Quincy  Massachusetts  US,342 Paucek Vale Apt 12,Ayer,Massachusetts,Middlesex County,25017,01432,42.543798409351375,-71.57777868600168,607131.28,127087.24,74479
7db81f99-9371-bb8b-ee5d-1821f5e91b9c,1997-02-15,,999-50-4919,S99925824,X54062121X,Mr.,Steve819,Wilton999,Jacobson885,,,M,white,nonhispanic,M,Newton  Massachusetts  US,544 Barton Lane,Somerville,Massachusetts,Middlesex County,25017,02145,42.36214117030712,-71.15151952340878,63437.10,8362.83,57345
e2c5fe8a-4989-09ae-e948-fa62c9e171dc,1959-05-24,,999-50-8098,S99926766,X98874387X,Mr.,Arturo47,Octavio643,Galarza986,,,D,asian,hispanic,M,San Juan  Puerto Rico  PR,872 Larson Road Suite 85,Hubbardston,Massachusetts,Worcester County,,00000,42.497406358886465,-71.97767119059144,159707.55,131117.78,84666
a7306b17-11ab-18bf-8028-bbe07d4963a5,2025-12-14,,999-76-9412,,,,Renato359,Erich201,Miller503,,,,white,nonhispanic,M,Shrewsbury  Massachusetts  US,255 O'Reilly Stravenue,Boston,Massachusetts,Suffolk County,25025,02114,42.25531751655516,-71.02151755095406,3717.68,0.00,108536
4cd2fcdb-4437-9b2a-be51-debf42ec7337,1929-11-26,2013-11-17,999-86-8376,S99992586,X48998432X,Ms.,Alda400,Nila48,Weber641,,,S,white,nonhispanic,F,Pittsfield  Massachusetts  US,207 Hansen View,East Bridgewater,Massachusetts,Plymouth County,,00000,42.0057215388328,-70.91876636991135,1194390.77,472327.88,85940
dd1a8e5a-267d-1beb-c0ea-29d0f2318121,1986-05-08,,999-29-8513,S99992612,X28530436X,Mr.,Genaro214,Sherman440,Paucek755,,,S,white,nonhispanic,M,Attleboro  Massachusetts  US,680 Dooley Mission Apt 59,Fitchburg,Massachusetts,Worcester County,25027,01420,42.6140989506454,-71.86173795676169,67782.52,47389.17,80737
56c0276c-3ba6-10eb-27ee-cbd1485c92d8,1981-11-03,,999-45-8312,S99924518,X33098609X,Mrs.,Vennie613,Ronnie7,Hegmann834,,Doyle959,M,white,nonhispanic,F,Milton  Massachusetts  US,659 Ferry Path Unit 87,Salisbury,Massachusetts,Essex County,25009,01952,42.866687129902814,-70.88235441095303,280304.92,338995.89,102820
2555ebef-c071-979f-dace-c94a6a552f8a,1988-02-07,,999-40-2478,S99933641,X43208386X,Mrs.,Candy565,Tomi599,Hahn503,,Stanton715,M,white,nonhispanic,F,Boston  Massachusetts  US,1088 Heidenreich Park Unit 83,Newton,Massachusetts,Middlesex County,25017,02466,42.36617509449983,-71.1658199293734,96432.06,685720.68,278069
1209bdfb-cc2f-f4e0-ac0f-40687b568723,1973-08-04,,999-42-5963,S99965111,X61148927X,Ms.,Lynn917,Jon665,Crooks415,,,S,white,nonhispanic,F,Weymouth  Massachusetts  US,1069 Dickinson Viaduct Suite 62,South Duxbury,Massachusetts,Plymouth County,,00000,42.006679165135125,-70.65630846071028,779464.49,103451.69,66435
0b669371-f0e8-9d3d-aa1a-254f7424766f,1957-05-13,,999-38-1644,S99921225,X75046136X,Ms.,Ruth999,Tommy814,Runolfsdottir785,,,S,white,nonhispanic,F,Cambridge  Massachusetts  US,834 Braun Heights Apt 64,Worcester,Massachusetts,Worcester County,25027,01583,42.26799949498654,-71.75261628758088,964270.49,641946.50,58862
04701a45-9b9b-e720-e404-1ace9dcaa790,1986-07-26,,999-23-4169,S99979398,X14937094X,Mr.,Bart73,Jamey282,Konopelski743,,,M,white,nonhispanic,M,Beverly  Massachusetts  US,550 Homenick Junction Unit 23,North Adams,Massachusetts,Berkshire County,25003,01247,42.67099349147323,-73.07914138505,7201.79,115203.44,11306
82f18d91-2a66-9980-f950-b337d8b6b42d,1963-01-22,,999-13-7089,S99985623,X71815032X,Mr.,Clayton230,Broderick767,Carroll471,,,M,white,nonhispanic,M,Boston  Massachusetts  US,913 Thiel Annex Unit 71,Lunenburg,Massachusetts,Worcester County,25027,01462,42.606368437661885,-71.70380296144924,198382.37,89089.88,46764
b4b8ff76-1bfa-64cf-0497-80e4405290c5,2006-12-18,,999-29-3527,S99974850,,Mr.,Derrick232,Jefferey580,Mann644,,,,white,nonhispanic,M,Malden  Massachusetts  US,239 King Route Apt 23,Amherst,Massachusetts,Hampshire County,,00000,42.393564320353946,-72.53290832242764,46835.61,14159.81,43764
e5730a56-eb90-551f-b9f5-a213e032497d,1952-02-26,,999-27-4374,S99911230,X60020405X,Mrs.,April374,Valene773,Kessler503,,Lind531,W,white,nonhispanic,F,Worcester  Massachusetts  US,749 Huel Promenade Suite 85,Millis,Massachusetts,Norfolk County,,00000,42.13217320408805,-71.34432534332396,148358.67,215227.30,273768
cee61d7e-3d65-5f41-e934-72842bd81f53,1973-02-08,,999-13-3908,S99993515,X90128084X,Mr.,Osvaldo336,Long300,Schimmel440,,,M,white,nonhispanic,M,Barnstable  Massachusetts  US,838 Kris Ramp Unit 9,Medford,Massachusetts,Middlesex County,25017,02145,42.465288955036726,-71.14374706753146,122120.01,601214.34,148952
c7b47a6b-c684-2a44-5dc8-7a1d6548fccb,2015-06-16,,999-30-1622,,,,Abel832,Derick144,Hansen121,,,,white,nonhispanic,M,Auburn  Massachusetts  US,661 Lynch Burg,Melrose,Massachusetts,Middlesex County,25017,02176,42.48329200122652,-71.02953996966835,32345.79,1193.22,36621
ad652c6c-7674-9c7a-94d2-ff880f186f4c,2004-11-20,,999-47-5739,S99973785,X43027797X,Mr.,Elisha578,Allan198,Willms744,,,,white,hispanic,M,Malden  Massachusetts  US,151 Brekke Trace Unit 54,Springfield,Massachusetts,Hampden County,25013,01151,42.1579501432351,-72.5600050757456,81959.84,493251.79,46169
e8b86bfc-0386-a35c-12b5-3cf724c71e29,1989-05-05,,999-97-2509,S99927267,X36469827X,Mr.,Roy364,Daren950,Kutch271,,,D,white,nonhispanic,M,Amherst  Massachusetts  US,577 Pacocha Arcade Suite 1,Stow,Massachusetts,Middlesex County,,00000,42.416768711073004,-71.49519577348542,76476.71,5064.27,157375
180b5613-d115-2364-5b4c-cebd503c9ac0,2001-04-26,,999-88-4468,S99942670,X45871750X,Ms.,Joselyn874,Gwendolyn93,Volkman526,,,,white,nonhispanic,F,Belchertown  Massachusetts  US,395 Schultz Vale,Chicopee,Massachusetts,Hampden County,25013,01022,42.201096689399805,-72.54212073547643,56118.14,177992.37,116585
0737effe-c8b5-ae68-402d-54e2915c3495,1997-10-31,,999-52-8111,S99941736,X06741585X,Mrs.,Tennille443,,Green467,,Adams676,M,white,nonhispanic,F,Everett  Massachusetts  US,539 Waelchi Rue Apt 50,Uxbridge,Massachusetts,Worcester County,,00000,42.095647294096594,-71.62207358150748,9389.24,767056.02,5018
2b1ea62f-407b-79d2-69e5-ad201f53d07b,2023-03-12,,999-91-5650,,,,Elliott563,Bryce11,White193,,,,white,nonhispanic,M,Cambridge  Massachusetts  US,473 Zboncak Trailer Unit 82,Lowell,Massachusetts,Middlesex County,25017,01852,42.68319069161098,-71.32348662458425,4409.92,6441.62,29426
f174ddd5-c9e3-e512-b0d4-f5ea38d0b261,1990-12-12,,999-69-1550,S99989475,X69082746X,Mr.,Armando772,Cristobal567,Pacheco179,,,M,white,hispanic,M,Caracas  Capital District  VE,400 Cummings Key Unit 50,Somerville,Massachusetts,Middlesex County,25017,02144,42.41142329430042,-71.14529591895456,105427.79,4109.48,131917
040840c8-93db-c542-dd79-903f063e184e,2019-03-29,2020-06-03,999-86-8645,,,,Kathern391,Frances376,Mante251,,,,white,nonhispanic,F,Fall River  Massachusetts  US,472 King Rue,Lawrence,Massachusetts,Essex County,25009,01840,42.687812664220964,-71.19483161901398,1138.52,47246.60,18451
0ae7aedf-8d5d-1e4f-24b4-0b637487dffe,1987-01-10,,999-65-6317,S99926027,X84127147X,Mr.,Daren950,Sydney660,Connelly992,PhD,,M,asian,nonhispanic,M,Westminster  Massachusetts  US,399 Bashirian Dale Apt 15,Boston,Massachusetts,Suffolk County,25025,02152,42.31388766302369,-71.1119194827357,84841.85,39584.65,33443
290ed339-cf7a-3064-ad66-0b0a37e63fa1,1929-11-26,1969-11-26,999-78-5325,S99987016,X32442403X,Mrs.,Rachael540,Jennine355,Goldner995,,Leffler128,M,white,nonhispanic,F,New Bedford  Massachusetts  US,331 Kub Gardens Suite 61,East Bridgewater,Massachusetts,Plymouth County,,00000,42.017029888465494,-70.98385855450776,913052.57,104274.10,85940
71dae070-b01a-5c04-ea28-fb834d2dfd89,1978-02-24,,999-22-1477,S99949113,X84425605X,Mr.,Rodrick370,Austin578,Pacocha935,,,M,black,nonhispanic,M,Walpole  Massachusetts  US,373 Wunsch Flat,Boston,Massachusetts,Suffolk County,25025,02110,42.32859777966871,-71.00105458519043,8534.76,109399.88,12806
1bb2467d-d58b-6a8f-d8e4-a5b9ec3e1c9c,2005-04-19,,999-77-2125,S99924772,X77865303X,Ms.,Justin359,,Nikolaus26,,,,white,nonhispanic,F,Waltham  Massachusetts  US,580 Kessler Dale Suite 86,Boston,Massachusetts,Suffolk County,25025,02120,42.27005307858974,-71.0810842241983,7395.90,665958.67,4854
76ec5874-360d-fd8d-4e15-2c3f5bab1c9f,2019-03-29,,999-79-1669,,,,Erma609,Leticia253,Rolfson709,,,,white,nonhispanic,F,Lynn  Massachusetts  US,476 Swift Knoll,Lawrence,Massachusetts,Essex County,25009,01841,42.71336535616807,-71.14059746611274,1700.00,29296.49,18451
89d06c4d-e98f-f4da-52ff-2dd94beac316,1991-07-18,,999-43-7933,S99916987,X21131062X,Mr.,Aubrey96,Wilfred787,Hane680,,,M,white,nonhispanic,M,Medway  Massachusetts  US,165 Macejkovic Rue Apt 67,Marblehead,Massachusetts,Essex County,25009,01945,42.49941887214873,-70.87255587887635,64885.21,25209.12,28875
d9526792-73c2-dced-9703-628a0a760b44,1974-06-29,,999-89-3998,S99932346,X05895242X,Mrs.,Vernita491,Alejandrina481,Gislason620,,Raynor401,M,white,nonhispanic,F,Andover  Massachusetts  US,282 Schimmel Underpass Apt 76,Webster,Massachusetts,Worcester County,25027,01570,42.05708145912752,-71.84686987317569,738926.01,701354.56,40599
41ab1930-6225-fbff-6200-cf87e2ea7c58,1948-04-14,2013-03-05,999-57-3348,S99926959,X76140340X,Mr.,Felipe97,,Castillo397,,,S,white,hispanic,M,Caguas  Puerto Rico  PR,695 Tillman Skyway,East Sandwich,Massachusetts,Barnstable County,25001,02537,41.75896764304027,-70.43300881898382,144580.91,50776.31,174481
9cfa7b8a-85c4-2f40-c9b0-986cceaaf9fd,2023-02-06,,999-56-4603,,,,Vivienne78,Virginia437,Kuvalis369,,,,white,nonhispanic,F,Attleboro  Massachusetts  US,128 Waelchi Camp,Somerville,Massachusetts,Middlesex County,25017,02155,42.35114231319393,-71.04089571409956,10247.60,0.00,116516
dff61a8d-745f-45ad-09f9-253e1fc7fd51,1943-11-30,,999-59-7511,S99951852,X43874880X,Mr.,Cleo27,,Hudson301,,,M,black,nonhispanic,M,Middleborough  Massachusetts  US,956 Thompson Key,West Springfield,Massachusetts,Hampden County,25013,01089,42.09661277962505,-72.69015690171392,509842.02,856779.92,45446
f8ef7704-51ee-a6ee-9eda-61bec1bc8263,1984-03-14,,999-60-5601,S99972725,X52852604X,Mrs.,Lashay246,France571,Ritchie586,,Feil794,M,white,nonhispanic,F,Boston  Massachusetts  US,312 Feil Harbor Apt 41,Plainville,Massachusetts,Norfolk County,,00000,42.00447573850279,-71.32855730363944,181199.09,323466.30,60299
3c78fcf3-2265-ca1e-782d-3e867e143569,1977-09-05,,999-28-9767,S99910269,X84677195X,Mr.,Steven797,Erasmo545,Walsh511,,,M,white,nonhispanic,M,Cambridge  Massachusetts  US,784 Upton Drive,Westwood,Massachusetts,Norfolk County,,00000,42.24594929198175,-71.20680834237604,98567.07,2270.95,91397
b2ce6a02-b788-61d1-4477-876e441b3589,1977-12-07,,999-43-4725,S99975156,X03004093X,Mrs.,Shauna908,Brook779,Greenholt190,,Reynolds644,M,white,nonhispanic,F,Amherst Center  Massachusetts  US,1093 Gutmann View,Quincy,Massachusetts,Norfolk County,25021,02170,42.265654894474324,-70.97732687113995,9849.77,244324.98,16513
fe205200-4f9d-d8e7-2a33-ef1a3a98418f,2007-02-19,,999-33-4540,S99989291,,Mr.,Clifton91,Darryl392,Mueller846,,,,hawaiian,nonhispanic,M,Boston  Massachusetts  US,1054 Boyle Tunnel Apt 61,Agawam,Massachusetts,Hampden County,25013,01001,42.06344990053959,-72.57846449972412,50696.75,5731.86,92513
a82fe7f3-3270-eb6d-a793-2ecfac4c7651,2007-03-12,,999-38-5825,S99934428,,Ms.,Lou594,Donya787,DuBuque211,,,,white,nonhispanic,F,Worcester  Massachusetts  US,234 Reilly Trail,Amherst Center,Massachusetts,Hampshire County,,00000,42.36357062861225,-72.51439316475772,5642.55,222212.50,15465
07219d0d-0dd4-4adb-ff39-e927ae339bdf,1984-02-16,,999-44-9144,S99910288,X03193580X,Mrs.,In373,Julissa825,Wunsch504,,Yundt842,D,white,nonhispanic,F,Saugus  Massachusetts  US,497 Crooks Passage Apt 45,Dunstable,Massachusetts,Middlesex County,,00000,42.708196124908994,-71.51664885076217,241189.97,391317.28,53782
3a242a36-1cc5-2184-e294-4be726545947,1965-03-23,,999-89-9192,S99913431,X89462596X,Mr.,Newton741,Rudolph554,Gerlach374,,,S,white,nonhispanic,M,Douglas  Massachusetts  US,726 Larson Byway Suite 50,Barnstable,Massachusetts,Barnstable County,25001,02672,41.64494262045747,-70.38579657553858,240722.25,108474.99,34771
5fda5d83-11ec-9f87-29c0-7494cb2b6738,1969-08-29,2021-02-03,999-74-6516,S99914343,X30953021X,Mrs.,Audry167,Jennie425,Lang846,,Bayer639,M,asian,nonhispanic,F,Lynn  Massachusetts  US,592 Reynolds Path,Leominster,Massachusetts,Worcester County,25027,01453,42.6233631724437,-71.80039786494578,685106.45,376710.12,105280
87b11e2c-fe6b-0bdd-b4ef-2a69e617b386,1993-09-15,,999-36-3195,S99985732,X40284996X,Mrs.,Latarsha812,Burma963,Walsh511,,Stanton715,M,white,nonhispanic,F,Sharon  Massachusetts  US,152 Cassin Flat,Sudbury,Massachusetts,Middlesex County,,00000,42.419446179736546,-71.40971100441833,93385.82,175898.82,28316
0d2d04be-ae60-8622-adcb-07d2c30c7c49,2013-07-24,,999-52-1866,,,,Reynaldo722,Stanton715,Heaney114,,,,white,nonhispanic,M,Salem  Massachusetts  US,843 Gleason Lock,Quincy,Massachusetts,Norfolk County,25021,02171,42.29111534551617,-71.04461728926383,10171.62,52268.06,110525
9a456ace-0182-2e99-9e57-0f875040a6bd,1963-09-20,1992-11-02,999-25-1062,S99975680,X93967337X,Mr.,James276,Sebastian508,Ryan260,,,S,white,nonhispanic,M,Fall River  Massachusetts  US,162 Donnelly Gateway Suite 84,Everett,Massachusetts,Middlesex County,25017,02149,42.40264304758518,-71.0832015653826,110642.58,33168.58,34927
c3f06047-fb20-fa84-79cb-068c4a23e869,1963-02-14,,999-69-9709,S99923052,X11066812X,Mr.,Kip442,Tuan998,Hermiston71,,,W,white,nonhispanic,M,Newton  Massachusetts  US,548 Pfeffer Promenade Suite 46,Cambridge,Massachusetts,Middlesex County,25017,02139,42.36076616309712,-71.1559333341084,496910.69,314520.95,42604
ec081a69-d92e-e2ef-aa8c-c34a3e70161f,2019-03-10,,999-21-7856,,,,Sook872,Pamela954,Wisozk929,,,,white,nonhispanic,F,Seekonk  Massachusetts  US,797 Buckridge Green,Quincy,Massachusetts,Norfolk County,25021,02171,42.25803695670279,-71.00940442869629,6716.42,12327.55,31582
38ac4cb8-75da-8c1a-56a9-6ae37aeed7d5,1961-03-10,,999-64-6973,S99955363,X13217377X,Mrs.,Grace552,Ermelinda113,Sipes176,,Ratke343,M,white,nonhispanic,F,Everett  Massachusetts  US,305 McClure Manor Apt 60,Kingston,Massachusetts,Plymouth County,25023,02364,41.94634372705161,-70.70573617065094,262246.04,1134.81,61287
a9ff3a4a-d1d6-7c01-fc7f-687706ba7932,2001-12-25,,999-96-5064,S99988719,X36153863X,Ms.,Farrah946,Cristal338,Kuvalis369,,,,white,nonhispanic,F,Boston  Massachusetts  US,999 Stamm Green Unit 29,Lawrence,Massachusetts,Essex County,25009,01843,42.76162415228944,-71.14582303077934,90306.70,146130.49,38422
67ac1343-3e44-09a3-4314-149374db5220,1989-06-16,,999-42-7682,S99982902,X08748480X,Mrs.,Shandi937,Jeanetta804,Dickinson688,,McLaughlin530,M,white,nonhispanic,F,Taunton  Massachusetts  US,287 Boehm Frontage road Suite 4,Medfield,Massachusetts,Norfolk County,25021,02052,42.1847334529256,-71.35371827434052,272938.90,659694.99,938802
07cceb45-a254-8723-fc2c-eb7bc8a3914c,1958-08-31,2018-12-04,999-44-8461,S99965429,X20481122X,Mrs.,Guadalupe206,,Anaya940,,Collazo246,M,white,hispanic,F,Panama City  Panama  PA,309 Boyer Heights Suite 6,Springfield,Massachusetts,Hampden County,25013,01105,42.16627168146674,-72.57559387270007,24927.98,1197078.65,4458
92ff10a5-af64-0e07-08bd-dd592326891d,2022-12-24,,999-94-7607,,,,Celesta195,,Abbott774,,,,asian,nonhispanic,F,Worcester  Massachusetts  US,166 Hagenes Quay,Wrentham,Massachusetts,Norfolk County,,00000,42.00300697768834,-71.34717610098598,6744.92,5058.61,167662
7744ab9f-205c-d93a-e7dd-7dfbf8d6601d,1963-09-20,,999-57-5856,S99950238,X00917462X,Mr.,Dexter530,David908,Shanahan202,,,M,white,nonhispanic,M,Newburyport  Massachusetts  US,204 McDermott Course Unit 68,Everett,Massachusetts,Middlesex County,25017,02148,42.42358364343209,-71.04143237698482,129835.77,26884.37,34927
c45e1e20-483e-fbaa-b3db-23c5ad4a2bd4,1959-10-15,,999-89-1192,S99982597,X81970751X,Mrs.,Lauren941,,Pagac496,,Trantow673,M,white,nonhispanic,F,Dover  Massachusetts  US,140 Thiel Village Suite 8,Wellesley,Massachusetts,Norfolk County,25021,02481,42.33319955826361,-71.31532206696022,323699.28,914326.09,172495
1c47c9b4-9d34-8a4a-6ccf-6c7c5ca18eb7,2004-11-14,,999-16-7214,S99954827,X53598231X,Mr.,Mauricio81,,VonRueden376,,,,white,nonhispanic,M,Yarmouth  Massachusetts  US,363 Wehner Neck Unit 97,Franklin,Massachusetts,Norfolk County,25021,02038,42.09101278306751,-71.40712822511512,77504.41,2570.52,177225
bd1d3012-db21-fab5-78e6-c99a8cbbdcd4,1969-08-29,,999-72-1850,S99946559,X20715163X,Mrs.,Ermelinda113,Eloisa55,Nikolaus26,,Rogahn59,M,asian,nonhispanic,F,Millbury  Massachusetts  US,440 Anderson Underpass,Leominster,Massachusetts,Worcester County,25027,01420,42.51340999992531,-71.75294007428519,562796.39,24971.64,105280
376524c6-81f2-28c7-9999-ee33b1082be2,1948-04-14,,999-81-2173,S99930767,X80829647X,Mr.,Jesús825,Santiago500,Bernal586,,,M,white,hispanic,M,Juarez  Chihuahua  MX,386 Schuppe Trace Suite 79,East Sandwich,Massachusetts,Barnstable County,25001,02537,41.68348720850595,-70.45445692149542,268861.69,1075028.74,174481
f40dd133-b66d-6a26-225e-fd5f18dde513,1994-12-23,,999-63-3188,S99944147,X32828261X,Mrs.,Ester635,Kristi306,Fahey393,,Mraz590,M,white,nonhispanic,F,Peabody  Massachusetts  US,431 Bayer Village,Marshfield,Massachusetts,Plymouth County,25023,02050,42.095648427426,-70.73110793084521,110945.24,456475.49,228770
e62a00ce-0668-bd67-4f76-4c7e60b59f60,1942-02-17,2017-04-22,999-66-5959,S99915873,X28387417X,Mr.,Jarrod316,Alexander630,Schiller186,,,M,white,nonhispanic,M,Brookline  Massachusetts  US,204 Nader Wynd,Revere,Massachusetts,Suffolk County,25025,02151,42.426418979275525,-71.01401895754766,292387.28,1621450.17,25241
3df585ce-fae8-0f77-b4f6-578d07de19e8,1929-11-26,,999-85-2843,S99941223,X48781699X,Mrs.,Theresia791,Amelia635,Auer97,,Dietrich576,D,white,nonhispanic,F,Dedham  Massachusetts  US,817 Witting Promenade,East Bridgewater,Massachusetts,Plymouth County,,00000,42.07717570753612,-70.95957498500964,870786.27,421827.59,85940
a56fe43a-bf77-2bf0-af0b-f28c13fb221c,2009-10-14,,999-66-3195,S99939064,,,Georgiann138,Gemma107,Lind531,,,,white,nonhispanic,F,Wakefield  Massachusetts  US,831 Breitenberg Trailer,Easthampton,Massachusetts,Hampshire County,25015,01027,42.255673675548685,-72.66164647387325,23701.31,17761.54,32047
95b51462-b3af-369b-f17f-7ae3ddd61375,2009-01-05,,999-63-7460,S99963866,,,Santos184,Tam840,Conroy74,,,,white,nonhispanic,F,Plympton  Massachusetts  US,937 Kessler Rapid Unit 82,North Reading,Massachusetts,Middlesex County,,00000,42.535969568603164,-71.05193300095901,65554.32,0.00,80053
5baec783-ddbc-6b49-8571-e9b9c6965edb,1989-07-16,,999-33-3639,S99932295,X79312308X,Mrs.,Babette571,Kristyn560,Feeney44,,Batz141,M,black,nonhispanic,F,Duxbury  Massachusetts  US,867 Lindgren Camp Suite 3,Cordaville,Massachusetts,Worcester County,,00000,42.28992268101965,-71.48222641271116,113173.36,891237.70,324962
b1c5bc43-80e1-acc8-13e1-a0af1f7ac32c,1973-04-18,2012-08-31,999-76-4665,S99941819,X23487074X,Mr.,Joaquin141,Joseph689,Sanford861,,,D,white,nonhispanic,M,Waltham  Massachusetts  US,428 Grimes Approach Apt 38,Mattapoisett,Massachusetts,Plymouth County,,00000,41.62053460588718,-70.76566167698866,72460.01,0.00,59877
2043c2b2-eed3-f6a0-f4de-6f388c778873,1995-03-20,2017-11-07,999-59-7774,S99958383,X85824131X,Mr.,Deangelo7,Gilberto712,Koelpin146,,,,white,nonhispanic,M,North Scituate  Massachusetts  US,566 Parisian Light,Boston,Massachusetts,Suffolk County,25025,02116,42.264747918322875,-71.15753550133181,111686.75,655572.11,35818
d6488921-2a25-3ea6-7411-f88bbe0e3912,1973-09-02,2001-11-11,999-15-1496,S99986782,X39753586X,Mrs.,Hermina428,Eliz744,Schimmel440,,Renner328,M,white,nonhispanic,F,Hudson  Massachusetts  US,138 Hand Throughway Unit 23,Marlborough,Massachusetts,Middlesex County,25017,01752,42.38443101219391,-71.56370628625243,186510.24,75745.83,88252
559c5be7-6f15-030d-0fb4-71535b25d215,1961-10-29,,999-43-2195,S99937092,X72890716X,Mr.,Jim478,,Smith67,,,M,white,nonhispanic,M,Revere  Massachusetts  US,262 Abernathy Alley,Yarmouth Port,Massachusetts,Barnstable County,25001,02675,41.752593837253364,-70.26967238128522,123779.80,250427.85,683267
9a2e7ba2-2a00-40f4-b9ac-bd56c5679c03,1984-07-10,,999-15-8995,S99966197,X99555957X,Mrs.,Su690,Mandy775,Christiansen251,,Buckridge80,M,black,nonhispanic,F,Lawrence  Massachusetts  US,572 Murphy Gate Suite 80,Brockton,Massachusetts,Plymouth County,25023,02351,42.04284592110903,-71.00223999554282,611080.75,112219.67,81246
5883a91e-3b4f-681b-7954-333f36945bc0,1991-02-01,,999-67-2325,S99974353,X09823935X,Mr.,Jan231,Shaun461,Tillman293,,,M,hawaiian,nonhispanic,M,Arlington  Massachusetts  US,180 Fahey Junction Apt 63,Reading,Massachusetts,Middlesex County,25017,01801,42.576956068665005,-71.06292968229415,122725.48,597864.00,32666
6e7de428-4848-faaa-4467-c7b95e648a36,1958-08-31,,999-22-6841,S99936447,X73071478X,Mrs.,Lourdes258,María Luisa888,Armas910,,Rendón540,D,white,hispanic,F,La Paz  Baja California  MX,415 Turcotte Fork,Springfield,Massachusetts,Hampden County,25013,01109,42.14322160155171,-72.60272013665534,19792.50,1482477.60,4458
f4338d85-ad2d-004e-159a-fa79ad893ca4,2009-11-10,,999-55-2353,S99989389,,,Clyde817,Mana631,Kemmer137,,,,white,nonhispanic,F,Haverhill  Massachusetts  US,921 Brown Loaf Unit 23,Shutesbury,Massachusetts,Franklin County,,00000,42.437202726872115,-72.39831423291781,60217.03,603996.37,124962
ce57a9f1-152b-0a9c-0211-a3ce7da98862,1918-07-13,,999-79-2584,S99921488,X51545893X,Mr.,Morton637,Jeffry142,Pfeffer420,,,M,white,hispanic,M,Spencer  Massachusetts  US,1019 Larkin Heights,South Yarmouth,Massachusetts,Barnstable County,25001,02664,41.72267208179488,-70.15501518206901,278031.43,315221.39,49682
98d30e37-0985-8308-6899-a2f4af58ad89,1973-04-18,,999-56-9861,S99987303,X02081955X,Mr.,Maria750,Rich940,Streich926,,,M,white,nonhispanic,M,Bliss Corner  Massachusetts  US,190 Koss Parade,Mattapoisett,Massachusetts,Plymouth County,,00000,41.649922052163696,-70.77317871911919,134070.90,29452.72,59877
b5492536-d7e7-5663-ef2d-cc0d9a87573a,1957-08-18,,999-39-6860,S99989658,X44134250X,Mr.,Jonas187,Jerald662,Watsica258,,,M,white,nonhispanic,M,Millbury  Massachusetts  US,809 Walsh Brook Unit 75,Barnstable,Massachusetts,Barnstable County,25001,02675,41.671670316008736,-70.31616355224432,182886.75,67510.54,71706
62bce913-a5c3-e64a-b7fe-22b2d747de89,1995-03-20,,999-19-7405,S99981820,X59799041X,Mr.,Sidney996,Adam631,Brekke496,,,S,white,nonhispanic,M,Peabody  Massachusetts  US,630 Goldner Green Suite 76,Boston,Massachusetts,Suffolk County,25025,02135,42.35634052221242,-71.1141853480005,58900.87,64831.07,35818
cf871b66-be5e-4541-fa6c-d615c6fb8247,1973-09-02,,999-41-3195,S99990142,X24903081X,Mrs.,Connie24,Maybell872,Wunsch504,,Erdman779,M,white,nonhispanic,F,Andover  Massachusetts  US,1068 Nolan Divide,Marlborough,Massachusetts,Middlesex County,25017,01752,42.33767282373346,-71.5697981079767,442932.01,92011.20,88252
3588fed4-ccde-b8bd-23b1-6a7f901f300f,1969-10-18,,999-72-9270,S99936379,X05462978X,Mr.,Alonzo487,Lucas404,Reinger292,,,M,white,nonhispanic,M,Nantucket  Massachusetts  US,376 Bins Dam,Weymouth,Massachusetts,Norfolk County,25021,02189,42.2406749235818,-70.9388147205221,138689.93,0.00,98111
e59ca15d-362c-d6f6-3b0e-4ec1aa10c812,1962-12-10,,999-33-2061,S99951383,X99392742X,Mr.,Reid278,,Hammes673,,,S,white,nonhispanic,M,Gardner  Massachusetts  US,447 Weissnat Boulevard,Fall River,Massachusetts,Bristol County,25005,02723,41.71378579694347,-71.1260407027842,202240.87,126155.19,41767
cb763c6f-e925-f995-e8a3-6bb29894df9b,2011-09-13,,999-52-2113,,,,Irma773,Adaline602,Schmeler639,,,,white,nonhispanic,F,Great Barrington  Massachusetts  US,1044 Kunze Path,Methuen,Massachusetts,Essex County,25009,01844,42.695334253734345,-71.18934335753521,57481.01,284640.99,103099
aa6be42d-e02e-4bd0-c217-68cdd84513a7,1990-06-25,,999-25-8355,S99912594,X47321716X,Mr.,Jamey282,Donovan745,Boyle917,,,M,white,nonhispanic,M,Boston  Massachusetts  US,996 Yost Glen Unit 11,Dedham,Massachusetts,Norfolk County,25021,02090,42.20763159924046,-71.1935941739273,459552.09,286596.05,110134
6f8575cc-3fa1-e93f-ca68-fe50e3af9005,1981-11-29,,999-73-8254,S99939723,X47614378X,Mr.,Marcos263,José3,Hernandes724,,,M,white,hispanic,M,Guatemala City  Guatemala  GT,174 Cormier Gateway Apt 43,Acton,Massachusetts,Middlesex County,,00000,42.528567487964715,-71.48160256108406,7505.35,123510.06,16589
08fb8545-14c8-7b61-2363-b9311420f51e,1999-07-06,,999-19-4280,S99949074,X38897884X,Ms.,Pauletta164,Tennille443,Lynch190,,,,asian,nonhispanic,F,Somerville  Massachusetts  US,907 Mann Ramp,Rutland,Massachusetts,Worcester County,25027,01543,42.41895951194821,-72.00018133533833,112391.32,108407.31,129719
8a1e9c80-faa6-a5f7-d970-9e9362a84cb6,2011-05-20,,999-39-2509,,,,Louis204,Brent147,Kuhlman484,,,,white,nonhispanic,M,Worcester  Massachusetts  US,880 Roob Knoll Suite 12,Wellesley,Massachusetts,Norfolk County,25021,02481,42.33789956702292,-71.27049275671463,49334.14,6718.55,830650
7ef27880-97bb-be96-9812-ef2c146feace,2011-01-25,,999-53-8607,,,,Samatha845,Lesia354,Lakin515,,,,white,nonhispanic,F,Peabody  Massachusetts  US,145 McDermott Gardens Apt 45,Carver,Massachusetts,Plymouth County,,00000,41.921560386438465,-70.70531333010535,2488.59,36861.25,21217
3497cf85-5e24-365a-0692-f1314f08ed87,1996-02-28,,999-16-9174,S99919722,X69838692X,Mr.,Efrain317,Rashad361,Strosin214,,,M,white,nonhispanic,M,Worcester  Massachusetts  US,290 Blanda Byway,Lawrence,Massachusetts,Essex County,25009,01843,42.71069396674466,-71.12905598665395,45581.41,17288.01,96252
c064a277-ef30-fcee-e17f-a2afb5f45f36,2010-12-07,,999-33-1209,,,,Theron432,Maria750,Zboncak558,,,,hawaiian,nonhispanic,M,Brookline  Massachusetts  US,945 Von Track Apt 44,Douglas,Massachusetts,Worcester County,,00000,42.0770117185165,-71.74316821405567,36785.56,379639.15,96664
ce48bb2b-faea-dfcd-c5d9-2695216118e5,1974-08-14,,999-61-5570,S99918308,X85277828X,Ms.,Rayna237,,Hermann103,,,S,white,nonhispanic,F,Mendon  Massachusetts  US,340 Bailey Junction Suite 68,Worcester,Massachusetts,Worcester County,25027,01610,42.2973965524549,-71.80602652836367,16121.96,787751.93,3605
ab4db7bd-4b50-7ed1-eb3a-95d26a07f834,2023-10-18,,999-56-9141,,,,Shera199,Sherry479,Zulauf375,,,,black,nonhispanic,F,Tyngsborough  Massachusetts  US,607 Gerlach Lodge Apt 73,Revere,Massachusetts,Suffolk County,25025,02151,42.43569270098774,-70.96949282478674,6355.45,7925.75,85829
c40b8068-a04a-096f-6520-56ab70b12278,1994-02-12,,999-65-9690,S99959724,X10887348X,Ms.,Carylon722,Raylene798,Sauer652,,,S,white,nonhispanic,F,Winchester  Massachusetts  US,567 Rempel Camp,East Longmeadow,Massachusetts,Hampden County,,00000,42.03847855638942,-72.53090365308124,155057.71,220368.11,77352
c4b846ca-8b2e-6120-9a51-3d86203f72e5,1984-08-25,,999-14-7268,S99981789,X63600107X,Mrs.,Alexandra16,,Swift555,,Jacobi462,W,black,nonhispanic,F,Tisbury  Massachusetts  US,315 Donnelly Ramp,Brockton,Massachusetts,Plymouth County,25023,02302,42.064503201703126,-71.01930331804687,196818.16,509498.42,170902
55aad56f-743b-c6b2-f24b-8b13962d008d,1979-01-22,,999-55-4640,S99911642,X90692322X,Mrs.,Marta91,Justin359,Sanford861,,Corwin846,M,white,nonhispanic,F,Hopkinton  Massachusetts  US,432 Prosacco Estate,Wakefield,Massachusetts,Middlesex County,25009,01940,42.48992943561277,-71.07840359612672,314110.36,742017.65,143173
e98a7c25-e0c4-d5cc-7330-b2f15cae9cbf,1999-04-16,,999-10-4285,S99911798,X62916395X,Mr.,Colby655,Everette494,Skiles927,,,,white,nonhispanic,M,Weston  Massachusetts  US,1007 Braun Rest,Boston,Massachusetts,Suffolk County,25025,02125,42.34793375760755,-71.05105190443638,68032.01,12550.11,661013
a6dd013d-b4ea-c902-e130-d277311f83e4,1998-06-26,,999-10-9115,S99985468,X32629404X,Mrs.,Madie300,Kellee902,Rice937,,Fahey393,M,white,nonhispanic,F,Boston  Massachusetts  US,168 Gutmann Key,Easthampton,Massachusetts,Hampshire County,25015,01027,42.260949314127075,-72.77184977536187,144593.27,87554.91,88523
c32ebe4d-6e23-4770-ca7d-d8576bb7aae0,1974-08-26,,999-36-7464,S99984998,X22188902X,Mrs.,Karan473,Aide521,Swaniawski813,,Conroy74,M,white,hispanic,F,Hopkinton  Massachusetts  US,662 Mitchell Gardens Unit 76,Chelsea,Massachusetts,Suffolk County,25017,02149,42.40019867781607,-70.99557638259662,269975.04,473808.61,129561
87f0b00e-5d94-4718-7084-27f7d7d6a0c0,1995-03-29,,999-52-6129,S99962501,X39206314X,Mr.,Sergio619,Dave764,Hodkiewicz467,,,M,white,nonhispanic,M,Boston  Massachusetts  US,916 Bergnaum Walk,Amesbury,Massachusetts,Essex County,25009,01913,42.84577795716856,-70.93067835477542,106902.04,650078.29,88523
f0aa6a0b-5a6e-6ab1-7d80-4f5ccaafe972,2006-12-12,,999-83-1513,S99984975,,Mr.,Tyson541,Gale827,Bins636,,,,white,nonhispanic,M,Fall River  Massachusetts  US,914 Romaguera Wall Suite 38,Gardner,Massachusetts,Worcester County,25027,01440,42.59470361096223,-71.98430220485663,3420.00,65294.82,10751
9b18824e-1c1d-261e-f77e-61b85bc387ae,2003-05-05,,999-77-8289,S99950369,X27266305X,Mr.,Milton509,,Fritsch593,,,,white,nonhispanic,M,Salem  Massachusetts  US,211 Bergstrom Knoll Unit 94,Taunton,Massachusetts,Bristol County,25005,02767,41.9210243426498,-71.09818644144954,64816.70,0.00,46720
db666c0d-d7c6-087b-9f4c-ce27aaad115c,2004-04-13,,999-11-9044,S99984619,X92607852X,Ms.,Assunta351,,Wuckert783,,,,white,nonhispanic,F,Gloucester  Massachusetts  US,231 Dare Corner,Fitchburg,Massachusetts,Worcester County,25027,01420,42.622337390782945,-71.8484138752646,76933.45,101969.35,38874
167f91f5-519b-21ab-da4b-1c89e0fb5570,1993-11-05,,999-29-3130,S99977743,X46262983X,Mr.,Lon587,Todd315,Yundt842,,,M,white,nonhispanic,M,Chicopee  Massachusetts  US,472 Schulist Branch,Sudbury,Massachusetts,Middlesex County,,00000,42.425577929054455,-71.40529221340964,19065.25,728606.98,63338
bec6cf9e-4c89-3bfe-02ae-e0cba7ddf391,1974-05-19,,999-91-4030,S99940742,X01201408X,Ms.,Jacalyn740,,Carter549,,,S,white,nonhispanic,F,Chicopee  Massachusetts  US,611 Turner Lodge Suite 27,Quincy,Massachusetts,Norfolk County,25021,02169,42.24221744086841,-70.97905781492848,16624.77,996582.26,6809
7d57f086-4982-8488-3041-f4adaf5cf075,1986-05-14,2019-06-25,999-16-4691,S99939229,X55873632X,Mr.,Graig740,,Satterfield305,,,M,white,nonhispanic,M,Wakefield  Massachusetts  US,375 Paucek Trace,Worcester,Massachusetts,Worcester County,25027,01583,42.28260395189736,-71.87889984290503,11407.94,132710.28,4798
0932488f-6a0f-5c76-8717-e6e6d84fce97,1975-05-17,,999-73-1037,S99925860,X81915803X,Ms.,Isabella615,,Paucek755,,,S,white,nonhispanic,F,Medford  Massachusetts  US,638 Runolfsson Road Unit 54,Reading,Massachusetts,Middlesex County,25017,01867,42.54373057443505,-71.07898430541654,280523.86,395985.08,196044
69ba472f-23a1-bf56-a051-e20bd93d4b18,1992-01-16,,999-74-1856,S99939629,X98957232X,Mr.,Mauricio81,,Bergnaum523,,,M,white,nonhispanic,M,Marlborough  Massachusetts  US,728 Armstrong Course,Southbridge,Massachusetts,Worcester County,25027,01550,42.1046679421643,-72.03336151620837,82649.36,13807.27,38975
45f55a83-897d-8b33-2745-90621ab0f225,2019-04-04,,999-69-2437,,,,Alona471,,Bosco882,,,,white,nonhispanic,F,Dudley  Massachusetts  US,227 O'Conner Heights Unit 44,Wilbraham,Massachusetts,Hampden County,25013,01095,42.11076488384137,-72.44880869601498,23499.26,603.77,924531
41df9eed-ea01-e217-58b7-c6cafb6de993,2002-02-25,,999-25-6594,S99928112,X64712622X,Mr.,Valentine262,Tobias236,Dare640,,,,black,nonhispanic,M,Dartmouth  Massachusetts  US,984 King Manor Unit 28,Haverhill,Massachusetts,Essex County,25009,01832,42.832478878589875,-71.17696058938174,38391.05,40466.18,62918
e26cb40f-9af2-8649-98cf-474447bc29b0,1958-09-15,,999-83-4448,S99926767,X21404323X,Mrs.,Lennie123,,Wyman904,,Feil794,M,white,nonhispanic,F,Watertown  Massachusetts  US,971 Davis Parade,Worcester,Massachusetts,Worcester County,25027,01610,42.30173665901971,-71.83879128973405,103949.04,1036173.94,1088
55e2396e-1fe6-c125-bd64-bb72c9f8147e,1980-02-17,1990-01-05,999-71-6804,,,,Sheena120,,Balistreri607,,,,white,nonhispanic,F,Everett  Massachusetts  US,884 Lebsack Drive Unit 60,Quincy,Massachusetts,Norfolk County,25021,02170,42.28366528219143,-71.01602082943043,2495.86,19229.34,4780
93bc576c-1a89-e173-55c7-1d8dd3905591,1977-08-05,,999-58-4211,S99921168,X12800213X,Ms.,Angela104,Conception120,Kunde533,,,S,white,nonhispanic,F,Pepperell  Massachusetts  US,339 Runolfsdottir Viaduct,Raynham Center,Massachusetts,Bristol County,25005,02768,41.94175027965231,-71.0195394770281,87176.78,272522.70,23890
9de90bba-b27c-d463-a14e-c398c5ae7d37,1963-09-11,,999-30-2563,S99964194,X83105057X,Mrs.,Lorraine478,Jenine75,Grimes165,,Pacocha935,D,black,nonhispanic,F,Boston  Massachusetts  US,753 Mraz Village Unit 44,Rockport,Massachusetts,Essex County,25009,01966,42.622893534448565,-70.60469940910163,94852.64,1374085.97,144009
052392ea-f3fc-e66c-2932-d2fabe50622b,1946-10-01,2021-04-06,999-20-2552,S99989937,X99730938X,Mrs.,Tristan353,Shona685,Muller251,,Will178,D,white,nonhispanic,F,Somerset  Massachusetts  US,1034 Considine View,Springfield,Massachusetts,Hampden County,25013,01118,42.07590500374195,-72.59678940959765,1039496.86,963456.22,48697
ff874bbe-2ed0-0d94-677a-c1a704a81bbe,1964-10-05,,999-88-6474,S99988898,X75682713X,Mrs.,Charmaine338,Gaye230,Runolfsson901,,Mante251,M,white,nonhispanic,F,Chicopee  Massachusetts  US,996 Waters Highlands Unit 81,Chester,Massachusetts,Hampden County,25003,01011,42.32776658622941,-72.96784665594532,367773.25,687499.23,29539
6f63615b-7499-efe9-b09b-a609f68c36e4,1972-06-04,,999-82-4296,S99959579,X73006079X,Ms.,Joline447,Apolonia139,Schneider199,,,S,white,nonhispanic,F,Sharon  Massachusetts  US,679 Feeney Common Unit 52,Ludlow,Massachusetts,Hampden County,,00000,42.19501000332386,-72.46625674507318,790701.05,485976.66,50942
13a7b6d2-20d5-9635-9651-92278d79b168,1986-05-14,,999-21-4757,S99971698,X81137355X,Mr.,Prince887,Gaylord332,Emard19,,,M,white,nonhispanic,M,Bridgewater  Massachusetts  US,297 Gislason Mews,Worcester,Massachusetts,Worcester County,25027,01545,42.26086581959505,-71.80885998920269,13799.66,157896.63,4798
292fe244-348b-d086-7931-c398f6acafab,1955-10-06,,999-36-1210,S99930714,X84930311X,Ms.,Larraine124,Liza900,Herzog843,,,S,white,nonhispanic,F,Marblehead  Massachusetts  US,440 Considine Union Unit 70,Duxbury,Massachusetts,Plymouth County,25023,02332,42.08722461922707,-70.70826766702474,1171910.98,198751.90,94682
a70f2cf2-0582-30fb-d128-c0877b225943,1981-08-31,,999-71-3285,S99972785,X31864786X,Mr.,Raymundo71,Ward668,Rogahn59,,,M,white,nonhispanic,M,North Brookfield  Massachusetts  US,335 Corkery Ville,West Springfield,Massachusetts,Hampden County,25013,01089,42.095686145561864,-72.65387613639798,75145.46,260.33,146175
29d0ebe7-5362-39a6-9c1c-1d61791a1478,2012-11-06,,999-82-2973,,,,Allan198,Sammie902,Ebert178,,,,white,hispanic,M,Plymouth  Massachusetts  US,653 Crist Forge,Somerville,Massachusetts,Middlesex County,25017,02155,42.38108249571189,-71.09032433452403,42928.38,18340.25,34408
21a32145-6ba3-e062-41b0-caa5e0430e37,1994-07-15,,999-35-1903,S99940325,X67283165X,Mr.,Bryon392,,Larkin917,,,M,white,nonhispanic,M,Lynn  Massachusetts  US,953 Douglas Ranch Unit 90,Newbury,Massachusetts,Essex County,,00000,42.79302327058411,-70.82519628963696,89498.28,8928.81,198597
48ac910a-a17f-6c3d-b91c-a76977b69701,1991-05-08,,999-38-3071,S99945332,X64388013X,Mrs.,Raven88,,Eichmann909,,Moen819,M,black,nonhispanic,F,Billerica  Massachusetts  US,781 Corkery Path,Boston,Massachusetts,Suffolk County,25025,02215,42.356808111268165,-71.1503534660479,9272.12,615470.89,7990
49cd6263-f8b9-eb1b-5a31-3e6960f6bcea,1980-02-17,,999-22-5842,S99939325,X01216099X,Mrs.,Yolando662,Leeann571,Walter473,,Lowe577,M,white,nonhispanic,F,Hanover  Massachusetts  US,186 Kshlerin Rue,Quincy,Massachusetts,Norfolk County,25021,02170,42.25756628831612,-71.0197679225192,17372.86,391069.52,4780
37094dd1-e2af-5b8f-62c5-64bcf3791691,2012-08-13,,999-89-9165,,,,Tiffani287,Katharina121,Renner328,,,,black,nonhispanic,F,New Bedford  Massachusetts  US,1039 Altenwerth Dale,Cambridge,Massachusetts,Middlesex County,25017,02472,42.33505719316622,-71.1124624391784,50962.44,3119.66,721072
9ed0f2d7-6831-24c9-7b8d-b2fda6bf2c5a,1995-09-12,,999-99-9444,S99937888,X98963709X,Mrs.,Sol312,Brandie19,Hackett68,,Kuhn96,M,white,nonhispanic,F,Medway  Massachusetts  US,685 DuBuque Key,Wakefield,Massachusetts,Middlesex County,25009,01940,42.520508954742056,-71.02265012973959,7919.86,399320.34,18107
10d8a0b4-af9d-9b24-7294-f1fee0a9d65f,2014-04-13,,999-24-9265,,,,Francis500,Jolanda321,Morar593,,,,white,nonhispanic,F,Millis-Clicquot  Massachusetts  US,482 Murray Promenade,Sharon,Massachusetts,Norfolk County,25021,02067,42.12288233893592,-71.14279576191164,25088.22,18367.24,40255
b2968a6f-80f9-81dc-eeb6-9e787bd656f3,1972-09-22,,999-52-7932,S99939547,X66887810X,Mr.,Rhett759,Luis923,Tremblay80,,,M,black,nonhispanic,M,Methuen  Massachusetts  US,668 Bartoletti Rapid Unit 50,Brockton,Massachusetts,Plymouth County,25023,02351,42.12497495226232,-70.94210292978218,102637.34,84491.42,42573
5f633769-f591-4af0-9fa0-f505d9c61388,1961-08-30,,999-93-1824,S99987372,X87523982X,Mr.,Tod265,Bruno518,Cruickshank494,,,S,white,nonhispanic,M,Lynn  Massachusetts  US,200 Yost Divide Apt 64,North Reading,Massachusetts,Middlesex County,,00000,42.549979073256,-71.10574574470823,158447.43,51949.50,649953
6e87f146-bb03-0a83-63ef-0bec2ce0e160,2002-11-20,,999-18-3121,S99912168,X18234665X,Mr.,Antonio44,Tod265,Crist667,,,,white,nonhispanic,M,Cambridge  Massachusetts  US,588 Christiansen Terrace Suite 52,Boston,Massachusetts,Suffolk County,25025,02152,42.36113125200802,-71.11908499220502,61649.98,0.00,114505
72518654-f323-3eef-3d4d-77d89d9dfb04,1995-09-02,,999-70-8721,S99940930,X72169791X,Ms.,Denny560,Ashlea10,MacGyver246,,,S,white,nonhispanic,F,Maynard  Massachusetts  US,271 Bradtke Orchard,Cambridge,Massachusetts,Middlesex County,25017,02140,42.390730714820265,-71.04086928843589,13356.35,1278941.11,12398
9d38094a-8397-7d44-ac4e-bd7623ebc594,1982-09-10,,999-29-2677,S99967432,X04363826X,Ms.,Sonja137,Brynn361,Abernathy524,,,S,white,nonhispanic,F,Worcester  Massachusetts  US,193 Lockman Green Apt 7,Medford,Massachusetts,Middlesex County,25017,02155,42.43472713436796,-71.15231680668776,349047.72,264507.45,53212
dc432068-022a-4163-20bb-3c2c37bfceb4,1946-10-01,,999-18-7032,S99985544,X37383703X,Mrs.,Callie226,Mathilda200,Reilly981,,Heller342,M,white,nonhispanic,F,Wellesley  Massachusetts  US,701 Beier Passage,Springfield,Massachusetts,Hampden County,25013,01106,42.19438018013075,-72.62845920062604,878226.30,318495.20,48697
ce1ca1cf-adec-3716-a5cc-f3a449f4f226,1942-02-17,,999-44-7223,S99937261,X04249548X,Mr.,Brooks264,Carmen818,Brown30,,,S,white,nonhispanic,M,Pittsfield  Massachusetts  US,141 Wolff Stravenue,Revere,Massachusetts,Suffolk County,25025,02151,42.447886893923034,-70.99473641614675,273441.06,2005290.96,25241
1d2206bc-a60b-e41b-54b3-a45cd185b9ea,1955-04-14,1994-01-11,999-62-2772,S99925384,X99027289X,Ms.,Loree183,,Gusikowski974,,,S,white,nonhispanic,F,Nice  Provence-Alpes-Cote d'Azur  FR,602 Abshire Flat Suite 66,Stoneham,Massachusetts,Middlesex County,25017,02180,42.506437706242274,-71.13194688578483,124577.55,258925.09,615818
cf0a0667-673e-6165-ff3b-6209092772a5,1957-10-07,1993-06-28,999-77-1346,S99979049,X00338576X,Mrs.,Elnora999,Doreen575,Rau926,,Schulist381,M,white,nonhispanic,F,Newton  Massachusetts  US,313 Quitzon Plaza Suite 75,Boston,Massachusetts,Suffolk County,25025,02125,42.406119078300726,-71.056342233592,421217.78,139885.01,42403
391e0033-470d-e59b-d7cc-88878e487efc,1989-03-14,,999-98-8488,S99980050,X41343695X,Mrs.,Trinity427,Cyndy549,Nicolas769,,Welch179,M,white,nonhispanic,F,Westport  Massachusetts  US,837 Wisoky Burg Unit 53,Hanover,Massachusetts,Plymouth County,,00000,42.161923347576725,-70.88886769633523,176725.26,480720.11,62692
0921f528-2a09-0f2e-b04c-d4d9a6bbe612,1942-03-27,,999-84-2748,S99996022,X43282118X,Mrs.,Aide521,Ivana95,Lesch175,,Price929,M,black,nonhispanic,F,Boston  Massachusetts  US,129 Hane Gateway,Belmont,Massachusetts,Middlesex County,25017,02138,42.39308485077151,-71.08913688635225,179346.47,1083383.24,302854
ee0f29e6-88bf-5406-42ac-c4a2ed018046,1939-02-10,,999-21-8800,S99924244,X36005077X,Mrs.,Bee658,Magaret757,Rolfson709,,Cormier289,M,white,hispanic,F,Brimfield  Massachusetts  US,838 Adams Parade,Lawrence,Massachusetts,Essex County,25009,01841,42.73304538266999,-71.14958138126192,28872.27,1721165.10,17509
e43c6f7c-d057-236e-8d38-02d32bf3ac8d,1952-02-12,,999-83-9225,S99935758,X97177893X,Mr.,Elwood28,Hal307,Nienow652,,,S,white,nonhispanic,M,Westminster  Massachusetts  US,309 Larkin Light Unit 64,Randolph,Massachusetts,Norfolk County,25021,02368,42.18793627798132,-71.00229671523131,151376.02,115254.11,25731
b8a37038-5874-87dc-74e2-0f50e5823325,1980-01-27,,999-50-8430,S99925911,X60567068X,Mrs.,Alexia646,,Russel238,,Denesik803,M,white,nonhispanic,F,Weston  Massachusetts  US,808 Olson Gateway,Uxbridge,Massachusetts,Worcester County,,00000,42.08252088952922,-71.6651322371485,199881.39,287665.89,174007
89156e4d-ff94-f442-a1c1-0aa7cdb1c2ec,1977-03-10,,999-56-7651,S99981967,X85319374X,Ms.,Katina266,Shanna635,Rowe323,,,S,asian,nonhispanic,F,Plainville  Massachusetts  US,119 McLaughlin Mission,Lincoln,Massachusetts,Middlesex County,,00000,42.410172248439764,-71.35920301605891,172662.06,835567.16,647128
e400c4d0-824b-1d78-faeb-af01ee6646a2,1977-02-13,,999-82-1342,S99935567,X70242955X,Ms.,Naomi520,,Welch179,,,S,white,nonhispanic,F,Springfield  Massachusetts  US,474 Russel Junction,Dartmouth,Massachusetts,Bristol County,,00000,41.51825864455782,-70.98620134355865,383569.97,1121684.54,508153
46f6e17c-0dc7-d1a5-e7bd-af30243c063a,1987-06-03,,999-83-2396,S99990656,X10065423X,Mr.,Chance908,Stewart672,Green467,,,S,white,nonhispanic,M,Palermo  Sicily  IT,449 Stiedemann Meadow Apt 3,Malden,Massachusetts,Middlesex County,25017,02155,42.44426269084669,-71.06127986258166,112404.07,43.20,65431
9df44258-a937-3e19-a6f2-a9ba0436d435,1975-01-21,,999-15-3130,S99959058,X62932454X,Mr.,Chauncey770,Ray930,Hintz995,,,M,white,nonhispanic,M,Boston  Massachusetts  US,1016 Gutmann Vista Suite 30,Barnstable,Massachusetts,Barnstable County,25001,02655,41.67943444602341,-70.3752875465295,78300.01,228251.95,33898
486cabba-bd49-3758-5a31-1be6f0bdb232,1946-04-18,2017-04-07,999-18-5377,S99950080,X03238039X,Mr.,Frank378,Anthony633,Kautzer186,,,W,white,nonhispanic,M,Stoneham  Massachusetts  US,825 Stehr Route,Brockton,Massachusetts,Plymouth County,25023,02301,42.053003540692956,-70.98633784266994,698700.36,489076.86,56364
fb129ccb-6177-89f6-64ca-8047e3eed339,2015-02-18,,999-50-5133,,,,Mohamed943,,Nicolas769,,,,white,nonhispanic,M,Bernardston  Massachusetts  US,169 Parker Dale Unit 76,Sturbridge,Massachusetts,Worcester County,25027,01507,42.15480086342834,-71.98182111579601,17092.75,12680.96,194669
5c5dd578-b535-1589-56ea-fed1c1697ea3,2001-08-30,,999-97-3001,S99980459,X01097634X,Ms.,Lila466,Claris36,Vandervort697,,,,white,nonhispanic,F,Marseille  Provence-Alpes-Cote d'Azur  FR,520 Douglas Skyway,Lynn,Massachusetts,Essex County,25009,01940,42.499111173242824,-70.97427037347929,54745.79,28374.73,65332
804a45bf-6ffd-57d1-7dca-726922b9cfce,1993-01-11,,999-67-8645,S99984009,X65812754X,Mrs.,Heide509,Daisy746,Douglas31,,Waelchi213,M,white,nonhispanic,F,Belmont  Massachusetts  US,668 Altenwerth Road,Falmouth,Massachusetts,Barnstable County,25001,02540,41.61218746352843,-70.5740782090758,136189.22,191064.46,89612
fac3ef65-947f-6b08-8428-3ae38096b91a,1977-08-04,,999-58-3908,S99957843,X46564550X,Mr.,Darrin898,Alphonso102,Aufderhar910,,,S,white,nonhispanic,M,Framingham  Massachusetts  US,159 Reichert Approach,Worcester,Massachusetts,Worcester County,25027,01609,42.245615376405674,-71.81848171780783,7708.54,124366.09,12471
477036a3-840d-3a22-925e-141cb53beb66,1952-07-22,,999-43-6017,S99996733,X35723862X,Mr.,Burl285,Glenn0,Cronin387,,,M,white,nonhispanic,M,Boston  Massachusetts  US,999 Leannon Byway Suite 31,Plymouth,Massachusetts,Plymouth County,25023,02360,41.84949926266018,-70.67123472695552,241951.11,550526.94,45248
7c831059-4695-9929-0378-02985246276b,2008-05-10,,999-47-3973,S99928777,,Mr.,Eli762,Lucio648,Braun514,,,,white,nonhispanic,M,Boston  Massachusetts  US,643 Gaylord Mall Apt 67,Leominster,Massachusetts,Worcester County,25027,01420,42.500965045287685,-71.7925079568646,49958.59,16161.35,110908
40140388-3f83-f6f5-dd96-6ae85aaecee0,1955-04-14,,999-78-4557,S99956489,X27626679X,Mrs.,Lynnette27,Mana631,Hamill307,,Hamill307,D,white,nonhispanic,F,Toulouse  Occitanie  FR,1005 Schuppe Trailer Apt 83,Stoneham,Massachusetts,Middlesex County,25017,02180,42.47146196167806,-71.06957126801339,172026.31,690141.05,615818
e2023575-5410-6286-9492-9f8016cbcb9f,1992-06-12,,999-49-6933,S99980783,X27016830X,Mrs.,Kina737,Clair921,Leffler128,,Spencer878,M,white,nonhispanic,F,Norwell  Massachusetts  US,359 Mayer Alley,Westfield,Massachusetts,Hampden County,25013,01086,42.15750210139336,-72.70723728660637,892865.39,493972.69,80295
82fdce78-d1c1-9a4b-f694-52609957dec6,1957-10-07,,999-26-6600,S99951931,X07974712X,Mrs.,Jannie509,Francine922,Paucek755,,Huel628,D,white,nonhispanic,F,Easthampton  Massachusetts  US,415 Zulauf Ferry,Boston,Massachusetts,Suffolk County,25025,02122,42.35944168936035,-71.05616622294119,812521.75,644464.36,42403
288729b0-ad26-7934-5c47-956fb109a89b,1968-03-26,,999-87-8733,S99993048,X94677529X,Mrs.,Dorothy355,Ardith914,Hansen121,,Hirthe744,D,asian,nonhispanic,F,Fall River  Massachusetts  US,1083 Predovic Branch,Wilmington,Massachusetts,Middlesex County,25017,01887,42.5927267591614,-71.2008355967583,677722.62,406830.56,66240
9fad3c6a-62f7-7c9a-b758-a67eec7ce71c,1997-11-18,,999-26-9056,S99968424,X28182416X,Mr.,Korey682,,Bernhard322,,,M,white,nonhispanic,M,Somerville  Massachusetts  US,166 Rohan Park Suite 95,Dartmouth,Massachusetts,Bristol County,,00000,41.52360573752846,-70.94767898326846,144137.62,11029.64,40260
8ee01327-7c4e-0d66-743f-73bc2756dc72,2005-09-30,,999-16-2535,S99945224,X36534633X,Ms.,Saturnina961,Audrie782,Shanahan202,,,,white,nonhispanic,F,Billerica  Massachusetts  US,375 Beahan Dale Suite 5,Orleans,Massachusetts,Barnstable County,25001,02653,41.730388087731804,-70.01672158982197,50439.37,86459.22,101147
7ddbdfb0-279a-5016-915f-5fe8412b90c7,1972-01-02,,999-29-9763,S99948319,X98549596X,Ms.,Jammie261,Delaine470,Kuhic920,,,S,white,nonhispanic,F,Framingham  Massachusetts  US,369 Little Drive Apt 0,North Reading,Massachusetts,Middlesex County,,00000,42.62581711255142,-71.09796767210653,244267.03,575029.33,27727
3b55bbd3-3b15-bdca-907c-5ea86728bd9d,1985-10-18,,999-68-5457,S99922758,X50243264X,Mr.,Ike571,Roman389,Swaniawski813,,,M,white,nonhispanic,M,Wakefield  Massachusetts  US,1055 Nitzsche Trail Apt 73,Pinehurst,Massachusetts,Middlesex County,25017,01866,42.58064259116281,-71.23961030229567,363332.78,354904.94,72127
01dc2b55-2dc2-5390-d63e-8d0dea173109,2019-09-05,,999-18-6917,,,,Carlos172,,Little434,,,,white,nonhispanic,M,Woburn  Massachusetts  US,525 Stehr Mission Unit 54,Stoughton,Massachusetts,Norfolk County,,00000,42.08590898526619,-71.13219656205699,8577.18,6247.96,719701
e10c5308-dadb-04ef-d34d-50212cb8bd0e,1956-02-29,,999-57-2331,S99949828,X62805067X,Mr.,Alva958,,Wehner319,,,S,white,nonhispanic,M,Randolph  Massachusetts  US,870 Haag Trafficway Unit 22,Cambridge,Massachusetts,Middlesex County,25017,02139,42.357988104186084,-71.14121859005145,125921.64,646254.63,448088
771e357b-80b5-b6b7-31de-cfd27ab98a5c,1950-12-20,,999-60-6491,S99980259,X97942254X,Mr.,Buddy254,Avery919,Schamberger479,,,M,white,nonhispanic,M,Palmer  Massachusetts  US,635 Donnelly Landing,Sandwich,Massachusetts,Barnstable County,25001,02563,41.730251219011635,-70.4378226358262,150640.09,866953.92,144230
5e602650-a9e2-8d34-55bd-bab9e9c5fe55,2004-01-07,,999-92-5985,S99913518,X76395044X,Mr.,Wesley533,Monte325,Welch179,,,,white,nonhispanic,M,Springfield  Massachusetts  US,327 Schneider Gardens Suite 54,Tewksbury,Massachusetts,Middlesex County,,00000,42.61483412135053,-71.23095974552838,103004.44,627639.02,90952
46312db1-34d5-7306-10b6-d588e83b3fb7,2019-08-27,,999-62-1024,,,,Beau391,Elisha578,Kiehn525,,,,white,nonhispanic,M,Brookline  Massachusetts  US,642 Waters Union,Lynn,Massachusetts,Essex County,25009,01940,42.45779026781917,-71.04551819539563,16723.12,15120.62,61346
0e3bdc54-be77-c799-c9c2-3816b4ede08a,1995-04-10,,999-32-7813,S99991676,X00805157X,Mrs.,Breana975,Zola306,Steuber698,,Little434,M,white,nonhispanic,F,Westwood  Massachusetts  US,966 Miller Rue,Pepperell,Massachusetts,Middlesex County,25017,01463,42.65022235316942,-71.61737669042795,440142.24,51602.57,54137
29a4202c-7758-d296-0170-e02a2da1ef54,2015-12-11,,999-93-3099,,,,Dalia295,Ronald408,Grant908,,,,white,nonhispanic,F,Lexington  Massachusetts  US,895 VonRueden Stravenue,Worcester,Massachusetts,Worcester County,25027,01605,42.287157440168386,-71.82572786960829,2209.02,33307.94,21852
957cd818-6017-0fe6-2729-1e2023934443,1979-09-16,,999-63-6103,S99930852,X26717174X,Mr.,Silas208,Emanuel231,Steuber698,,,M,white,nonhispanic,M,Rowley  Massachusetts  US,886 Hermann Viaduct,Brockton,Massachusetts,Plymouth County,25023,02351,42.071487336812666,-71.01431317379092,125682.01,13951.01,61119
0f260f70-7661-dabd-0e43-2e5f863a5bd4,1960-10-28,,999-73-6934,S99961142,X36763479X,Mrs.,Shanell37,,Kshlerin58,,West559,M,white,nonhispanic,F,Amesbury  Massachusetts  US,255 Schiller Row Suite 65,Canton,Massachusetts,Norfolk County,,00000,42.18239296172884,-71.12122480753877,395420.44,926673.49,193420
48a5aa2b-0308-9ee2-87e3-a6d46e8f4bda,1983-10-10,,999-18-5160,S99944195,X16047650X,Mr.,Kasey569,,Sawayn19,,,S,white,nonhispanic,M,Dedham  Massachusetts  US,481 Stark Parade Unit 9,Arlington,Massachusetts,Middlesex County,25017,02476,42.42567774070243,-71.10796335465771,112894.81,12918.91,154246
0e3b93d9-3922-15a5-68ed-4cf4aee92251,2017-04-29,,999-17-6958,,,,Emmaline88,Nikole56,D'Amore443,,,,asian,nonhispanic,F,Stoneham  Massachusetts  US,324 Ferry Boulevard,Acton,Massachusetts,Middlesex County,,00000,42.50905762007083,-71.42350968475775,35174.39,8564.72,39268
16d1aae3-27b7-2fda-23a0-7af6a0580061,2007-12-13,,999-87-4246,S99991388,,Mr.,Andrea7,Jody426,Runte676,,,,white,nonhispanic,M,Somerville  Massachusetts  US,393 Wilkinson Flat Suite 65,Malden,Massachusetts,Middlesex County,25017,02148,42.419857778475915,-71.03723109886992,45298.08,22234.45,38009
ec7d09e1-8d8c-b9df-fd54-33e541bdac05,2019-11-14,,999-91-1714,,,,Yolonda722,Blanch844,Zboncak558,,,,white,nonhispanic,F,Lowell  Massachusetts  US,561 Hayes Park,Chicopee,Massachusetts,Hampden County,25013,01022,42.13402075539981,-72.55801217781902,18443.85,3293.74,108039
e1c99219-3293-346f-500d-b740299f096b,2010-08-21,,999-82-6276,S99918253,,,Damian46,Pete38,Quitzon246,,,,white,nonhispanic,M,South Hadley  Massachusetts  US,1041 Bogisich Arcade Apt 84,Rehoboth,Massachusetts,Bristol County,,00000,41.86552757705889,-71.2797900241604,37684.77,5506.12,88369
7c3b9cec-1dfc-8eaf-f8f8-63dad6c48f94,1983-05-10,,999-63-5911,S99971294,X76538353X,Ms.,Suzanne628,,Stark857,,,S,white,nonhispanic,F,Longmeadow  Massachusetts  US,295 Bashirian Orchard Apt 4,Boston,Massachusetts,Suffolk County,25025,02135,42.420346106927305,-71.01951768107747,18062.58,701302.49,9472
ece1182c-870e-31b4-671d-d32d0fd4bd26,1990-05-27,,999-86-5080,S99985937,X73543372X,Mr.,Ramiro608,,Ruelas156,,,M,white,hispanic,M,Caguas  Puerto Rico  PR,407 Harvey Byway Suite 97,Longmeadow,Massachusetts,Hampden County,25013,01106,42.06325015886651,-72.60057230473458,8971.46,98957.37,3139
b7ec006b-0068-4172-8a85-27868e4b3fd7,1946-04-18,1986-12-14,999-31-3093,S99913314,X82303952X,Mr.,Francis500,Mitchel812,Kertzmann286,,,S,white,nonhispanic,M,North Lakeville  Massachusetts  US,1013 Grimes Ramp Unit 90,Brockton,Massachusetts,Plymouth County,25023,02351,42.1112705133948,-70.97476817046525,115540.30,0.00,56364
a2e9e4d9-df65-1fcb-2547-0828401edc72,2023-09-02,,999-70-9019,,,,Keeley419,Antoinette709,Gorczany269,,,,black,nonhispanic,F,Boston  Massachusetts  US,877 Torphy Village,Paxton,Massachusetts,Worcester County,,00000,42.27251862323009,-71.97801857752168,450.00,7317.63,15039
f3658112-b666-ef7e-b7ac-b87301fcd7d5,1969-09-26,2024-11-09,999-55-4332,S99958692,X23145031X,Mr.,Coleman27,Luigi346,Fritsch593,,,M,white,nonhispanic,M,Charlton  Massachusetts  US,456 O'Conner Estate,Swansea,Massachusetts,Bristol County,,00000,41.70858119272556,-71.2372642630927,161131.74,619843.25,133992
c0cce49d-c016-b46e-2149-20a4fc9f7316,2009-04-29,,999-48-1480,S99995454,,,Isabelle619,Lavera253,Moen819,,,,white,nonhispanic,F,Acton  Massachusetts  US,872 Walter Gardens,Easthampton,Massachusetts,Hampshire County,25015,01027,42.24096925664652,-72.64739221263689,7813.41,758816.71,16789
946a3b26-3216-164d-2272-d0fb86275004,2005-07-17,,999-59-5194,S99968880,X37920704X,Ms.,Gisela897,Elanor679,Murray856,,,,black,nonhispanic,F,Lexington  Massachusetts  US,591 Hoeger Ferry Suite 44,Seekonk,Massachusetts,Bristol County,,00000,41.87948281576548,-71.31767768932312,40203.85,13518.68,33545
d7283522-3db9-de3b-4802-119f83866dc8,1991-01-26,,999-67-2392,S99956823,X20768490X,Mr.,Tom274,Carrol931,Torphy630,,,S,white,nonhispanic,M,Stoneham  Massachusetts  US,410 Kuhn Row Apt 15,Raynham Center,Massachusetts,Bristol County,25005,02768,41.881889634161816,-71.0812435605893,88106.04,45231.84,111766
2a351b52-4df2-dfa7-fdc5-9ddcf47415cf,1985-02-04,,999-85-4386,S99928495,X05201000X,Ms.,Doreen575,Lorena247,Stehr398,,,S,white,nonhispanic,F,Attleboro  Massachusetts  US,471 Rohan Fort Apt 15,Pembroke,Massachusetts,Plymouth County,,00000,42.081016087027116,-70.80975881148315,175316.03,384751.43,77944
0bd100f3-5983-38f0-e6e0-bf1c67e16583,2024-01-30,,999-46-2753,,,,Renato359,Douglas31,Gorczany269,,,,white,nonhispanic,M,Wilmington  Massachusetts  US,847 Schuster Trafficway,Douglas,Massachusetts,Worcester County,,00000,42.056059340310966,-71.80038208348185,650.00,8456.62,19348
281fe9d5-a421-13aa-3cd8-df741893ae88,2004-07-15,,999-90-2676,S99922041,X02050367X,Ms.,Janene3,Kristin64,Conroy74,,,,white,nonhispanic,F,West Yarmouth  Massachusetts  US,452 Hessel Ferry Suite 63,Franklin,Massachusetts,Norfolk County,25021,02038,42.08610425665631,-71.45705729123657,19259.44,1012355.43,20581
47089471-09d9-d723-11f0-ffcc8dfbcc30,1981-01-20,,999-37-8882,S99928782,X40188926X,Ms.,Samella245,,Wuckert783,,,S,other,nonhispanic,F,Springfield  Massachusetts  US,622 McGlynn Junction,Medford,Massachusetts,Middlesex County,25017,02155,42.45714288037293,-71.10240865749972,143054.10,474900.80,192934
9ea24595-2b9c-4f92-094b-7f1cc133065a,1977-02-09,,999-21-5724,S99998335,X35600980X,Mr.,Mitch821,,Considine820,,,M,white,nonhispanic,M,Boston  Massachusetts  US,807 Kassulke Row,Maynard,Massachusetts,Middlesex County,25017,01754,42.4352826768708,-71.49368372103308,120859.59,3132.76,210526
a731d423-7f12-e3a2-94a5-cc8f95cd7d82,1969-09-26,,999-42-2650,S99977102,X80318793X,Mr.,Teodoro374,Virgilio529,Koch169,,,M,white,nonhispanic,M,Clinton  Massachusetts  US,652 Stehr Bypass Suite 46,Swansea,Massachusetts,Bristol County,,00000,41.78423138112184,-71.21143498897382,110174.44,41441.26,133992
a9362341-f76e-0458-e78b-0173b1fee753,1974-11-24,,999-97-9301,S99992355,X97359739X,Mr.,Mitch821,Kieth891,Welch179,,,M,white,nonhispanic,M,Springfield  Massachusetts  US,306 Bins Extension Apt 79,North Attleborough,Massachusetts,Bristol County,,00000,41.989220695963525,-71.29068189402868,145970.67,37910.09,142180
1f3879bd-934f-564e-663a-24ae6ad594fb,1990-03-21,,999-31-4457,S99973938,X87440063X,Mr.,Graig740,Pablo44,Thompson596,,,M,white,nonhispanic,M,Leominster  Massachusetts  US,156 Stoltenberg Loaf Suite 51,Dedham,Massachusetts,Norfolk County,25021,02026,42.230369084634646,-71.14758667836564,125877.54,0.00,99630
8caf29dc-c746-fd87-59ec-e233ec20f550,1971-10-14,,999-77-2535,S99994272,X01711203X,Mr.,Kendrick479,,Greenholt190,,,M,white,nonhispanic,M,Everett  Massachusetts  US,120 Russel Park,Pittsfield,Massachusetts,Berkshire County,25003,01201,42.407608202512876,-73.29786945164714,320456.61,0.00,46883
a288ca84-d964-d0bb-3ee6-f3662fd37653,2014-09-03,,999-75-8500,,,,Kendall673,Hung902,O'Reilly797,,,,white,nonhispanic,M,Natick  Massachusetts  US,821 Larson Skyway,Sharon,Massachusetts,Norfolk County,25021,02067,42.118828052982025,-71.15175820188315,35232.65,8171.89,55668
549d9166-4701-dcde-61be-e1c566c0bf24,2011-05-16,,999-96-5645,,,,Cortez851,Milan77,Kuvalis369,,,,white,nonhispanic,M,Plymouth  Massachusetts  US,215 Kilback Manor Unit 14,South Yarmouth,Massachusetts,Barnstable County,25001,02664,41.70942710576097,-70.15725232889291,48079.71,18079.05,38907
1937b148-aafc-6def-f56c-7dc76a4b26d7,1969-01-04,,999-76-3663,S99970711,X03826137X,Mrs.,Floy720,Niki25,Schroeder447,,Bechtelar572,M,asian,nonhispanic,F,Beijing  Beijing Municipality  CN,607 Botsford Common,Holbrook,Massachusetts,Norfolk County,25021,02368,42.19067283942043,-71.03567042117706,669036.25,142416.72,53624
be5689b1-3ca1-c489-a925-316b0fbf08df,2021-07-30,,999-46-7097,,,,Cody889,Fredric73,O'Conner199,,,,white,nonhispanic,M,Norton  Massachusetts  US,870 Daugherty Throughway,Canton,Massachusetts,Norfolk County,,00000,42.15487818487796,-71.10998954442032,16462.25,0.00,71618
db64aa5f-efaa-5001-c27f-3423ad4bf443,2025-06-23,,999-52-7632,,,,Rory188,Nick779,Harvey63,,,,white,nonhispanic,M,Cambridge  Massachusetts  US,816 Terry Gate,Springfield,Massachusetts,Hampden County,25013,01106,42.15064972282415,-72.51192103497056,2176.68,2874.68,52004
9d8e03a3-663f-f098-015b-c9e183630a89,1942-06-12,,999-67-8469,S99988247,X27547175X,Mr.,Fidel864,,Bernhard322,,,M,white,nonhispanic,M,Amherst  Massachusetts  US,306 Mills Spur Unit 68,Westport,Massachusetts,Bristol County,,00000,41.57635636026662,-71.0971102207035,179465.66,289389.32,285278
e499bd74-61e9-8992-3c6f-cea6a2ddccb4,1946-04-18,,999-45-9968,S99979533,X49814427X,Mr.,Oliver401,,Graham902,,,D,white,nonhispanic,M,Milford  Massachusetts  US,500 Trantow Alley Unit 17,Brockton,Massachusetts,Plymouth County,25023,02302,42.0990974058924,-71.07009287857258,367304.01,143542.14,56364
c1f017f5-0516-7e03-4f3f-421aadd6a8c3,2000-02-08,,999-46-2055,S99945549,X45241716X,Ms.,Cristen212,Sharleen176,Harvey63,,,,white,nonhispanic,F,Belchertown  Massachusetts  US,286 Ritchie Walk,Plymouth,Massachusetts,Plymouth County,25023,02360,41.934851173271625,-70.63466588848907,275465.69,54265.04,42592
5fc4c361-795a-3d5d-084a-8caff48aa879,2010-12-08,,999-42-6355,,,,Lianne167,Lucile200,Emmerich580,,,,white,nonhispanic,F,Leominster  Massachusetts  US,820 Heaney Frontage road Suite 91,Middleborough Center,Massachusetts,Plymouth County,,00000,41.92864991153531,-70.88629824235521,7792.70,530638.81,16647
30b76058-3018-be94-2f77-8adbda96bd6a,1985-12-03,,999-99-1921,S99912128,X99738321X,Ms.,Melva551,Nora0,Lebsack687,MD,,S,white,nonhispanic,F,Billerica  Massachusetts  US,700 Considine Estate Unit 73,Hingham,Massachusetts,Plymouth County,25023,02043,42.17948452441096,-70.83959236758788,205971.69,116584.04,133624
45b86e89-d084-142c-4c1a-4edfdde2c705,1976-12-07,,999-49-2334,S99946902,X61767147X,Mr.,Juan Carlos348,Rodrigo242,Flórez858,,,M,white,hispanic,M,Carolina  Puerto Rico  PR,204 Wolff Annex,Boston,Massachusetts,Suffolk County,25025,02111,42.347508700653144,-71.13988241319437,708535.91,1115163.73,63704
919649a0-66df-8db2-2c3f-44baa0edf427,2000-01-19,,999-23-4605,S99969061,X95292897X,Ms.,Laureen100,,Reynolds644,,,,white,nonhispanic,F,Woburn  Massachusetts  US,528 Lynch Hollow,Fall River,Massachusetts,Bristol County,25005,02721,41.69345299589901,-71.12293544655894,13836.06,814546.40,4917
c958e5f2-d23f-69f8-89af-1e55b500e3a2,1980-02-23,,999-69-6158,S99998798,X73222599X,Mr.,Federico589,Víctor493,Carrera906,,,M,white,hispanic,M,Kingston  Kingston  JM,861 Zulauf Corner,Boston,Massachusetts,Suffolk County,25025,02113,42.35824903575736,-71.09969240482597,80202.66,55338.51,847436
6e3f5772-a702-a284-7837-20d32fed8373,1966-11-12,,999-25-5236,S99936193,X78568519X,Mr.,Xavier983,Alex454,Stiedemann542,,,M,asian,hispanic,M,Tewksbury  Massachusetts  US,754 Blanda Promenade,Boston,Massachusetts,Suffolk County,25025,02113,42.39176585349444,-71.07792006809734,56180.93,131241.88,78646
95f23509-3fef-c35f-e68b-93b1e8643ca5,1987-08-13,,999-60-8701,S99979421,X66009970X,Mrs.,Katerine813,Eboni653,Thompson596,,Kreiger457,D,white,hispanic,F,Peabody  Massachusetts  US,834 Hintz Frontage road Suite 85,West Newbury,Massachusetts,Essex County,,00000,42.80879302453614,-70.93348980009219,226563.11,830358.58,104590
62117674-c86d-1937-3598-584b23e203ed,1955-10-15,2025-01-22,999-53-4158,S99956870,X71855777X,Ms.,Lavonne167,Mellisa81,Nitzsche158,,,S,white,nonhispanic,F,Bourne  Massachusetts  US,945 Waelchi Ferry Unit 78,Chelmsford,Massachusetts,Middlesex County,,00000,42.6015289707482,-71.41243608459769,578382.44,871580.69,45776
d1e78271-824d-b922-57f9-f005b3a2837e,1979-05-08,,999-60-5185,S99937903,X53104560X,Mr.,Dannie881,Giuseppe872,Tremblay80,,,S,white,nonhispanic,M,Tyngsborough  Massachusetts  US,437 Reichert Mall,Sharon,Massachusetts,Norfolk County,25021,02067,42.131771521066995,-71.21277845598978,114271.68,7467.75,115463
e963bec2-67ac-3a15-8af9-004067192cae,2023-10-04,,999-46-3863,,,,Lindy582,Kyung736,Balistreri607,,,,white,nonhispanic,F,Lancaster  Massachusetts  US,582 Olson Corner,Mashpee Neck,Massachusetts,Barnstable County,,00000,41.66011535049569,-70.49323129699266,5361.52,3950.04,186985
3a6821a4-4142-1dd0-3895-6b97a801b042,1956-07-02,,999-32-6229,S99957793,X99306398X,Mrs.,Shawna986,Milagros256,Schoen8,,Hettinger594,W,asian,nonhispanic,F,Amherst  Massachusetts  US,635 Feeney Trace Unit 85,Milton,Massachusetts,Norfolk County,25021,02186,42.24722534954772,-71.08131373713717,872810.79,512902.52,71034
ada42d89-d906-05eb-d5d9-54392bdafc05,1995-01-22,,999-40-8366,S99992305,X35505746X,Mr.,Ernesto186,Marcelo725,Padberg411,,,M,white,nonhispanic,M,Gloucester  Massachusetts  US,141 Rodriguez Junction,Revere,Massachusetts,Suffolk County,25025,02151,42.45283817938717,-71.0294574995892,7294.30,204872.19,18995
f428e488-b774-dc0a-0912-4cb08583be01,1998-02-10,2005-03-14,999-10-8720,,,,Wilson960,Dustin31,Considine820,,,,white,nonhispanic,M,Lincoln  Massachusetts  US,1088 Johnson Orchard,Springfield,Massachusetts,Hampden County,25013,01103,42.12279676686249,-72.56134904252184,16371.23,4666.62,32703
d3cbf103-61e2-f014-3ef7-3ff8d510f04f,1958-08-17,,999-84-6340,S99917520,X57909940X,Mr.,Rhett759,Bruce167,Conn188,,,M,white,nonhispanic,M,Whitman  Massachusetts  US,643 Davis Loaf Suite 27,Falmouth,Massachusetts,Barnstable County,25001,02540,41.61739200486137,-70.63085444688099,176985.11,190066.37,62813
ca26d48e-116d-5166-1f16-4b7e7e4a18d7,2023-02-19,,999-32-4933,,,,Debbra216,,Ritchie586,,,,white,nonhispanic,F,Lowell  Massachusetts  US,905 Kunze Wall Apt 21,Dracut,Massachusetts,Middlesex County,,00000,42.68234848896291,-71.27005670694459,15481.29,1417.28,193288
55b05312-1bd7-424f-5812-d92194481718,1982-07-19,,999-43-7543,S99995861,X38445513X,Mr.,Hilton264,Clint766,Kling921,,,S,white,nonhispanic,M,Deerfield  Massachusetts  US,139 Rohan Wall Apt 60,Randolph,Massachusetts,Norfolk County,25021,02368,42.153882119504964,-71.07929213555853,87026.53,38451.07,99834
54cd5d1a-9e02-d2ca-bfa6-e9c9c0f08eca,2019-03-06,,999-67-6707,,,,Hui924,,Hessel84,,,,white,nonhispanic,F,Canton  Massachusetts  US,826 Bartoletti Vista,North Adams,Massachusetts,Berkshire County,25003,01247,42.71799076467603,-73.13164179978692,1200.00,12893.43,6276
78b8a5c7-ef32-e2a6-fbb8-7a458fd0edae,1992-03-03,,999-19-9471,S99960804,X47864777X,Mrs.,Bridget51,Sulema841,Kihn564,,Walsh511,M,white,nonhispanic,F,Longmeadow  Massachusetts  US,929 Schumm Gateway,Weymouth,Massachusetts,Norfolk County,25021,02188,42.25578526140532,-70.91620211954795,221188.13,390332.88,85205
dfaf6dd1-d326-5f2d-57a2-da88a5796a34,1993-11-10,,999-83-9940,S99978631,X99354220X,Mr.,Tomás404,Hernán834,Quintero729,,,S,white,hispanic,M,Tegucigalpa  Francisco Morazán  HN,407 Ankunding Ville,Melrose,Massachusetts,Middlesex County,25017,02176,42.42506486637747,-71.07203732052147,56084.90,16418.72,38462
a6e84c60-7585-9609-89aa-0fc0e0217a42,2005-11-18,,999-35-4384,S99952191,X07988987X,Ms.,Janyce124,Rikki26,Stanton715,,,,asian,nonhispanic,F,Woburn  Massachusetts  US,1015 Corkery Wall Unit 39,Chelsea,Massachusetts,Suffolk County,25025,02151,42.38051502130677,-71.02584977956434,67101.06,0.00,110493
95f9770a-bf63-3ad1-a6e6-898ecc5782e4,1958-06-14,,999-23-9920,S99947530,X44948480X,Mr.,Bradly656,Virgilio529,Sporer811,,,D,white,nonhispanic,M,Braintree  Massachusetts  US,188 Heidenreich Mill Suite 54,Braintree,Massachusetts,Norfolk County,25021,02184,42.20482892318914,-71.04591441382344,353497.19,423622.61,76766
92ed478b-0882-5b73-203e-6d8be3407d4d,1977-04-03,,999-57-6419,S99916706,X83142249X,Mr.,Burl285,,Padberg411,,,M,white,hispanic,M,Northampton  Massachusetts  US,330 Johnson Mission Suite 85,Dennis,Massachusetts,Barnstable County,25001,02638,41.656969399478314,-70.16880735954034,68798.42,102764.55,197150
c15b868e-1636-6264-7143-4d173bed60f5,1998-02-10,,999-81-7201,S99966464,X74538810X,Mr.,Quintin944,Warner493,Kling921,,,S,white,nonhispanic,M,Boston  Massachusetts  US,428 Kozey Lock Unit 83,Springfield,Massachusetts,Hampden County,25013,01199,42.15956410857434,-72.60657924421218,77180.23,36184.54,32703
988dbc0f-ca3e-e38a-2c10-9e45aaa7fd69,1998-03-05,,999-29-3597,S99980194,X15542924X,Mr.,Roscoe437,Oren284,Hickle134,,,M,white,nonhispanic,M,Stoughton  Massachusetts  US,473 Murphy Track,Beverly,Massachusetts,Essex County,25009,01915,42.57121186262712,-70.88531958405706,66110.77,9441.01,51504
ecfe4e4c-80e2-cb30-d538-4c94d3f853cd,2013-12-08,,999-13-8310,,,,Roxanne257,Loralee922,Koepp521,,,,white,nonhispanic,F,New Bedford  Massachusetts  US,407 Reichel Lock,Southborough,Massachusetts,Worcester County,,00000,42.30301813181827,-71.5317607718731,41894.24,549.81,103037
5771494f-bd0f-f920-caaf-63e96da8e2a2,1960-06-24,2020-01-11,999-19-1965,S99992865,X78256757X,Mr.,Bradford382,Jermaine675,Murphy561,,,S,white,nonhispanic,M,Medford  Massachusetts  US,1096 Rau Forge Apt 57,Malden,Massachusetts,Middlesex County,25017,02148,42.44597954059645,-71.14441597250868,166625.11,139062.27,28627
78f03508-d5f4-4f9d-c6ed-0c126624602e,2004-07-19,,999-48-2014,S99925937,X36238360X,Ms.,Goldie436,Diann220,Armstrong51,,,,white,nonhispanic,F,Northampton  Massachusetts  US,192 Christiansen Path Apt 30,East Longmeadow,Massachusetts,Hampden County,,00000,42.09382151742161,-72.45421414549187,245415.02,27586.55,53585
08b4dc66-8662-8699-ae2d-f69528d1c149,1976-12-18,,999-31-6188,S99931749,X21272234X,Mrs.,Wanita14,Ariana988,Gislason620,,Mertz280,W,white,nonhispanic,F,Bridgewater  Massachusetts  US,614 Morar Estate,West Concord,Massachusetts,Middlesex County,,00000,42.43715130197363,-71.39993294654839,15385.52,1016896.65,22583
228ab921-6d90-9c14-978a-a9f8076c4ab0,2017-01-04,,999-39-3552,,,,Bennett146,Jermaine675,Hickle134,,,,asian,nonhispanic,M,Westport  Massachusetts  US,789 Adams Overpass,Arlington,Massachusetts,Middlesex County,25017,02476,42.41038695880537,-71.13681159575302,22221.35,35.29,86910
d3669398-612b-f8d2-4686-b61f277f89c2,1996-04-09,,999-92-1612,S99946599,X57923785X,Mr.,Nathanael908,Jimmy858,Marvin195,,,M,white,nonhispanic,M,Peabody  Massachusetts  US,510 Kerluke Wall,Chicopee,Massachusetts,Hampden County,25013,01020,42.13384173418609,-72.57548330705491,8015.53,99672.74,16161
9df8cf3f-6550-4c44-e5a7-22aa4010f438,1984-12-13,,999-50-4177,S99940949,X33027824X,Mr.,Trey250,,McKenzie376,,,M,white,nonhispanic,M,Haverhill  Massachusetts  US,1025 Pfannerstill Trailer Suite 97,Worthington,Massachusetts,Hampshire County,,00000,42.44087895458048,-72.9503968443427,68722.77,4822.28,37405
11ea3d5a-738a-05be-ce0e-e0f930ef51d7,2010-01-19,,999-34-1512,S99924899,,,Lizette501,Elmer371,Volkman526,,,,white,nonhispanic,F,Whitman  Massachusetts  US,496 Hilll Rue Apt 84,Methuen,Massachusetts,Essex County,25009,01841,42.75787964608376,-71.17335975441014,27847.12,30960.69,80137
c898cf26-bcf8-6298-75f1-a7af1e24a96f,1943-08-30,,999-84-1682,S99916035,X24811849X,Mr.,Maynard46,,Abbott774,,,D,white,nonhispanic,M,Springfield  Massachusetts  US,730 Weber Approach,Quincy,Massachusetts,Norfolk County,25021,02169,42.19940630627794,-71.01782963879572,205565.58,604619.59,178202
68a143e5-aa62-cd72-263a-34c817e592ea,2014-07-14,,999-52-2747,,,,Caitlin552,Violet769,Connelly992,,,,white,nonhispanic,F,Hingham  Massachusetts  US,652 Ruecker Street,Acushnet,Massachusetts,Bristol County,,00000,41.7011444462072,-70.89343859440565,2197.10,44306.41,21725
d4e37888-ca3d-cc0c-a673-41e423dcf592,2008-02-07,,999-58-5421,S99950945,,Ms.,Halina47,Kasi212,Hilll811,,,,white,nonhispanic,F,Plainville  Massachusetts  US,648 Schumm Club Suite 99,Randolph,Massachusetts,Norfolk County,25021,02368,42.20251593845091,-71.01762743744284,48547.15,11176.96,69178
59f0ae88-e984-2f43-7211-21661bd25a76,1950-05-10,,999-52-6262,S99917554,X66611829X,Mrs.,Elfreda431,,Koss676,,Dicki44,D,white,nonhispanic,F,Quincy  Massachusetts  US,510 Terry Lane Suite 99,Rowley,Massachusetts,Essex County,25009,01969,42.71814184229399,-70.85812990557778,379461.20,1031774.28,155732
ab18f06e-e087-8e4c-f4f8-ffdccf6fc044,2005-01-12,,999-46-5719,S99995144,X14255996X,Ms.,Marissa322,Loralee922,Dach178,,,,white,nonhispanic,F,Chicopee  Massachusetts  US,321 Emmerich Hollow Unit 4,Wellesley,Massachusetts,Norfolk County,25021,02482,42.25640208024955,-71.28172032365568,32061.07,31043.57,290505
5cabb1d9-f575-538f-7516-9a17d481ff86,1960-06-24,,999-12-3494,S99978508,X69040741X,Mr.,Terry864,Mauricio81,Haley279,,,M,white,nonhispanic,M,Pittsfield  Massachusetts  US,1009 Bergnaum Walk Suite 21,Malden,Massachusetts,Middlesex County,25017,02148,42.46628783469957,-71.10724657461891,262233.59,713186.07,28627
f8ae4cda-cdc5-8888-2299-5510fcf23903,2023-01-07,,999-92-1436,,,,Eduardo902,Keith571,Hand679,,,,other,nonhispanic,M,Whately  Massachusetts  US,913 Wisoky Station Apt 10,Boston,Massachusetts,Suffolk County,25025,02151,42.34226107778466,-71.00943461325909,6446.20,0.00,96009
d63f6a55-3e77-9fb7-fb0f-b37f944b3256,1965-08-24,2016-06-23,999-44-3073,S99991085,X18230383X,Mr.,Hayden835,Val761,Schmeler639,,,S,white,nonhispanic,M,Millville  Massachusetts  US,861 Heathcote Haven Apt 92,Clinton,Massachusetts,Worcester County,25027,01510,42.4308896102774,-71.6911836007442,276822.78,715368.86,27763
168f30e9-5b39-44dc-3e13-e6edce010aae,2021-04-07,,999-67-8984,,,,Shannan727,Evia329,Upton904,,,,white,nonhispanic,F,Boston  Massachusetts  US,1055 Lemke Key,Lunenburg,Massachusetts,Worcester County,25027,01462,42.57485336361996,-71.68576054601363,850.00,16996.81,12873
978450ee-b5d8-ad1b-191c-567bfed3de05,1955-03-03,,999-94-1567,S99951623,X95254823X,Mrs.,Dollie671,,Streich926,,Bernier607,D,native,nonhispanic,F,Norton  Massachusetts  US,856 Pagac Park Unit 86,Everett,Massachusetts,Middlesex County,25017,02148,42.428136902658146,-71.04462641290316,32950.11,972156.16,15089
06b2fd07-e116-b53f-9e3f-50709f2d566f,1965-08-31,,999-66-3610,S99938278,X24754684X,Mrs.,Lynette631,Racquel201,Kirlin939,,Carroll471,M,white,hispanic,F,Lowell  Massachusetts  US,1016 Denesik Haven Suite 37,Agawam,Massachusetts,Hampden County,25013,01030,42.07954431393009,-72.58984916223548,23049.81,650624.44,18087
339a9efb-d34d-0fcb-d2b4-0fbaac332007,1977-06-24,,999-35-7504,S99983929,X73971175X,Mrs.,Marlen929,Reba58,Rau926,,Oberbrunner298,M,white,nonhispanic,F,Lowell  Massachusetts  US,879 Marks Track,Randolph,Massachusetts,Norfolk County,25021,02368,42.1915847877457,-71.04094529713944,13929.79,915732.00,20850
11d907e7-5058-f06a-97be-65cf229985c8,1978-04-06,,999-67-7364,S99969699,X23699649X,Mr.,Demetrius568,Isreal8,Kunde533,,,M,white,nonhispanic,M,Wilbraham  Massachusetts  US,1013 Hackett Extension,Boxborough,Massachusetts,Middlesex County,,00000,42.46916263885587,-71.4834358790519,178363.55,10928.11,72743
23481de3-89b5-e710-07d8-497e65d63e79,1990-01-01,,999-90-4837,S99945531,X03470730X,Mrs.,Xuan162,Terresa418,Schinner682,,Wiza601,M,white,nonhispanic,F,Westminster  Massachusetts  US,686 Robel Crossing Apt 14,Stoughton,Massachusetts,Norfolk County,,00000,42.120309723389056,-71.09942327987541,12475.10,576301.87,15076
6d2b2e88-b3c7-6eea-dab6-72076f3c33ad,2021-10-04,,999-30-6104,,,,Dino214,,Little434,,,,white,nonhispanic,M,Oak Bluffs  Massachusetts  US,169 Kerluke Meadow,Boston,Massachusetts,Suffolk County,25025,02131,42.35257071514337,-71.13113237137478,791.73,22611.94,4150
842eb3ca-780e-78a2-b7ea-32cd089aa193,1993-09-03,,999-74-6142,S99940693,X04663072X,Mr.,Abe604,Antione404,Little434,,,M,white,nonhispanic,M,Somerville  Massachusetts  US,163 DuBuque Park,Attleboro,Massachusetts,Bristol County,25005,02703,41.889418798702465,-71.33270250660358,71078.92,0.00,96628
9888c657-b484-12a8-a355-c7b36297d1f1,1966-02-28,,999-80-4977,S99972252,X71642298X,Mrs.,Kasie673,Coreen424,Ruecker817,,Rempel203,M,white,nonhispanic,F,Rockport  Massachusetts  US,865 Leffler Esplanade Suite 64,Reading,Massachusetts,Middlesex County,25017,01867,42.53308980532358,-71.13610308577297,16715.85,767325.07,22681
17df730b-2af4-89c1-4517-ff0d97962aeb,2013-10-27,,999-47-2635,,,,Reed154,Genaro214,Bernhard322,,,,white,nonhispanic,M,Wrocław  Lower Silesian  PL,952 Witting Quay,Brockton,Massachusetts,Plymouth County,25023,02302,42.114260552126844,-71.0090806339567,22952.28,11923.10,37327
26ebdb5c-c55d-da60-20d1-bf94e831d271,1976-06-21,2019-04-20,999-33-8953,S99937998,X44101581X,Mrs.,Tabetha269,Launa267,Kiehn525,,Roob72,M,white,nonhispanic,F,Fall River  Massachusetts  US,355 Yundt Stravenue Unit 78,Lowell,Massachusetts,Middlesex County,25017,01851,42.679281877666845,-71.32022382045807,350198.26,479989.64,116681
a5530a26-5e59-f3c3-4d86-f6e696911c39,1955-10-15,,999-49-4200,S99924841,X50730653X,Mrs.,Judie557,Noemi984,Gorczany269,,Rau926,M,white,nonhispanic,F,Northampton  Massachusetts  US,776 Lang Rue,Chelmsford,Massachusetts,Middlesex County,,00000,42.61200142542621,-71.3464293262495,796058.42,302738.71,45776
ed297094-c8ff-65b7-cf09-7c16fe792670,2023-01-29,,999-17-7056,,,,Eleonor544,Dixie159,Kunde533,,,,white,nonhispanic,F,Fall River  Massachusetts  US,738 Jerde Rue,Southwick,Massachusetts,Hampden County,,00000,42.08645786492685,-72.73913121709916,18592.83,2430.70,89753
8cfb9083-4ec4-1ca7-8df7-abb4e09d79ae,1958-06-23,,999-86-2857,S99986912,X15653952X,Mrs.,Alberta625,,Reynolds644,,Lind531,D,white,nonhispanic,F,Dover  Massachusetts  US,681 Bosco Tunnel,Newton,Massachusetts,Middlesex County,25017,02466,42.300164218248106,-71.256904472589,425388.90,2033528.39,802281
9567e581-9214-5dc4-235f-e5255d1e62f0,1977-03-28,,999-85-9701,S99925732,X42350338X,Mrs.,Fransisca150,Laverne101,Luettgen772,,Farrell962,M,white,nonhispanic,F,Malden  Massachusetts  US,509 Roberts Center,Boston,Massachusetts,Suffolk County,25025,02135,42.32185679224,-71.04836457184902,123575.06,312021.66,25377
0565a6c1-f6a4-38d1-8d67-0c88f8504dee,1993-10-26,,999-17-9622,S99940998,X21072709X,Mr.,Emilio417,Linwood526,Stracke611,,,S,white,nonhispanic,M,Lincoln  Massachusetts  US,117 Legros Club,Boston,Massachusetts,Suffolk County,25025,02115,42.3205163604577,-71.03361639781325,94315.56,0.00,73136
eae5ea8a-bee4-97aa-b973-57c6d748337a,1964-03-31,,999-23-8224,S99964480,X40306000X,Mrs.,Clara183,,Yáñez198,,Pagan507,D,hawaiian,hispanic,F,Guatemala City  Guatemala  GT,377 Hintz Bay Suite 1,Fall River,Massachusetts,Bristol County,25005,02724,41.63477508817367,-71.00110110427647,16757.52,1144281.60,924
689f26b3-1c80-b836-c39b-e2505a8f5932,1960-11-02,,999-11-6008,S99963590,X34442263X,Ms.,Delaine470,Sade71,Heller342,,,S,white,nonhispanic,F,Lynn  Massachusetts  US,800 Senger Lane Suite 37,Lawrence,Massachusetts,Essex County,25009,01843,42.684502585197095,-71.11530039037098,813812.74,489898.46,84254
a0b72ee1-6b76-5e3e-1b92-ec88a1e27c6b,1996-09-03,,999-97-9803,S99958870,X69343395X,Mrs.,Lucie638,Roberta529,Kulas532,,Renner328,M,black,nonhispanic,F,Boston  Massachusetts  US,595 Jaskolski Route,Revere,Massachusetts,Suffolk County,25025,02151,42.41903195921939,-70.9763918855264,7634.40,383453.99,22905
0ae5a454-465a-9716-81c1-f2b30f31bbea,1998-08-23,,999-81-4710,S99987555,X81198234X,Mrs.,Tandra334,,Grimes165,,Kreiger457,M,white,nonhispanic,F,Sterling  Massachusetts  US,741 Kulas Viaduct Suite 17,Randolph,Massachusetts,Norfolk County,25021,02368,42.209888541773864,-71.07480559415319,130045.48,342177.03,37952
a7ce9246-48ca-fc10-5a59-bced450b600b,1995-06-29,,999-41-3743,S99943073,X92346734X,Mr.,Jaime666,Marcos263,Véliz274,,,M,white,hispanic,M,Ponce  Puerto Rico  PR,351 Howell Bypass,Boston,Massachusetts,Suffolk County,25025,02125,42.344552152680414,-71.10119177858746,75202.25,118968.48,31704
910a2fe6-a94b-4900-8ba1-72a5370be75b,1988-05-24,,999-55-7787,S99955857,X89858705X,Mrs.,Malena136,Jodie811,Harber290,,Sipes176,M,asian,nonhispanic,F,Randolph  Massachusetts  US,723 Russel Route Suite 61,Worcester,Massachusetts,Worcester County,25027,01583,42.315444727312176,-71.79110975515104,17508.24,1140826.96,16747
bf51e906-6154-465d-18b7-7ba41afac8e0,1965-08-24,,999-48-6917,S99985242,X98279461X,Mr.,Terence292,Russ979,McCullough561,,,D,white,nonhispanic,M,Lawrence  Massachusetts  US,266 Wisoky Common Unit 97,Clinton,Massachusetts,Worcester County,25027,01510,42.43485830177363,-71.70203420332923,288790.23,817740.28,27763
da1e1ddb-f5cd-423d-f204-35b2cb6e9254,1976-06-21,,999-98-3603,S99950597,X52634918X,Ms.,Yoko498,Yu876,Predovic534,,,S,white,nonhispanic,F,Waltham  Massachusetts  US,757 Lemke Ramp,Lowell,Massachusetts,Middlesex County,25017,01851,42.64177258670305,-71.25162250171559,750219.29,757745.49,116681
922073c7-7bf5-0dc6-c7e1-22bb3ba328bb,2024-08-29,,999-83-6038,,,,Else33,Danyell947,Russel238,,,,white,nonhispanic,F,Boston  Massachusetts  US,206 Feil Skyway,North Andover,Massachusetts,Essex County,,00000,42.62830699880107,-71.1188766877562,200.00,6341.48,15114
15ead0ff-1487-7716-dc70-8a9612966995,1960-05-26,,999-93-1683,S99972453,X43668499X,Mrs.,Laurie826,Trena506,Hickle134,,Herzog843,M,white,nonhispanic,F,Boston  Massachusetts  US,951 Moore Run Apt 85,North Pembroke,Massachusetts,Plymouth County,25023,02358,42.048251230737044,-70.75801225907212,1057698.35,549641.71,81275
b2712a29-fd1e-7a29-ef78-d63b91289929,1970-08-25,,999-65-3980,S99955330,X98361330X,Mr.,Jc393,Mohamed943,Rowe323,,,M,white,nonhispanic,M,Swansea  Massachusetts  US,1091 Fritsch Alley,Raynham,Massachusetts,Bristol County,,00000,41.938697536667696,-71.01619433215801,181647.28,33392.66,49952
1445b651-a91a-bdd5-a37a-e8ef5a86facf,2025-07-12,,999-46-9965,,,,Gertrude228,Annalee788,Veum823,,,,white,nonhispanic,F,Grafton  Massachusetts  US,1066 Schinner Vista,Amherst,Massachusetts,Hampshire County,,00000,42.38574351290935,-72.49010640999745,4057.91,0.00,551235
0356c1bb-8cf0-4cf6-30c5-80d1e1ffc5e5,1960-08-08,,999-29-9383,S99994158,X37702114X,Mr.,Carrol931,Junior695,Franecki195,,,M,white,nonhispanic,M,Uxbridge  Massachusetts  US,756 Bruen Parade Apt 57,Walpole,Massachusetts,Norfolk County,25021,02081,42.14273224379728,-71.24124135791794,135212.97,135955.50,42282
104c4799-d775-fa54-f54c-e893ace06b97,2009-07-20,,999-32-1458,S99918072,,,José Eduardo181,Rafael239,Marrero674,,,,white,hispanic,M,Caguas  Puerto Rico  PR,522 Hayes Spur Unit 95,Lowell,Massachusetts,Middlesex County,25017,01852,42.6125730896189,-71.3398986035914,44205.94,6537.29,139399
9b00957b-466f-23cf-f7b3-5dfdbebc771f,1996-06-03,,999-36-3552,S99983155,X08246666X,Mrs.,Elina789,Bonita405,Greenfelder433,,Ruecker817,M,white,nonhispanic,F,Wrentham  Massachusetts  US,445 Wehner Ranch,Blackstone,Massachusetts,Worcester County,,00000,42.02468378034268,-71.52528130718628,36251.29,264290.29,24129
31324b2c-d791-2230-978a-0f6be383d6d8,2023-07-26,,999-88-1048,,,,Brice635,,Weber641,,,,white,nonhispanic,M,Yarmouth Port  Massachusetts  US,1094 Little Fork Suite 27,Braintree,Massachusetts,Norfolk County,25021,02184,42.20091252016043,-70.98899454242225,5671.12,5188.45,183236
d2d0e097-1c55-6e41-f291-4f7d844cf7a9,1982-04-07,,999-21-7165,S99992821,X26448885X,Ms.,Xiomara943,,Schuster709,,,S,white,nonhispanic,F,Provincetown  Massachusetts  US,258 Ullrich Forge,Marlborough,Massachusetts,Middlesex County,25017,01752,42.34650267734922,-71.52662577407837,305999.75,1249095.99,166928
016b167d-d085-4ca0-2751-d67a0be65bbb,2009-03-07,,999-10-7780,S99959475,,,Latanya388,Chung121,Hagenes547,,,,white,nonhispanic,F,Belmont  Massachusetts  US,772 Bayer Walk Suite 56,Brookline,Massachusetts,Norfolk County,25021,02445,42.283056055508354,-71.09290590158922,64212.28,281.21,124234
1aa8bcf1-e661-a6d3-1cff-967ab458db16,2025-10-06,,999-37-3957,,,,Hans694,Reuben327,Lesch175,,,,asian,nonhispanic,M,Scituate  Massachusetts  US,305 King Gate Apt 90,Newton,Massachusetts,Middlesex County,25017,02465,42.29546821233104,-71.22263182557707,1907.32,1797.27,272862
1c15fac4-bdb9-c843-2668-2501f34cecc6,1964-11-09,,999-87-8503,S99954936,X21541500X,Mrs.,Ivy932,,McGlynn426,,Bins636,M,white,nonhispanic,F,Ludlow  Massachusetts  US,747 Langworth Flat Apt 63,Lowell,Massachusetts,Middlesex County,25017,01852,42.63092682547028,-71.31510370962287,340013.44,875809.76,302435
5f8accbb-c2fe-473c-f7f7-591de9bb0e3d,1988-02-12,,999-21-3925,S99992119,X30035916X,Mr.,Jackie93,Ulysses632,Kirlin939,,,M,white,nonhispanic,M,Woburn  Massachusetts  US,153 Gutmann Spur Suite 51,Athol,Massachusetts,Worcester County,25027,01331,42.59384080482506,-72.24783314099284,76081.01,37111.60,95824
f2331d4d-9a20-1f11-ad69-2b172e84f2f3,1965-08-13,,999-18-2174,S99976853,X13145871X,Mr.,Nick779,Deshawn686,Cruickshank494,,,S,asian,nonhispanic,M,Belchertown  Massachusetts  US,371 Schoen Rest Unit 13,Norwood,Massachusetts,Norfolk County,25021,02090,42.21770423156569,-71.23419489680137,121094.04,21804.59,51389
d3215315-762b-ebf5-e2b9-80ccdb45cc47,2005-02-05,,999-75-9831,S99956814,X93140523X,Mr.,Gerardo48,Manuel446,León820,,,,white,hispanic,M,San Juan  Puerto Rico  PR,396 Mayert Mews Unit 13,New Bedford,Massachusetts,Bristol County,25005,02746,41.72341290494192,-70.87275022995225,8675.54,666936.65,10298
5488568b-57b3-a401-b3fc-10921ee362b6,1950-02-24,2020-04-14,999-69-7921,S99985489,X94760685X,Mrs.,Dorie139,Francoise850,Gusikowski974,,Ledner144,W,asian,nonhispanic,F,Daegu  Daegu  KR,851 Lemke Lock,Needham,Massachusetts,Norfolk County,25021,02494,42.32204703231195,-71.23808620160797,260513.72,897966.42,325418
c29e598f-65c8-ebd3-ff57-ed1b71173883,2013-03-13,,999-91-1979,,,,Melina208,Nancie476,Flatley871,,,,hawaiian,nonhispanic,F,Rockland  Massachusetts  US,983 Bergnaum Spur,Brockton,Massachusetts,Plymouth County,25023,02351,42.03402609623017,-71.06018582544566,32138.70,320.09,68809
fddd73cd-8e7b-aa37-4e45-72ebca464891,2023-06-03,,999-55-4195,,,,Wes853,,Lebsack687,,,,asian,nonhispanic,M,East Bridgewater  Massachusetts  US,689 Renner Drive Apt 33,Southbridge,Massachusetts,Worcester County,25027,01550,42.103441487832626,-72.0707645158175,8168.61,0.00,47107
adab6141-b8cc-c99f-8c82-36a740e0a9f0,1987-08-06,,999-19-9419,S99956973,X20682576X,Ms.,Luis923,Marina546,Langosh790,,,S,white,nonhispanic,F,Easthampton  Massachusetts  US,214 Ortiz Branch Suite 52,Springfield,Massachusetts,Hampden County,25013,01118,42.18054256489018,-72.56770258464734,13668.26,511572.11,10221
674fa36c-d695-38c4-18be-30172626db17,1973-03-06,,999-20-1503,S99912773,X87910108X,Mrs.,Tiny880,Elanor679,Funk324,,Wilkinson796,M,white,nonhispanic,F,Middleborough  Massachusetts  US,593 Tromp Route Unit 15,Quincy,Massachusetts,Norfolk County,25021,02169,42.288936564472486,-71.05762090637519,15669.39,929201.46,12035
3ab98541-a5f9-777c-6b83-bc85aebc1299,2017-11-05,,999-49-1751,,,,Gerald181,Bobbie849,McLaughlin530,,,,white,nonhispanic,M,Smith Mills  Massachusetts  US,1073 Beer Corner,Ashland,Massachusetts,Middlesex County,,00000,42.26414938535678,-71.48446240206307,27838.03,0.00,632134
b184babc-3119-b328-e0f8-8df180bb8c38,2005-03-29,,999-81-2444,S99961803,X11425857X,Ms.,Daniela614,Arleen939,Parker433,,,,white,nonhispanic,F,Lanesborough  Massachusetts  US,456 Franecki Ville Unit 5,North Adams,Massachusetts,Berkshire County,25003,01247,42.70827472935593,-73.12944455119553,68133.81,98163.01,66481
4c64e164-88cb-2f65-6684-ab63e3ff1496,2006-07-31,,999-71-1529,S99991392,X06805066X,Mr.,Stanford577,Ted955,Torp761,,,,white,nonhispanic,M,Chelmsford  Massachusetts  US,655 Doyle Annex Unit 74,Amesbury,Massachusetts,Essex County,25009,01913,42.823087379590525,-70.9083057848625,478250.43,310137.24,70926
8e993c30-9f00-c044-33a3-8a55f68e580f,2006-02-04,,999-29-1111,S99986604,X59767114X,Mr.,Weldon459,,Gerlach374,,,,asian,nonhispanic,M,Wayland  Massachusetts  US,863 Wuckert Spur,Quincy,Massachusetts,Norfolk County,25021,02171,42.205731478679915,-71.07863657721607,73517.42,9121.25,151893
beb42a09-f2ca-0801-9451-2be5c77f66ae,2011-08-21,,999-13-7021,,,,August363,Nathaniel596,Roob72,,,,white,hispanic,M,Dedham  Massachusetts  US,230 McGlynn Run Apt 88,Boston,Massachusetts,Suffolk County,25025,02203,42.35770626676083,-71.14030182588606,3145.86,34378.08,17129
98179cef-6a46-6250-7909-8aaeececef4f,1943-11-14,,999-74-3248,S99957286,X32281280X,Mrs.,Shanel903,Minna389,Bartoletti50,,Runolfsson901,M,white,nonhispanic,F,Reading  Massachusetts  US,162 Hansen Track,Brookline,Massachusetts,Norfolk County,25021,02445,42.29601025582036,-71.14606101857152,765842.78,721175.37,35796
eaaf5c41-57b1-abb2-49c9-8c6edddf74cb,1999-03-22,,999-50-6662,S99942745,X27015944X,Mr.,Clifton91,Emile522,Bauch723,,,,asian,hispanic,M,Saugus  Massachusetts  US,652 Schiller Bay,Boston,Massachusetts,Suffolk County,25025,02128,42.293551733442825,-71.13982505288865,53869.91,32559.26,90684
99156547-a1ff-36bf-f0f2-aef921c59448,1990-07-31,,999-99-4951,S99967695,X79981166X,Mr.,Norman647,Van763,Legros616,,,M,white,nonhispanic,M,Westport  Massachusetts  US,736 McClure Neck Suite 66,Foxborough,Massachusetts,Norfolk County,25021,02035,42.02824097678251,-71.26032389441426,93150.10,87685.51,30309
57569155-0630-8cf5-557f-d5d2c9a4b3ee,1997-03-18,,999-35-5972,S99970083,X73498556X,Mr.,Bryant814,Emerson869,Corkery305,,,M,white,nonhispanic,M,Boston  Massachusetts  US,1089 Mohr Approach,Chicopee,Massachusetts,Hampden County,25013,01022,42.20287159175912,-72.57331476666045,54997.55,25315.31,83702
f69b65db-dca5-a7d1-bd34-e33ba7210071,1969-03-19,,999-25-8471,S99981721,X69844555X,Mr.,Garry927,Wilbur107,Larkin917,,,M,black,nonhispanic,M,Milton  Massachusetts  US,1092 O'Hara Green,Fall River,Massachusetts,Bristol County,25005,02790,41.65896450707388,-71.11333078019717,163984.67,71668.38,31431
907a85cd-ed05-30ae-c061-fed886451acb,2001-08-30,,999-14-4386,S99978414,X67351514X,Ms.,Gertrud593,,Frami345,,,,white,nonhispanic,F,Boston  Massachusetts  US,762 Pfannerstill Street Unit 76,Medford,Massachusetts,Middlesex County,25017,02145,42.40729469892548,-71.09622383695748,87714.40,394743.35,528222
6b68d248-76c9-ece3-30f4-c7785d3c309d,1998-03-06,,999-73-3647,S99971608,X19005498X,Mr.,Daniel959,Abraham100,Bruen238,,,M,asian,nonhispanic,M,New Bedford  Massachusetts  US,313 Hamill Heights,Chicopee,Massachusetts,Hampden County,25013,01022,42.12752778797497,-72.54876876592493,53691.73,632529.87,96272
62f94976-f85d-7796-4e89-2e373a050f63,2001-09-04,,999-31-1458,S99925369,X14200010X,Ms.,Ginny287,Lamonica504,Huel628,,,,white,nonhispanic,F,Medford  Massachusetts  US,664 Kassulke Mews Unit 1,Westwood,Massachusetts,Norfolk County,,00000,42.197522059941655,-71.17116978998364,261985.53,1277.06,62629
16dbf299-92af-5cf3-e0ad-fd54e89c8d09,1961-03-17,,999-26-2994,S99948700,X71422236X,Mr.,Ramón841,Tomás404,Sauceda634,,,W,white,hispanic,M,Portsmouth  Saint John Parish  DM,600 Bernhard Trail Suite 19,Saugus,Massachusetts,Essex County,25009,01906,42.43164630018277,-70.98488327104037,405364.85,336106.35,60084
613d9c6b-787a-b899-0439-9dafb3b1bf31,1977-11-03,,999-74-6345,S99928832,X39791451X,Mr.,Kent912,,Tremblay80,,,M,white,nonhispanic,M,Boston  Massachusetts  US,236 Daniel Row,Lowell,Massachusetts,Middlesex County,25017,01854,42.67906627818726,-71.33458886573499,6321.10,68538.70,6376
169e232e-fbc1-ae62-a45b-467e08157d61,2016-11-02,,999-86-8848,,,,Kieth891,Roland928,Brown30,,,,white,nonhispanic,M,Springfield  Massachusetts  US,474 Zboncak Ville,Brookline,Massachusetts,Norfolk County,25025,02215,42.3806008544237,-71.1278624838663,19958.32,0.00,53420
e1756155-cb29-b85e-f06f-2ffdd8afd45b,2022-09-29,,999-32-7354,,,,Lilla884,Ching589,Harber290,,,,black,nonhispanic,F,Wilbraham  Massachusetts  US,873 Farrell Spur Suite 78,North Andover,Massachusetts,Essex County,,00000,42.672883766803736,-71.12160186316748,1533.65,5931.27,31030
a2a2fdcb-83f1-64f2-2512-ae0d07e2b172,1980-07-31,,999-12-3127,S99918917,X84547449X,Mrs.,Jerrica452,Barbera53,Lehner980,,Bernier607,M,white,nonhispanic,F,Wrentham  Massachusetts  US,891 Connelly Approach,Gloucester,Massachusetts,Essex County,25009,01930,42.65104534269117,-70.707062987052,446932.19,335568.46,55590
53282258-8d01-004a-7ae7-0ff8b204c5f3,1968-03-28,,999-46-1394,S99968958,X73926309X,Mr.,Felipe97,Mario764,Alonso270,,,M,white,hispanic,M,Kingston  Kingston  JM,278 Mills Row,Chicopee,Massachusetts,Hampden County,25013,01020,42.19607741532443,-72.55556471720772,172327.34,27190.53,78324
2ea79bbd-20ff-979f-5224-3f77d84dd520,1952-04-27,,999-73-3317,S99998122,X62440629X,Mr.,Jarred626,Truman805,Reichel38,,,M,white,nonhispanic,M,Palmer  Massachusetts  US,139 McCullough Bridge Suite 70,Brockton,Massachusetts,Plymouth County,25023,02301,42.15344816388405,-70.92691269516494,237254.15,96764.54,108727
0ed91fcf-1b36-6d3b-3d03-0e17101244bd,1990-01-25,,999-61-8327,S99918761,X70611113X,Mrs.,Shanae34,Sydney660,Blick895,,Witting912,W,white,nonhispanic,F,Sterling  Massachusetts  US,1061 D'Amore Row Suite 86,Wilmington,Massachusetts,Middlesex County,25017,01887,42.54134193278172,-71.15193019602886,533378.89,947246.28,37136
d4f04572-ad62-8b21-2a89-3e64a3f0e993,2009-09-27,,999-48-7848,S99951605,,,Roderick835,Bobby524,Orn563,,,,white,nonhispanic,M,Northbridge  Massachusetts  US,926 Swift Knoll,Southampton,Massachusetts,Hampshire County,,00000,42.23411432762833,-72.73440140379914,32625.73,38184.56,90359
dacb6890-7b33-8b25-20be-fa6738e17a31,1983-06-14,,999-60-3719,S99921527,X41535401X,Mr.,Jonathan639,Denver542,Dooley940,,,M,white,nonhispanic,M,Plymouth  Massachusetts  US,643 Brown Vista Unit 72,Lynn,Massachusetts,Essex County,25009,01907,42.43514899813053,-70.96874441296634,14593.52,292658.70,12976
f9806b79-4dee-1a72-d52b-e33718cc0916,2023-06-14,,999-95-5311,,,,Leigha840,Vivienne78,Lakin515,,,,white,nonhispanic,F,Haverhill  Massachusetts  US,113 Huel Route Apt 60,Lawrence,Massachusetts,Essex County,25009,01843,42.66920377439521,-71.13976264936129,1380.66,7295.64,27650
97f7da60-826f-fcc8-0058-bcad416eb0b8,2014-10-02,,999-79-4612,,,,Nakesha793,,Dooley940,,,,black,nonhispanic,F,Cambridge  Massachusetts  US,761 Stokes Landing,Holyoke,Massachusetts,Hampden County,25013,01040,42.1665868937825,-72.60001937994416,2791.72,58338.32,9777
76f8b301-8a56-c788-0333-ac8de2287f25,1952-09-05,,999-96-9129,S99928039,X86258501X,Mrs.,Kathleen516,,Bashirian201,,Bruen238,D,white,nonhispanic,F,Auburn  Massachusetts  US,361 Feest Well Unit 62,Grafton,Massachusetts,Worcester County,,00000,42.1724907636457,-71.70994738642617,363790.28,782724.80,241169
3303bbc6-11bf-a612-b35c-c3c02273c101,1969-04-16,,999-17-3261,S99951612,X86427212X,Mrs.,Ana972,Antonia30,Magaña874,,Beltrán716,M,white,hispanic,F,Gaudalajara  Jalisco  MX,877 Weissnat Rest,Gloucester,Massachusetts,Essex County,25009,01930,42.653032146718566,-70.7111859634512,489432.49,253637.44,66186
ae38c210-95c2-efac-7589-507d96c8afd7,2012-08-20,,999-24-6719,,,,Sara501,Tandy422,Kshlerin58,,,,white,nonhispanic,F,Fall River  Massachusetts  US,599 Sawayn Light,Millbury,Massachusetts,Worcester County,,00000,42.19039704413655,-71.77472221616057,36238.31,577.25,77119
8af76cc8-bf95-9814-0195-0012504c0b5e,1986-07-06,2025-08-03,999-26-7235,S99932850,X04629641X,Mr.,Trinidad33,Jean712,Bartell116,,,M,white,nonhispanic,M,Boston  Massachusetts  US,880 O'Conner Harbor Suite 90,Marlborough,Massachusetts,Middlesex County,25017,01752,42.3608032818953,-71.58857541070395,93356.44,145257.85,91849
e950281e-51e2-3002-8a29-d780f31d2a3c,2009-05-24,,999-41-9255,S99942807,,,Tonja658,,Connelly992,,,,white,hispanic,F,Bridgewater  Massachusetts  US,379 Kub Parade Unit 28,Lynn,Massachusetts,Essex County,25009,01940,42.52343264730819,-70.93602736973473,97448.33,126504.83,192649
64dda3f6-03eb-6003-531b-ab7b02286d9c,1948-06-16,2020-12-18,999-45-5727,S99984257,X33358385X,Mrs.,Jerry654,Moon129,Berge125,,Powlowski563,M,white,nonhispanic,F,Malden  Massachusetts  US,158 Dibbert Knoll,Brockton,Massachusetts,Plymouth County,25023,02351,42.164852587549746,-70.93479892818944,19929.24,1729143.41,15610
af598671-7a40-14d8-6f05-cb2dc52843c8,2022-08-20,,999-34-4345,,,,Dorotea472,Margarita164,Terrazas956,,,,white,hispanic,F,Salisbury  Saint Joseph Parish  DM,679 Purdy Grove,Billerica,Massachusetts,Middlesex County,,00000,42.54921630595216,-71.27283923528171,19210.41,8851.76,93293
4bc35867-0736-f4f3-4a94-885032cb0e50,1992-04-03,,999-60-9223,S99923497,X80051624X,Mr.,Bryan958,,Zemlak964,,,M,white,hispanic,M,Quincy  Massachusetts  US,391 Hodkiewicz Mill,Fall River,Massachusetts,Bristol County,25005,02721,41.6980677057583,-71.09655794183344,10502.79,224586.89,5800
086aa6b2-d708-2c71-377f-5a5a9134a904,1950-02-24,,999-16-9486,S99937704,X63621692X,Mrs.,Leola603,Mi492,Parker433,,Goyette777,W,asian,nonhispanic,F,Daegu  Daegu  KR,761 Boyle Trailer Suite 71,Needham,Massachusetts,Norfolk County,25021,02492,42.25151888668355,-71.26251139078695,170451.48,894158.99,325418
56494e92-3502-3419-115b-9162bc8d26f7,2009-07-03,,999-15-2427,S99951677,,,Cortney940,,Watsica258,,,,white,nonhispanic,F,Quincy  Massachusetts  US,724 Hayes Run,Medford,Massachusetts,Middlesex County,25017,02155,42.397264611864586,-71.10643824515611,23701.61,21484.83,653628
3d0aaf82-036b-1a78-75c5-7228b07f2a53,2008-06-01,,999-74-4143,S99971887,,Ms.,Marge692,Danuta945,Bode78,,,,white,nonhispanic,F,Boston  Massachusetts  US,178 Lang Loaf Suite 19,Springfield,Massachusetts,Hampden County,25013,01107,42.08468634005617,-72.52255593126743,86549.83,38006.98,71598
10744dfe-d04a-5bd9-f698-2e67996db14f,1973-06-22,2017-09-17,999-38-6929,S99954609,X29688146X,Mr.,Gregory545,Mary779,Purdy2,,,M,white,nonhispanic,M,Westfield  Massachusetts  US,758 Purdy Rapid Suite 96,Westfield,Massachusetts,Hampden County,25013,01085,42.114731123079224,-72.79513613137135,85290.43,536832.92,30651
50614ca9-e4cf-c037-bece-d8f701ef4d76,1927-03-12,1990-10-20,999-32-9505,S99924105,X73222646X,Mrs.,Zona368,Jenice416,Reichert620,,Satterfield305,M,white,nonhispanic,F,Weymouth  Massachusetts  US,638 Mayer Extension,Bedford,Massachusetts,Middlesex County,25017,01730,42.52489630048601,-71.29985470552741,320295.47,727868.81,133893
3ccba72f-4b51-6916-98b1-0744186e82a7,1961-06-04,,999-15-1247,S99983421,X34342459X,Ms.,Mildred587,Ollie731,Johns824,,,S,white,nonhispanic,F,Quincy  Massachusetts  US,240 Hayes Rest Apt 45,Medford,Massachusetts,Middlesex County,25017,02145,42.388401129263194,-71.07825504998942,418756.69,357142.86,39258
ddc0d09a-7669-6d9a-7cb8-4e11f9a3f333,1953-04-10,,999-47-2886,S99976399,X87190225X,Mrs.,Adina377,Kattie846,Collier206,,Rolfson709,M,white,nonhispanic,F,Smith Mills  Massachusetts  US,378 Gottlieb Glen Unit 25,Pepperell,Massachusetts,Middlesex County,25017,01463,42.638401220316005,-71.60300518127208,1398254.34,486029.96,118570
ec453ff4-0f5a-a70d-d1ab-ca0581280fe3,1955-09-13,2019-09-12,999-15-2315,S99985225,X38798114X,Mr.,Mitchel812,Rene434,Berge125,,,M,white,nonhispanic,M,Pittsfield  Massachusetts  US,921 Miller Throughway Suite 86,Hanson,Massachusetts,Plymouth County,25023,02341,42.037399255420205,-70.90702897589905,160332.05,3193521.23,55458
1ffb7b7d-8a68-f08b-9e85-cdd307925c16,1972-11-30,2018-07-05,999-63-3190,S99999625,X54193786X,Mr.,Emil691,,Swift555,,,S,white,nonhispanic,M,Tewksbury  Massachusetts  US,509 Gusikowski Vale,Pittsfield,Massachusetts,Berkshire County,25003,01201,42.47384346722557,-73.25803624494509,91077.40,25197.13,48623
cb7c94a2-c9e6-8f82-1095-161e419add3b,1989-11-05,,999-61-6584,S99952777,X59545387X,Mr.,Rodney21,Rashad361,Gaylord332,,,M,white,nonhispanic,M,Amesbury  Massachusetts  US,191 Kerluke Route Unit 7,Fall River,Massachusetts,Bristol County,25005,02723,41.640450039621655,-71.12967786729068,67036.96,30463.02,85797
bc1a0765-2032-7323-ac03-0e641856e4dc,1986-07-06,2021-10-13,999-55-1008,S99984518,X36546306X,Mr.,Travis723,,Schmidt332,,,M,white,nonhispanic,M,Bourne  Massachusetts  US,955 Howell Park,Marlborough,Massachusetts,Middlesex County,25017,01752,42.317689038654265,-71.53225750691368,81534.57,0.00,91849
16ddc82a-7064-f80e-4378-fbcc077ed849,1927-03-12,1973-04-22,999-40-6519,S99964726,X59904153X,Mrs.,Milissa240,,Doyle959,,Roberts511,M,white,nonhispanic,F,Mendon  Massachusetts  US,301 McLaughlin Bypass Apt 49,Bedford,Massachusetts,Middlesex County,25017,01730,42.46387825577118,-71.26239820721405,319135.99,1182324.86,133893
d50f58ab-8a5d-dbed-faf7-7d5bb93735c7,1965-02-27,,999-49-3131,S99939455,X05454441X,Mr.,Bud153,Bruno518,Dare640,,,M,asian,nonhispanic,M,Halifax  Massachusetts  US,596 Huels Loaf Apt 22,Westford,Massachusetts,Middlesex County,,00000,42.545415687577474,-71.40005774634537,213167.01,46629.44,56676
751aa85d-acf7-7ed6-3e4b-53a43eda1e2a,1973-06-22,2016-06-01,999-26-8001,S99922581,X62376658X,Mr.,Ryan260,,Walker122,,,M,white,nonhispanic,M,Springfield  Massachusetts  US,328 Hickle Highlands,Westfield,Massachusetts,Hampden County,25013,01085,42.093285342352836,-72.8422184909828,121669.58,29648.19,30651
1fd5db68-29cd-1cd6-3057-de8eb8e33403,1970-12-29,,999-71-9922,S99911925,X77576083X,Mrs.,Shantel839,Hildred696,Casper496,,Gaylord332,W,black,nonhispanic,F,Rochester  Massachusetts  US,565 Stokes Club,Stoughton,Massachusetts,Norfolk County,,00000,42.142385341038796,-71.11109146657203,367831.16,499692.20,128220
9bf81713-f461-01e4-207e-809c14cd9923,1948-06-16,,999-81-2867,S99926390,X64622276X,Mrs.,Gene733,Alexa171,Kohler843,,Hilpert278,M,white,nonhispanic,F,North Amherst  Massachusetts  US,815 Kozey Dam Suite 48,Brockton,Massachusetts,Plymouth County,25023,02302,42.04992360471591,-71.04745820279817,18411.94,967484.24,15610
4ab98a34-2665-4298-2e37-3352cecd9fda,1980-04-01,,999-27-8664,S99935166,X30635727X,Mr.,Les282,,Ward668,,,S,white,nonhispanic,M,Springfield  Massachusetts  US,714 Reichel Promenade Apt 97,North Attleborough,Massachusetts,Bristol County,,00000,42.00998205969503,-71.3438910525137,277339.32,721904.64,151288
23147ebb-3f64-3bbd-e2c8-7071efcdeece,2022-07-10,,999-86-8745,,,,Leandra549,Jacquetta148,Mosciski958,,,,white,nonhispanic,F,Harvard  Massachusetts  US,949 Armstrong Flat,Milton,Massachusetts,Norfolk County,25021,02186,42.25794322310257,-71.10529717471934,10356.14,1542.48,220952
8e51d46d-b008-8bec-98dd-2f33e46e88cc,1968-07-04,,999-24-3745,S99948580,X86114283X,Mr.,Theo630,,Cummings51,,,S,hawaiian,nonhispanic,M,New Bedford  Massachusetts  US,680 Shields Dam,Framingham,Massachusetts,Middlesex County,25017,01701,42.283032732201065,-71.40403475874713,82571.49,119490.70,315234
f952d536-911b-cde8-4c2c-9844663d48a6,2017-11-18,,999-36-5298,,,,Nicole384,Kathaleen265,Stokes453,,,,white,nonhispanic,F,Brookline  Massachusetts  US,1048 Stark Bay,Quincy,Massachusetts,Norfolk County,25021,02186,42.31019591077665,-70.97114831809417,1389.16,15312.05,20438
e11cfa8d-12ce-6867-ad59-3376ad93f218,1978-01-20,,999-21-7442,S99914146,X56260576X,Mrs.,Maia476,,Toy286,,Bode78,M,white,nonhispanic,F,Burlington  Massachusetts  US,606 Braun Trailer Suite 66,Andover,Massachusetts,Essex County,25009,01810,42.65787724374069,-71.1566717410159,274846.44,462577.46,194415
0e58272c-4068-a9a6-2a4b-137f35ac3e73,1972-11-30,,999-11-6866,S99927874,X41384707X,Mr.,Vern731,,Davis923,,,D,white,nonhispanic,M,Waltham  Massachusetts  US,563 Schroeder Extension,Pittsfield,Massachusetts,Berkshire County,25003,01201,42.4726475690493,-73.30219751493232,129497.12,18186.31,48623
dfb006aa-82bd-6d15-58e7-d42454db3910,2020-12-04,,999-59-7145,,,,Ramiro608,Alberto639,Sanabria449,,,,white,hispanic,M,Tegucigalpa  Francisco Morazán  HN,510 Waelchi Arcade,Boston,Massachusetts,Suffolk County,25025,02135,42.33273011535337,-71.06096784373808,550.00,11518.99,10454
f232661e-3d19-9e98-50c4-24183bd1abbe,1958-03-06,,999-51-1188,S99943507,X83848778X,Mrs.,Gabrielle769,Heidi513,Rosenbaum794,,Schimmel440,W,white,nonhispanic,F,Holyoke  Massachusetts  US,628 Heidenreich Lodge Suite 12,Boston,Massachusetts,Suffolk County,25025,02127,42.38943552064678,-71.16345868341048,1692851.20,369502.03,75725
d1c9f8a1-056d-ce2d-eb5b-09f66ac54c4f,1986-07-06,,999-51-3185,S99912033,X53914238X,Mr.,Malcolm243,Willian804,Jacobson885,,,M,white,nonhispanic,M,Boston  Massachusetts  US,618 Jacobson Neck,Marlborough,Massachusetts,Middlesex County,25017,01752,42.35203110894121,-71.59500692175293,13695.61,125580.32,91849
4cb64fa0-b67a-125f-8a12-b1e00f5b9020,2020-03-25,,999-69-4707,,,,Terry864,Matt836,O'Hara248,,,,asian,nonhispanic,M,Boston  Massachusetts  US,666 Howell Gate,Everett,Massachusetts,Middlesex County,25017,02148,42.365268648425406,-71.08348594744467,14458.32,9372.32,63947
9f7d4ed4-ac53-0722-1739-50b32e88f8f5,1973-06-22,,999-39-3158,S99941118,X07216151X,Mr.,Clifton91,Samual455,Hills818,,,M,white,nonhispanic,M,Westfield  Massachusetts  US,971 Marvin Green Apt 49,Westfield,Massachusetts,Hampden County,25013,01086,42.17943729176749,-72.75503246910088,194415.23,193516.92,30651
9bb19bd1-562e-4b7b-8f4c-d14477769097,2008-04-29,,999-53-4671,S99935355,,Ms.,Carlota980,Olivia294,Villalobos491,,,,hawaiian,hispanic,F,Roseau  Saint George  DM,258 Will Ramp Suite 87,Billerica,Massachusetts,Middlesex County,,00000,42.5448194922936,-71.29472969192561,64780.02,166453.98,40157
3e8c0145-5055-3e40-3434-b130867efcf1,2022-01-22,,999-31-9633,,,,Jarrett354,,Runte676,,,,white,nonhispanic,M,Framingham  Massachusetts  US,756 Grady Rue Unit 94,Dartmouth,Massachusetts,Bristol County,,00000,41.5466701486284,-70.96889385485227,6389.20,5878.40,155090
48b4ffac-de39-7b0d-e27e-d097447dafa3,2000-12-20,,999-34-4560,S99965038,X70452137X,Ms.,Alverta45,Gaye230,Quigley282,,,,native,nonhispanic,F,Boston  Massachusetts  US,503 Jacobs Mews,Lynn,Massachusetts,Essex County,25009,01902,42.451224472992955,-71.01056043493833,88207.59,239907.14,36444
d6fb8085-8262-037d-0d0c-e90e5fb2f6d9,2016-07-07,,999-82-4251,,,,Stacee229,,Shanahan202,,,,white,nonhispanic,F,Gardner  Massachusetts  US,187 Klein Mall Suite 59,Fall River,Massachusetts,Bristol County,25005,02723,41.70266942534413,-71.15208506066017,4634.47,31420.10,8370
bf63ff73-03e8-c6f9-7a27-1ee2dc5ab285,2019-01-30,,999-12-4678,,,,Rebeca548,Raquel318,Rivas297,,,,white,hispanic,F,Santo Domingo  National District  DO,422 Jones Bypass,Chelsea,Massachusetts,Suffolk County,25025,02150,42.377026024613166,-71.01663348129057,1736.97,29414.50,11746
a6156fdb-75e5-3ce2-4a3a-1e09e1815fa1,1951-02-17,,999-43-7736,S99964496,X20212531X,Mrs.,Vernice968,,Goyette777,,Weber641,D,white,nonhispanic,F,Boston  Massachusetts  US,122 Rolfson Heights Suite 11,Palmer,Massachusetts,Hampden County,25013,01095,42.151693080530954,-72.28953955211526,177777.21,774266.86,187600
d43a114c-7fbe-f332-6ef5-b701827f90be,1999-09-19,,999-26-3467,S99940564,X18713878X,Mr.,Freddie621,Desmond566,O'Connell601,,,,asian,nonhispanic,M,Hanoi  Hà Đông  VN,606 Carroll Passage,Cambridge,Massachusetts,Middlesex County,25017,02472,42.40410819823348,-71.12787175803062,140162.53,630109.67,89752
5477e324-043e-4989-50c3-58d13795f4ff,1997-06-05,,999-52-4704,S99936482,X64889007X,Mrs.,Rocio28,,Saiz247,,Molina998,M,black,hispanic,F,San Juan  Puerto Rico  PR,280 Jenkins Dale,Boston,Massachusetts,Suffolk County,25025,02114,42.38997340050035,-71.0346605141019,5251.36,423103.35,2503
64e1e29a-ac1e-c1fd-ab09-69720c1971e1,1954-12-04,,999-49-5396,S99949948,X09035987X,Mrs.,Ana Luisa894,Barbara209,Ochoa950,,Otero621,M,white,hispanic,F,Carolina  Puerto Rico  PR,746 Ullrich Junction Unit 67,Lexington,Massachusetts,Middlesex County,25017,02420,42.41041186049816,-71.21747688618049,177391.34,104226.81,471184
60a6b3a2-e584-f1ca-5df7-81d494cc308f,1990-05-26,,999-24-6275,S99947098,X20219514X,Mrs.,Tiffiny991,Theda286,Heaney114,,Nolan344,M,white,nonhispanic,F,Marshfield  Massachusetts  US,771 Spinka Trail Suite 37,Easthampton,Massachusetts,Hampshire County,25015,01027,42.2821343354557,-72.76044899465226,219113.84,273846.99,91127
3eb502f9-91a2-dd67-8fa6-e0c4d1a96204,1979-05-31,,999-26-3002,S99958710,X86396489X,Mrs.,Chan58,Penni796,Zulauf375,,Orn563,M,white,nonhispanic,F,Swansea  Massachusetts  US,582 Gislason Forge,Hampden,Massachusetts,Hampden County,,00000,42.05453182888079,-72.37655448838728,15830.70,775281.32,21469
0a650a2b-fce8-c52f-c493-f9068a1d8fc3,2004-07-30,,999-13-6096,S99912785,X15015469X,Ms.,Georgette866,Priscila9,Gorczany269,,,,white,nonhispanic,F,Milford  Massachusetts  US,747 Hyatt Junction Unit 61,Stoughton,Massachusetts,Norfolk County,,00000,42.16131980349913,-71.05887829087096,156923.12,497868.89,59744
875e4e16-d40b-a746-310b-b40a215c2e81,2002-06-17,,999-39-4363,S99999614,X35589695X,Ms.,Sharell873,Amina496,Gleason633,,,,white,nonhispanic,F,Amherst Center  Massachusetts  US,284 Ward Skyway Unit 84,Wilbraham,Massachusetts,Hampden County,25013,01095,42.17073636902549,-72.40178936245923,81394.10,318601.97,116049
206efa06-796e-2d8b-cd5e-74629efbc9e6,1955-09-13,,999-48-9051,S99931044,X38567787X,Mr.,Man114,,Walter473,,,M,white,nonhispanic,M,Woburn  Massachusetts  US,819 D'Amore Center,Hanson,Massachusetts,Plymouth County,25023,02341,42.019516580344586,-70.81888461087723,190702.33,122887.54,55458
127131da-2cb0-9c13-7408-50f387666cac,1991-09-30,,999-73-8546,S99949628,X99960173X,Ms.,Meryl421,,Rath779,,,S,white,hispanic,F,Wakefield  Massachusetts  US,981 Muller Common,Gloucester,Massachusetts,Essex County,25009,01930,42.669206024027815,-70.6440104726247,51762.29,1128637.16,35627
21d94fa0-cc37-b9fe-b3f4-da5be83373af,2006-11-12,,999-97-5551,S99927067,,Ms.,Wynona930,Somer38,Bogisich202,,,,asian,nonhispanic,F,Hampden  Massachusetts  US,389 Lowe Vale Apt 96,Waltham,Massachusetts,Middlesex County,25017,02452,42.42351232955006,-71.20352237351423,103763.46,194491.13,102229
f31c3a25-cbd4-f768-4f15-bc50ca39f88a,1993-07-16,,999-54-1772,S99961697,X18325895X,Mr.,Reynaldo722,,Kris249,,,M,white,nonhispanic,M,Andover  Massachusetts  US,888 Bashirian Rest,Stow,Massachusetts,Middlesex County,,00000,42.43429678866287,-71.49506469576946,7366.49,85358.00,7705
505ab59f-43be-372f-fe86-d4b9b5572732,2013-01-10,,999-60-1521,,,,Neely59,Leonore418,Mohr916,,,,white,nonhispanic,F,Holden  Massachusetts  US,573 Gutmann Bay,Harwich,Massachusetts,Barnstable County,,00000,41.69473419774694,-70.11959137930656,2472.73,28526.08,10453
ebf36924-0879-725d-e75f-57b919060f6b,1927-03-12,2001-05-09,999-58-7972,S99949967,X39820498X,Mrs.,Zena758,Pattie91,DuBuque211,,Johnson679,M,white,nonhispanic,F,Billerica  Massachusetts  US,692 Reilly Key Unit 24,Bedford,Massachusetts,Middlesex County,25017,01730,42.48754723316729,-71.26454173414324,290138.77,2162992.05,133893
692d63bd-00f7-f5a2-0f36-4b08eb0daa71,1975-01-26,,999-12-1469,S99911892,X34358988X,Ms.,Bea654,Lauran65,Lubowitz58,,,S,white,nonhispanic,F,Framingham  Massachusetts  US,256 Langosh Bypass Apt 61,Harwich,Massachusetts,Barnstable County,,00000,41.6854985842779,-70.06531399916896,828697.23,393630.32,54332
6bca51b7-2e7f-a87a-6568-45c889d9628f,1957-07-10,,999-32-6862,S99916346,X00182352X,Ms.,Logan497,Eileen854,Lindgren255,,,S,white,nonhispanic,F,Chelmsford  Massachusetts  US,524 Walter Wynd Apt 51,Attleboro,Massachusetts,Bristol County,25005,02703,41.89431287743902,-71.33479581442725,683501.23,583582.18,47617
f3e7dbfa-5e3d-9abf-4394-95fb1c7aa556,2015-12-25,,999-72-4130,,,,Randell912,Kenneth671,Sawayn19,,,,white,nonhispanic,M,Ipswich  Massachusetts  US,390 Christiansen Viaduct,Great Barrington,Massachusetts,Berkshire County,25003,01230,42.19947582225532,-73.3150997972454,2767.76,35050.14,28641
b02c6eee-ee6f-5768-495d-4a2ceed2a403,1948-04-18,1991-07-06,999-45-6342,S99916725,X23595884X,Mrs.,Lorita217,Ludivina884,Littel644,,Reinger292,W,asian,hispanic,F,Sharon  Massachusetts  US,918 Hane Landing,Boston,Massachusetts,Suffolk County,25025,02132,42.328153978502336,-71.02255430745623,515341.69,185249.86,60409
6107b1de-aad9-7926-3acb-cedbb98399fb,2007-03-21,,999-95-1731,S99947484,,Mr.,Kim439,Sid118,Mann644,,,,white,nonhispanic,M,Upton  Massachusetts  US,239 Schoen Avenue Apt 65,Revere,Massachusetts,Suffolk County,25025,02151,42.43231472845046,-70.99716841226771,56733.55,0.00,103364
45241c37-75e1-d2d9-b50c-e4786597e99c,1996-10-14,,999-44-9498,S99965544,X94761443X,Mrs.,Sierra982,Erna640,Mitchell808,,Jones311,M,white,nonhispanic,F,Beverly  Massachusetts  US,954 Brown Village,Haverhill,Massachusetts,Essex County,25009,01830,42.76855627926083,-71.12511162303848,184723.81,339875.90,72213
3b0d3e2c-aa55-5954-59a6-e07babc81946,1971-10-11,,999-11-7365,S99994179,X58442439X,Mr.,William805,Andre610,McGlynn426,,,D,white,nonhispanic,M,Boston  Massachusetts  US,344 Kertzmann Dam Unit 90,Ware,Massachusetts,Hampshire County,25015,01082,42.25148723437291,-72.29055970935146,293966.79,37160.96,119658
dcb398cd-d67b-c971-f17d-7db3fe847339,1992-05-29,,999-23-1532,S99995744,X12996440X,Mr.,Vern731,Ivory697,Effertz744,,,S,white,hispanic,M,Northampton  Massachusetts  US,249 Bradtke View,Waltham,Massachusetts,Middlesex County,25017,02472,42.35868676410927,-71.23114936829323,103403.64,13543.75,98306
27e0f250-92aa-06d7-c954-15f9d11e92ba,1947-12-31,,999-98-7449,S99994869,X73420581X,Mrs.,Kym935,Elvira561,Robel940,,Kessler503,W,white,nonhispanic,F,Worcester  Massachusetts  US,828 Von Ranch,Boston,Massachusetts,Suffolk County,25025,02199,42.42393928430598,-71.10595266454874,862697.67,247256.02,112189
e088c48f-9822-68c3-e95c-68f2693c3169,2000-11-19,,999-37-8949,S99931561,X51352552X,Mr.,Darnell564,Rayford811,Corwin846,,,,asian,nonhispanic,M,Tewksbury  Massachusetts  US,970 Cassin Hollow,West Boylston,Massachusetts,Worcester County,,00000,42.34339624187531,-71.75773268243485,53334.25,41629.18,53137
0febaa7f-1ad3-2ad9-19ff-a3d46a2f17cb,1948-08-02,,999-77-8383,S99958973,X56592919X,Mr.,Kurtis994,Orville751,Deckow585,MD,,S,asian,hispanic,M,Pepperell  Massachusetts  US,468 Weber Track,Sturbridge,Massachusetts,Worcester County,25027,01566,42.132921974735375,-72.0426306162718,163240.91,371138.08,129793
a2e052f8-027b-87ed-6261-7c9e43131614,1997-01-02,,999-17-2135,S99949124,X83946184X,Mrs.,Eva64,Elvira561,Ferrer164,,Trujillo801,M,white,hispanic,F,Caguas  Puerto Rico  PR,299 Schiller Mission,Boston,Massachusetts,Suffolk County,25025,02128,42.26199780650326,-71.10634687150745,201792.35,241268.27,141586
bb27f279-a778-855b-aae3-c0c22a7ce3b5,2024-05-13,,999-72-2948,,,,Teresa94,Guillermina633,Casillas702,,,,white,hispanic,F,Buenos Aires  Ciudad de Buenos Aires  AR,492 Von Burg,Lynn,Massachusetts,Essex County,25009,01940,42.424012611130145,-70.97297438132432,495.86,7135.51,15559
ecd92386-e344-a8d6-2a4c-8e20ce0537f9,2021-11-12,,999-18-6969,,,,Troy560,,Moore224,,,,white,nonhispanic,M,Nantucket  Massachusetts  US,126 Robel Ranch,Easton,Massachusetts,Bristol County,,00000,42.00304228511112,-71.14034805038452,20219.36,18694.97,934308
ce1fa12f-d683-6a66-61cb-3d347d72d36d,1960-04-28,,999-89-4703,S99993654,X98529317X,Mr.,Tomás404,Roberto515,Caraballo427,,,S,white,hispanic,M,Mexico City  Mexico City  MX,571 Boehm Vale Suite 93,Peabody,Massachusetts,Essex County,25009,01960,42.58169351757199,-71.07596084107229,425565.71,338414.45,71276
40f94140-54d9-b9a9-1064-719c3b7a2ec9,1998-02-12,,999-55-7695,S99934333,X06800119X,Mrs.,Dusty207,,Dooley940,,Howe413,M,white,nonhispanic,F,Provincetown  Massachusetts  US,227 Gutmann Ranch,Cambridge,Massachusetts,Middlesex County,25017,02472,42.40006968422576,-71.05502929112667,7745.08,349787.60,2656
843ecca6-3308-3de5-c694-157a5a6fcacf,1974-04-21,,999-11-6278,S99975549,X43733674X,Mrs.,Fiona703,Tracy345,Hilpert278,,Cruickshank494,M,white,nonhispanic,F,Wellesley  Massachusetts  US,977 Senger Vista Suite 82,Falmouth,Massachusetts,Barnstable County,25001,02540,41.640992504597996,-70.63437421033274,248707.07,26380.83,87185
3cdf3ef6-17b9-a749-d5d9-ac81dbe47801,1996-12-21,,999-52-8655,S99944342,X09917807X,Mrs.,Jenniffer979,Carlene772,Wolff180,,Satterfield305,M,white,nonhispanic,F,Easton  Massachusetts  US,289 Bogisich Skyway,Revere,Massachusetts,Suffolk County,25025,02151,42.43281490025812,-70.98356994708122,109833.81,179389.22,33439
9e7c7943-6fcb-1831-3803-2c13f7bbb555,2023-11-13,,999-97-7954,,,,Thanh759,Robin66,Feest103,,,,white,nonhispanic,M,Bridgewater  Massachusetts  US,287 Runolfsson Branch,Rutland,Massachusetts,Worcester County,25027,01543,42.412463648661095,-72.01859948779372,6603.98,0.00,38298
5484a8d5-6b5f-fd2b-a546-34d21a311ea3,1978-04-07,,999-73-4930,S99984855,X26589806X,Mr.,Jamaal34,Renato359,Hand679,,,M,white,nonhispanic,M,Mansfield  Massachusetts  US,133 Schimmel Extension,Somerville,Massachusetts,Middlesex County,25017,02145,42.35284845201748,-71.14666325887772,8421.37,118530.10,17157
2a81bfbb-467e-c19d-ff51-8cdc8336bacf,1991-12-16,,999-68-6192,S99911226,X16311864X,Mr.,Jame231,Oren284,Streich926,,,M,white,nonhispanic,M,Brockton  Massachusetts  US,639 Lemke Rapid,Wenham,Massachusetts,Essex County,,00000,42.57661609281328,-70.88654252332182,59825.23,32569.51,106842
47be5e67-d2ea-a559-e8e0-a45f971b010f,1948-04-18,1989-11-15,999-85-1350,S99920100,X86779132X,Mrs.,Zena758,,Koelpin146,,Bednar518,M,asian,hispanic,F,Lunenburg  Massachusetts  US,656 Buckridge Hollow Suite 49,Boston,Massachusetts,Suffolk County,25025,02110,42.244901769457265,-71.12370208310826,698864.25,121685.65,60409
5375d168-243a-d319-4699-a2c8e7e7a9b1,1953-02-21,,999-19-3294,S99977458,X35079583X,Mr.,Kim439,Dylan44,O'Connell601,,,S,white,nonhispanic,M,Boston  Massachusetts  US,388 O'Reilly Run Apt 11,Northfield,Massachusetts,Franklin County,25011,01360,42.69954533427129,-72.42212852690173,168121.35,222791.31,72628
746b2933-f8bb-9e4c-33d4-159da9d97173,1972-11-20,,999-20-3172,S99938838,X56085115X,Mrs.,Evangeline16,Adena533,Roberts511,,Reichel38,M,white,nonhispanic,F,Brookline  Massachusetts  US,888 Bergnaum Rest Suite 81,Somerville,Massachusetts,Middlesex County,25017,02155,42.46648952342127,-71.09250339335229,527389.53,411834.72,71042
52befd4c-9707-0146-b7ed-88f8b3465544,1975-12-13,,999-91-1689,S99928748,X23243383X,Mr.,Franklyn361,Moshe758,Gibson10,,,D,white,nonhispanic,M,Boston  Massachusetts  US,425 Kirlin Pathway Apt 79,Boston,Massachusetts,Suffolk County,25025,02128,42.351518482203446,-71.19162430081859,93943.83,2758.33,132592
ae9f60a3-0eb6-0dca-57dc-266d3e3b5f49,2026-04-04,,999-53-4622,,,,Peter292,,Moore224,,,,white,nonhispanic,F,Needham  Massachusetts  US,869 Lindgren Alley,Fitchburg,Massachusetts,Worcester County,25027,01420,42.62286177796652,-71.78230931750285,100.00,1336.98,8357
e6b5f5c7-ee3e-4da3-2ca9-19d639d8b2dd,1990-12-15,,999-19-3282,S99980647,X83954514X,Mrs.,Kimber624,,Nolan344,,Streich926,M,white,nonhispanic,F,Nantucket  Massachusetts  US,999 Abernathy Mall,Athol,Massachusetts,Worcester County,25027,01331,42.57432360968073,-72.2183311376488,374596.26,67663.47,40947
3e4cf290-d319-e6b2-1ca0-8f40535b3f45,1982-02-19,,999-69-8282,S99975886,X56973667X,Mrs.,Desire394,Leida589,Herzog843,,Buckridge80,M,white,nonhispanic,F,Ashland  Massachusetts  US,444 Crooks Ramp Unit 19,Fitchburg,Massachusetts,Worcester County,25027,01420,42.59805246961112,-71.81572035529835,508381.26,1034031.56,79602
a0dac735-2887-a9a8-a352-7eddf75e7055,1972-04-21,2017-01-25,999-99-2656,S99993976,X32562452X,Mrs.,Alethea978,,Greenfelder433,,Rippin620,W,white,nonhispanic,F,Chatham  Massachusetts  US,237 Cartwright Fort Apt 3,Pittsfield,Massachusetts,Berkshire County,25003,01201,42.43968558329801,-73.23782896443619,67068.55,842865.15,536
60fa4d78-c489-5b72-6f30-f0479cb867cd,1976-03-28,,999-65-7845,S99940381,X92305196X,Mrs.,Eryn994,Joane83,Zulauf375,,Rippin620,D,white,nonhispanic,F,Dalton  Massachusetts  US,820 Bogan Junction Apt 48,Weymouth,Massachusetts,Norfolk County,25021,02190,42.24203434503245,-70.92266112168349,152116.43,292814.16,26558
646da429-f950-e230-7775-3f96b14d34c3,1964-07-21,,999-39-5176,S99978241,X75481199X,Mr.,Travis723,Deangelo7,Waters156,,,W,black,nonhispanic,M,Fitchburg  Massachusetts  US,142 Fay Knoll Apt 88,Wareham,Massachusetts,Plymouth County,,00000,41.78762788855234,-70.7003359473082,298946.90,3864.91,68856
877847ff-662d-cfb2-3138-a4bf4837c9a9,1936-12-18,2004-04-26,999-98-8270,S99981510,X91940392X,Mr.,Juan88,Ricardo560,Nevárez403,,,S,white,hispanic,M,Santiago  Santiago Province  CL,322 Upton Trail,Holyoke,Massachusetts,Hampden County,25013,01040,42.1685401523339,-72.61910349652688,194320.78,175976.27,81997
55a82a85-af6c-ce72-6c35-32ceaa50f2cb,1998-07-31,,999-18-5255,S99925374,X82396412X,Mrs.,Meta661,Antonetta450,Monahan736,,Lindgren255,M,asian,nonhispanic,F,Bedford  Massachusetts  US,488 Daniel Parade,Smith Mills,Massachusetts,Bristol County,,00000,41.65449893344117,-71.04088034777367,131732.29,177127.81,61405
c223a7e9-6027-549d-41fd-a77a1a1934c3,1969-07-15,2002-03-02,999-33-8148,S99967865,X86842462X,Mr.,Stuart913,,Murphy561,,,M,black,nonhispanic,M,Burlington  Massachusetts  US,198 Cruickshank Corner,North Reading,Massachusetts,Middlesex County,,00000,42.60440949846051,-71.08049043814542,33589.75,194643.79,177590
e22b6a2d-2314-ac2e-0767-c6fa1f64c967,2013-01-21,,999-72-9513,,,,Lauren941,Margherita470,Gleichner915,,,,white,nonhispanic,F,Fitchburg  Massachusetts  US,393 Dickinson Corner,Boston,Massachusetts,Suffolk County,25025,02120,42.31643504631695,-71.12660590667313,54531.82,13289.66,877636
27e43ad4-f99a-42a6-c9b7-11b3db9cf1e5,1993-12-12,,999-81-8785,S99950393,X41323046X,Mr.,Jules135,,King743,,,S,white,nonhispanic,M,Quincy  Massachusetts  US,699 Lindgren Junction,North Attleborough,Massachusetts,Bristol County,,00000,42.0060093998166,-71.34431575871606,37236.68,31288.38,948240
0fff82bd-2d97-876f-e81a-6160af780bc2,1964-05-02,,999-85-1398,S99946376,X11056692X,Mrs.,Tyra356,Donita707,Beier427,,Hilpert278,M,white,nonhispanic,F,Conway  Massachusetts  US,102 Volkman Haven Apt 51,Harwich,Massachusetts,Barnstable County,,00000,41.73558361028495,-70.1013135584439,926712.95,243122.27,95657
627abb07-2bdb-d99d-7bfd-403e27efd9e9,1948-04-18,,999-37-8550,S99936980,X61324630X,Mrs.,Towanda270,Chara19,Donnelly343,,Emmerich580,M,asian,hispanic,F,Lancaster  Massachusetts  US,392 Runolfsdottir Terrace Unit 24,Boston,Massachusetts,Suffolk County,25017,02467,42.27869999741317,-71.08091308991776,558843.60,141626.09,60409
a875ae2a-351d-4301-435b-2bbeee8bd92b,1991-06-28,,999-90-3987,S99988210,X49282057X,Mr.,Marcus77,Tory770,Bartoletti50,,,M,white,nonhispanic,M,Easthampton  Massachusetts  US,1075 Littel Boulevard Apt 31,Shrewsbury,Massachusetts,Worcester County,,00000,42.27816537145454,-71.668337019238,168858.91,0.00,38449
6250c50f-1948-50df-fea5-31dfb88c7bca,1918-10-06,,999-47-1760,S99941477,X37218726X,Mr.,Hollis7,,Gerhold939,,,M,black,nonhispanic,M,Sandwich  Massachusetts  US,577 Sporer Gardens Unit 54,Mattapoisett Center,Massachusetts,Plymouth County,,00000,41.715592951637646,-70.85410300356801,211826.45,2565703.79,506390
82a8b33a-30cf-61d6-b972-6d1febf395df,1990-03-30,,999-29-8694,S99974567,X54470355X,Mrs.,Thora330,Lizzie15,Block661,,Ernser583,M,white,nonhispanic,F,Athens  Athens Prefecture  GR,461 Prohaska Rue Unit 8,Fall River,Massachusetts,Bristol County,25005,02790,41.67750071126819,-71.13176766792328,173947.91,920069.78,67403
2ca98859-9e19-b70b-c23e-6eab52df694a,1972-04-21,,999-10-3717,S99926252,X37554872X,Ms.,Rosario163,Genesis248,Greenholt190,,,S,white,nonhispanic,F,Acton  Massachusetts  US,517 Hansen Underpass,Pittsfield,Massachusetts,Berkshire County,25003,01201,42.40103193363771,-73.2279991251748,538969.30,448023.30,536
d48f2b04-7292-cba5-1b89-d2002fc5d6fc,1968-04-13,,999-85-9283,S99964146,X05966253X,Mr.,Korey682,Aaron697,Heaney114,,,S,white,nonhispanic,M,Worcester  Massachusetts  US,478 Kuhlman Wall,Norwell,Massachusetts,Plymouth County,,00000,42.1528801931672,-70.7792958558287,54182.05,234491.81,888875
a70c551a-debd-d3bf-9762-ac7973824b18,1931-07-11,1990-04-14,999-51-8698,S99961993,X64127871X,Mr.,Dane516,Noble66,Tillman293,,,M,white,nonhispanic,M,Milford  Massachusetts  US,706 Sanford Ville,Springfield,Massachusetts,Hampden County,25013,01129,42.14706665840204,-72.52410419221735,120605.42,71327.92,56465
a142172f-e365-7ee3-0e26-37aef9e58c3c,1969-07-15,,999-16-5324,S99940362,X53496306X,Mr.,Josiah310,Johnathan55,Stoltenberg489,,,S,black,nonhispanic,M,Barnstable  Massachusetts  US,419 Brown Ferry Apt 31,North Reading,Massachusetts,Middlesex County,,00000,42.585598196989125,-71.10626730971482,96416.35,142197.35,177590
9a7d254f-66cf-978f-a520-eb3b2e1beea3,1995-04-14,2024-01-08,999-78-5685,S99996792,X56451984X,Mr.,Jewel43,Marlon619,Bailey598,,,M,white,nonhispanic,M,Belchertown  Massachusetts  US,671 Prohaska Heights,Framingham,Massachusetts,Middlesex County,25017,01702,42.280578269113256,-71.44116127026489,107773.80,76541.67,136964
289a6b5b-2f0a-8f9b-ab31-3f3770040ae4,2002-12-23,,999-10-9264,S99949115,X82632597X,Ms.,Arleen939,Cindie288,Schaefer657,,,,white,nonhispanic,F,Peabody  Massachusetts  US,543 Rowe Station Unit 20,Worcester,Massachusetts,Worcester County,25027,01583,42.23636152202091,-71.8378965798078,142282.00,77485.11,61962
b7feb918-454c-039b-46b2-f609b7552c56,1985-02-23,,999-99-5458,S99942634,X90484186X,Mr.,Blaine377,Clair921,Schimmel440,,,D,black,hispanic,M,Medford  Massachusetts  US,466 Champlin Light Suite 68,Boston,Massachusetts,Suffolk County,25025,02152,42.28632274841325,-71.10506143566245,14193.22,182035.16,16948
4f5250b5-d9a6-9263-5c4b-a27d44a1e07e,1972-02-21,,999-50-3754,S99933797,X95559090X,Mrs.,Kristal814,Chiquita638,Veum823,,Rohan584,M,white,hispanic,F,Somerville  Massachusetts  US,789 Windler Forge Unit 27,Hampden,Massachusetts,Hampden County,,00000,42.109175031759655,-72.42464835175294,726054.72,491193.20,79830
e4639a54-8828-a761-7e5f-c30b2d5974ed,1936-12-18,2018-09-03,999-49-2397,S99983754,X71275861X,Mr.,Ricardo560,,Almaraz628,,,S,white,hispanic,M,Bogota  Bogota  CO,1060 Simonis Drive,Holyoke,Massachusetts,Hampden County,25013,01040,42.16910247807439,-72.64777630734557,204462.09,189583.11,81997
82aae2bb-a9ba-fe98-0e8e-ceee0ed1633c,2003-08-19,,999-17-9454,S99932784,X49055138X,Ms.,Bess947,Minerva230,Predovic534,,,,white,nonhispanic,F,Somerville  Massachusetts  US,238 DuBuque Dam Apt 32,Cambridge,Massachusetts,Middlesex County,25017,02472,42.36793095633964,-71.0590789255611,120886.19,0.00,109712
7868782a-0c2d-d45b-5166-ccbced5aa579,1995-04-14,,999-61-8122,S99974201,X76288691X,Mr.,Dexter530,Marshall526,Monahan736,,,S,white,nonhispanic,M,Westborough  Massachusetts  US,725 Ebert Landing,Framingham,Massachusetts,Middlesex County,25017,01702,42.30194839835592,-71.47458027723063,84537.91,8662.71,136964
9288fa12-1481-e9e6-0ea5-be1536cbb3cb,1927-03-12,,999-11-7061,S99996466,X43399497X,Mrs.,Chi716,Elvia127,Kihn564,,Powlowski563,M,white,nonhispanic,F,Springfield  Massachusetts  US,670 Schamberger Union,Bedford,Massachusetts,Middlesex County,25017,01730,42.54561018702644,-71.3096981017254,384182.03,1233850.88,133893
78819df2-fe5e-83e0-9670-a310afd6cd62,1944-01-05,,999-57-7725,S99923971,X79479898X,Mr.,Jamie386,Malcom15,Steuber698,,,D,asian,nonhispanic,M,Lynn  Massachusetts  US,422 Walter Vista,Douglas,Massachusetts,Worcester County,,00000,42.08885789868717,-71.7722712381505,146266.98,806816.21,31210
c09caa2b-fe54-2230-039a-680333453923,1996-12-16,,999-53-5666,S99951922,X94307618X,Mr.,Chong355,Preston275,Bechtelar572,,,S,asian,hispanic,M,Winchendon  Massachusetts  US,689 Bauch Junction,Middleton,Massachusetts,Essex County,,00000,42.56931028521315,-71.03132699462095,51181.06,27701.56,32177
67f87146-38fe-4bbf-4fac-d88585d1b6a0,2003-01-31,,999-86-4940,S99934300,X03749665X,Ms.,Tish18,,D'Amore443,,,,hawaiian,nonhispanic,F,Acton  Massachusetts  US,726 O'Conner Run Apt 29,Boston,Massachusetts,Suffolk County,25025,02127,42.296277983585,-71.08967403995265,75807.41,4699.69,438048
75064cb9-445b-4940-c51e-88c3ed8a8f37,2000-04-25,2008-06-15,999-81-5472,,,,Lenita591,Lucina142,Heaney114,,,,white,nonhispanic,F,Amherst  Massachusetts  US,536 Windler Run,Tewksbury,Massachusetts,Middlesex County,,00000,42.65266233207131,-71.26514771401949,11899.56,0.00,69429
d7248a20-74f2-48a6-5fa1-9b3b23e4ac2f,2022-11-03,,999-51-7925,,,,Margorie48,Janetta325,Emard19,,,,white,nonhispanic,F,Boston  Massachusetts  US,1003 Dickinson Crossing Apt 45,Natick,Massachusetts,Middlesex County,,00000,42.2541350386554,-71.37347987535571,7787.87,7142.07,35072
3fb2b73f-338e-725d-9bae-77ca4331fca8,1992-12-22,,999-32-8980,S99994015,X86619272X,Mrs.,Jeni110,Salena230,Kessler503,,Pfannerstill264,M,white,nonhispanic,F,Holyoke  Massachusetts  US,118 Schimmel Trail,Medfield,Massachusetts,Norfolk County,25021,02052,42.199571171668204,-71.33947615633535,303762.75,924801.02,61848
32ac7490-3806-6441-5263-e51d5fb56029,1964-06-13,,999-27-3782,S99977248,X67209185X,Mrs.,Kim439,,Kunze215,,Willms744,M,white,nonhispanic,F,Wellesley  Massachusetts  US,132 Dare Parade,Upton,Massachusetts,Worcester County,25027,01568,42.16323904702402,-71.64900851946567,389115.81,682131.34,172438
eac0af17-a0fd-de48-0a8c-7fad896008e4,1970-02-17,,999-80-6573,S99918779,X81281632X,Mr.,Branden904,Dwight645,Lesch175,,,S,white,nonhispanic,M,Plymouth  Massachusetts  US,621 Lakin Dale,Danvers,Massachusetts,Essex County,25009,01937,42.55036791445545,-70.93976639871816,141992.85,0.00,84460
b6b56fc8-9f32-b340-367f-3cfd584e447d,1964-10-23,,999-37-9403,S99999738,X17435636X,Mrs.,Deidre679,Cathryn51,Kautzer186,,Morissette863,M,white,nonhispanic,F,Boston  Massachusetts  US,126 Little Orchard Apt 93,Mashpee,Massachusetts,Barnstable County,,00000,41.586691086886425,-70.54231799233126,310432.44,51269.50,38994
a1a970a9-ef9d-6aca-4247-9b76fa508f6e,2023-05-28,,999-96-7457,,,,Emilie407,Merilyn246,O'Keefe54,,,,white,nonhispanic,F,Somerville  Massachusetts  US,348 Reichert Haven,Franklin,Massachusetts,Norfolk County,25021,02038,42.03605843451834,-71.36211431807803,17206.24,1659.38,59370
8254b62a-0fd9-f848-23ee-2e7cebb46da3,1997-03-22,,999-48-3359,S99994169,X65736915X,Mrs.,Kimberely738,Shara355,Kilback373,,Lueilwitz711,M,white,nonhispanic,F,Wilmington  Massachusetts  US,509 Mayer Overpass,Smith Mills,Massachusetts,Bristol County,,00000,41.63605999647666,-70.97832257325365,118944.77,329967.77,108560
58ed85fb-b0d3-b6d7-7863-041686f06e48,2000-04-25,,999-15-6207,S99958362,X13696008X,Ms.,Mirian768,Felicia295,Hackett68,,,,white,nonhispanic,F,Amherst  Massachusetts  US,669 Dooley Junction,Tewksbury,Massachusetts,Middlesex County,,00000,42.58729870348805,-71.21601135267534,330767.98,53446.04,69429
a0fa48bc-a083-a310-af8c-5c7b03c1b0fc,1931-07-11,2003-07-23,999-10-7978,S99996068,X09413158X,Mr.,Lionel365,Wilmer32,VonRueden376,,,M,white,nonhispanic,M,Holyoke  Massachusetts  US,960 Willms Terrace,Springfield,Massachusetts,Hampden County,25013,01103,42.12407303617173,-72.63051794026678,258187.83,29780.73,56465
69d2abc7-0363-f2d1-835e-5a9ccb85dc3e,1982-04-25,,999-26-7220,S99939079,X90031382X,Mr.,Luther918,Antoine384,Lemke654,,,M,asian,nonhispanic,M,Hong Kong  Hong Kong Special Administrative Region  CN,334 Berge Knoll Suite 56,Boston,Massachusetts,Suffolk County,25025,02120,42.29372071361136,-71.15697331664724,102016.22,24684.35,86175
b977f877-dc39-4d52-ee1a-b69de286edb3,2024-07-28,,999-76-7320,,,,Claude750,,Gulgowski816,,,,white,nonhispanic,M,Toulouse  Occitanie  FR,965 Medhurst Junction Unit 2,Tewksbury,Massachusetts,Middlesex County,,00000,42.600365316056674,-71.24739327201785,5355.80,0.00,154158
da5c921b-559c-4ecb-ecbe-0519bea4f7c9,1966-04-24,,999-74-4611,S99983137,X43622316X,Mrs.,Floretta117,,Kihn564,,Turner526,D,black,nonhispanic,F,Uxbridge  Massachusetts  US,743 Ernser Underpass,Raynham,Massachusetts,Bristol County,,00000,41.91481407025073,-71.0801612999136,288904.39,346917.56,317792
002c215b-a57d-7a61-14ea-379c2198422b,1947-03-30,2014-10-28,999-22-6427,S99955857,X78919095X,Mrs.,Caroyln232,Sona831,Rath779,PhD,Emmerich580,M,black,nonhispanic,F,Bolton  Massachusetts  US,154 Yundt Row,Ludlow,Massachusetts,Hampden County,,00000,42.21786416470518,-72.50594604113707,931752.97,319177.65,73678
af916085-2afa-84e5-1a2b-7a55b123bffa,2021-01-02,,999-52-1816,,,,Ambrose149,Andrea7,Tremblay80,,,,white,nonhispanic,M,Pembroke  Massachusetts  US,985 Deckow Corner,Sudbury,Massachusetts,Middlesex County,,00000,42.36555222080531,-71.42341134680866,20469.73,1128.05,324759
b6066227-e9ed-1289-586b-1be05efd1a1b,2013-04-27,,999-72-4970,,,,Julietta740,Ying817,Herzog843,,,,white,nonhispanic,F,Boston  Massachusetts  US,768 Jones Vista,Waltham,Massachusetts,Middlesex County,25017,02452,42.35455533369758,-71.23355868810374,34007.45,79618.01,28539
dee1aea9-b492-9752-cfa3-facc782935e1,2001-12-27,,999-12-2671,S99917708,X42075532X,Ms.,Yong583,Shandra823,Olson653,,,,white,nonhispanic,F,Fall River  Massachusetts  US,429 Stracke Dam Suite 51,Hudson,Massachusetts,Middlesex County,25017,01749,42.39241591994913,-71.54848971835544,132883.53,344720.80,74005
49ec4b50-1190-cb82-04e1-317bdaab7a41,1985-03-14,,999-90-4857,S99959716,X99601423X,Mrs.,Kami26,Toshia520,Tillman293,,Swaniawski813,M,asian,nonhispanic,F,Worcester  Massachusetts  US,161 Mayer Crossing Suite 79,Brookfield,Massachusetts,Worcester County,25027,01506,42.21760996409793,-72.1558125804825,13011.73,1395289.13,21942
2c914e99-3afd-7d75-2b69-0dfef28cac84,2006-03-23,,999-77-3466,S99967964,X34430367X,Ms.,Rosita520,Helena807,Hammes673,,,,white,nonhispanic,F,Grafton  Massachusetts  US,635 DuBuque Bypass Suite 34,Boston,Massachusetts,Suffolk County,25025,02113,42.3468514992308,-71.11234068457746,4361.27,300198.28,16510
5125de04-0df8-d689-1d9f-285674b5ea59,1987-09-15,,999-47-8058,S99963939,X62044182X,Mrs.,Janetta325,Lena684,Mertz280,,Upton904,M,white,nonhispanic,F,Chelmsford  Massachusetts  US,583 Kub Rest Unit 98,Whitman,Massachusetts,Plymouth County,,00000,42.12879609288649,-70.95008099242703,204972.94,257403.45,90527
d8947e53-1254-728c-4c18-5a1964d07b66,1943-10-30,1997-06-28,999-28-3098,S99976532,X50854013X,Mrs.,Lorina403,Deonna907,Stanton715,,Bernhard322,M,black,hispanic,F,Mendon  Massachusetts  US,257 Jakubowski Trailer,Lexington,Massachusetts,Middlesex County,25017,02421,42.463805673499465,-71.27295928579883,552617.19,337566.57,44194
9290b458-76e5-912b-2997-96a6cc15cbeb,1961-12-06,,999-92-8115,S99936645,X19203114X,Mrs.,Codi873,Darcey370,Yundt842,,Gleason633,D,white,nonhispanic,F,Needham  Massachusetts  US,874 Hansen Trafficway Suite 3,Burlington,Massachusetts,Middlesex County,25017,01803,42.51242837837308,-71.18195638890793,201843.54,757323.68,694112
dd576193-df67-c885-056e-cd3069dbee63,2025-06-07,,999-44-8978,,,,Andres25,Doug189,Sporer811,,,,white,nonhispanic,M,Lowell  Massachusetts  US,766 Walter Forge Apt 0,Mansfield,Massachusetts,Bristol County,,00000,42.03894182450187,-71.22096697706345,5300.33,0.00,139684
ff8fd303-9c69-8f44-db1c-6f0b213aa3d5,2021-06-08,,999-52-9429,,,,Donald774,Bradford382,Schulist381,,,,white,nonhispanic,M,West Newbury  Massachusetts  US,120 Bahringer Trace,Amherst,Massachusetts,Hampshire County,,00000,42.38829232067824,-72.54016308971569,1062.82,23292.41,10576
80c6b47c-1819-2462-7ac5-bc6b522007e1,1936-12-18,2022-04-19,999-36-8803,S99968300,X49414992X,Mr.,Joaquín233,Lucas404,Alba338,,,M,white,hispanic,M,Port-au-Prince  Haiti  HT,179 Volkman Dale Suite 0,Holyoke,Massachusetts,Hampden County,25013,01040,42.18118732237405,-72.67705903952728,243687.93,538050.01,81997
00d312ab-60fd-a003-2c77-ee3766e76c7a,1931-07-11,2007-09-10,999-40-7184,S99972942,X26504002X,Mr.,Gerard367,Sammie902,Hansen121,,,S,white,nonhispanic,M,Lynn  Massachusetts  US,988 Fadel Viaduct Unit 3,Springfield,Massachusetts,Hampden County,25013,01107,42.07261249510283,-72.57053981990363,210850.16,392176.29,56465
9fc74253-62d2-2c14-39c7-5c5d1d1f58e1,1963-03-11,,999-53-5375,S99913696,X58872253X,Mrs.,Lucienne673,Evangeline16,Lueilwitz711,,Lynch190,D,white,nonhispanic,F,Plymouth  Massachusetts  US,583 Schowalter Club Apt 38,Douglas,Massachusetts,Worcester County,,00000,42.01672091362238,-71.73153807254347,725897.20,348437.75,61767
b9d95ffe-24da-5f66-ab43-e924797dc71d,1977-05-18,,999-47-3274,S99972991,X81577920X,Mrs.,Chasidy481,Zulema784,Green467,,Gleason633,M,asian,hispanic,F,Boston  Massachusetts  US,484 Kuphal Manor,Boston,Massachusetts,Suffolk County,25025,02152,42.35248860099066,-71.0134109588782,15716.71,1043513.73,10352
50ad31ad-9439-8717-5a5e-9ce06f2b3e9d,2000-07-13,,999-23-5197,S99912207,X68773728X,Ms.,Brinda322,Raguel228,Ortiz186,,,,white,nonhispanic,F,Dartmouth  Massachusetts  US,891 Crist Wall,South Hadley,Massachusetts,Hampshire County,,00000,42.294213242622746,-72.58385564536543,322407.39,72802.86,68527
f3139a45-36bd-ebc2-8e0c-2739125b22cc,1975-09-20,,999-60-2303,S99948922,X03993945X,Mr.,Harold594,Drew592,Keeling57,,,M,white,nonhispanic,M,Quincy  Massachusetts  US,865 Paucek Plaza Unit 27,Framingham,Massachusetts,Middlesex County,25017,01702,42.30784615907641,-71.4397319733714,102966.28,15412.04,62084
8e7b30b9-3102-5041-7244-83b9aecce437,1989-07-29,,999-41-1275,S99923408,X01500446X,Mr.,Tomas436,Lynn917,Oberbrunner298,,,M,white,nonhispanic,M,Brockton  Massachusetts  US,657 Renner Ferry Suite 83,Northbridge,Massachusetts,Worcester County,,00000,42.08298921215925,-71.64907790617504,110615.44,580.85,111664
32e8269f-1423-337d-bc56-3e3e370b5447,2023-12-17,,999-68-9043,,,,Luba688,Akilah516,Witting912,,,,asian,nonhispanic,F,Beijing  Beijing Municipality  CN,282 Maggio Esplanade,Springfield,Massachusetts,Hampden County,25013,01118,42.1550003160527,-72.46504961202454,5927.13,6212.52,52125
579acbc6-77c5-67c5-f1b2-a2c24e85c0ed,1971-05-26,,999-14-2459,S99946759,X40086144X,Mrs.,Nga248,Liana375,Barrows492,,Sporer811,M,white,nonhispanic,F,Holbrook  Massachusetts  US,495 Robel Neck,West Tisbury,Massachusetts,Dukes County,,00000,41.37844433884503,-70.62801777312015,392626.45,554494.93,126345
748cddb6-e9b5-980d-ecdd-a266f2ce7db2,1944-08-18,,999-68-6385,S99998119,X85084609X,Ms.,Lyla842,Yolonda722,Gusikowski974,,,S,white,nonhispanic,F,Lynn  Massachusetts  US,217 Rodriguez Walk,Natick,Massachusetts,Middlesex County,,00000,42.304826619491614,-71.38015876821264,434356.23,302813.82,35625
7a043126-55b0-cab9-08ab-a998c9004953,2003-11-19,,999-96-6583,S99914064,X17040421X,Mr.,Cordell41,Neal874,Baumbach677,,,,white,nonhispanic,M,Newton  Massachusetts  US,382 Koepp Mission Unit 44,Acushnet,Massachusetts,Bristol County,,00000,41.75797558460028,-70.85814177766056,81696.09,10071.44,102353
a898ad7e-7e75-cfba-85af-71b09ca1e83a,1941-02-08,2022-12-19,999-30-4227,S99932597,X71701844X,Mr.,David908,Chang901,Leuschke194,,,W,white,nonhispanic,M,Fiskdale  Massachusetts  US,480 Batz Trailer,Peabody,Massachusetts,Essex County,25009,01960,42.51409604493446,-70.92483676761572,349466.44,886255.19,80132
70d47152-d19e-266a-2370-cc9971664467,1992-03-08,,999-53-7568,S99960212,X77001518X,Mrs.,Stefani254,Gertude950,Stehr398,,Vandervort697,M,asian,nonhispanic,F,Chongqing  Chongqing Municipality  CN,399 Murray Trace,Boston,Massachusetts,Suffolk County,25025,02130,42.26320529439088,-71.11342233125268,146482.36,497140.64,111178
23f1936f-5ed3-2521-541d-6dca03613d64,1994-03-24,,999-35-2180,S99922829,X77212193X,Mrs.,Tynisha348,,Hansen121,,Barrows492,M,white,nonhispanic,F,Southampton  Massachusetts  US,653 Cummerata Stravenue,Quincy,Massachusetts,Norfolk County,25021,02169,42.26624257628823,-71.06210054338858,63792.25,866403.61,925
467234c9-78c8-f6c4-0835-1c461a7d414b,1976-05-04,,999-31-7639,S99992538,X79308900X,Mr.,Horacio317,Eddy900,Wisozk929,,,D,white,nonhispanic,M,Whitman  Massachusetts  US,300 Frami Tunnel Apt 12,Millis,Massachusetts,Norfolk County,,00000,42.12516629109586,-71.34466528940851,98984.47,102462.07,148843
2ce9dc6a-3d3a-1dab-ce2d-225e901b35e9,1947-03-30,,999-95-5240,S99938514,X41251330X,Mrs.,Tereasa291,Kaitlyn96,Cassin499,PhD,Green467,M,black,nonhispanic,F,Canton  Massachusetts  US,961 Schneider Grove,Ludlow,Massachusetts,Hampden County,,00000,42.187033225950415,-72.44831458730393,722305.30,481207.59,73678
281e5012-66f4-8893-6633-93777d55784e,1943-10-30,2022-07-14,999-61-4462,S99950988,X68784975X,Mrs.,Dawn804,Freida957,Harber290,,Langosh790,M,black,hispanic,F,Boston  Massachusetts  US,843 Cronin Neck Suite 29,Lexington,Massachusetts,Middlesex County,25017,02421,42.40810062312241,-71.18463515671333,364268.94,338924.39,44194
e8a69374-f436-76c9-2175-cd4357add71d,1959-12-05,,999-99-7196,S99965227,X64451578X,Mr.,Clifton91,Bertram873,Sauer652,,,M,white,nonhispanic,M,Oak Bluffs  Massachusetts  US,786 Walsh Brook Apt 7,Gardner,Massachusetts,Worcester County,25027,01440,42.61949359453361,-71.96918025033904,11791.97,266069.76,15692
44a70cc3-d10e-ddef-1182-e8861f59d8f9,1931-07-11,2025-09-11,999-65-8104,S99986352,X28808676X,Mr.,Brad867,Karl184,Rippin620,,,M,white,nonhispanic,M,Ashfield  Massachusetts  US,775 Lesch Stravenue,Springfield,Massachusetts,Hampden County,25013,01104,42.09074588699043,-72.52670546823023,221775.67,386424.76,56465
f906e968-c453-bc1b-b46c-f54183fabbd3,1987-02-12,,999-88-4766,S99945651,X28101788X,Mr.,Millard193,,Greenfelder433,,,M,white,nonhispanic,M,Tewksbury  Massachusetts  US,239 Runte Track,Lynn,Massachusetts,Essex County,25009,01904,42.44228775028056,-71.04200755139105,342231.43,311249.85,37816
09064c61-a82d-cd61-7665-2effb7834275,1965-11-06,,999-58-8852,S99919947,X88964040X,Mrs.,Brittni468,Kia427,Dickinson688,,Bednar518,M,white,nonhispanic,F,Holyoke  Massachusetts  US,1065 Stamm Estate Suite 3,Everett,Massachusetts,Middlesex County,25017,02148,42.44384382986206,-71.01197995028468,1018705.22,83354.91,95571
43f72d6e-2cf7-24da-31d5-854aca5e0f6f,1936-12-18,2002-04-08,999-70-3623,S99972052,X45806259X,Mr.,Julio César525,,Corona300,,,M,white,hispanic,M,Caracas  Capital District  VE,539 Predovic Quay Apt 93,Holyoke,Massachusetts,Hampden County,25013,01040,42.191765699500124,-72.66271194931946,92676.03,298591.53,81997
8d544c37-f300-096b-a042-4bcc4d806fc1,1997-07-11,,999-20-1572,S99981506,X84847713X,Mr.,Larry532,Mohammed454,Schmitt836,,,M,asian,nonhispanic,M,Haiphong  Kiến An  VN,1034 Pfeffer Approach,Boston,Massachusetts,Suffolk County,25025,02151,42.2972849134177,-71.1623318206078,58373.43,14221.61,65475
25168af0-b320-15ee-5a59-c97ddfee009f,1986-10-25,,999-59-1842,S99941920,X05772868X,Mr.,Mariano761,,Little434,,,M,black,nonhispanic,M,North Andover  Massachusetts  US,798 Thompson Port,Belmont,Massachusetts,Middlesex County,25017,02478,42.404894265113334,-71.08954432722318,37789.46,598162.19,167720
1f14a3a2-cd33-d00a-d6b3-dd2b4a6e2257,1970-10-17,,999-47-9885,S99959664,X75155220X,Mrs.,Chae49,Calandra120,Durgan499,,Howe413,M,black,nonhispanic,F,Brookline  Massachusetts  US,1055 Brekke Gateway,Somerville,Massachusetts,Middlesex County,25017,02155,42.36443245524829,-71.11170360867412,14695.36,902893.71,14542
b8de7621-8be1-a4b1-15f6-a62eb27557df,1970-05-11,,999-29-4929,S99928275,X22702089X,Mr.,Jamie386,Reginald96,Rowe323,MD,,M,white,hispanic,M,North Lakeville  Massachusetts  US,716 Moore Parade,Dudley,Massachusetts,Worcester County,,00000,42.05911420881292,-71.96029368467147,212574.78,40342.44,142721
aa116812-e9a6-1106-86e2-4e1b54e78fab,2008-11-25,,999-43-5622,S99959071,,,Rafael239,Bradford382,Farrell962,,,,white,hispanic,M,Belchertown  Massachusetts  US,697 Nikolaus Approach Apt 11,Boston,Massachusetts,Suffolk County,25025,02111,42.33503331578824,-71.0981939278805,7526.09,710485.32,14346
28fed056-0354-268b-92c9-47cbc5c7994a,2004-12-20,,999-23-4800,S99912907,X59986400X,Ms.,Cordia574,Sharri659,Ortiz186,,,,white,nonhispanic,F,Brockton  Massachusetts  US,1001 Klocko Green Unit 86,Agawam,Massachusetts,Hampden County,25013,01030,42.05709884191823,-72.69742805780922,76275.82,129045.23,70258
20829770-c513-ccda-2b91-103cd0a69876,1969-01-21,2007-06-13,999-26-5300,S99952341,X22780600X,Mr.,Fermin479,Will178,Hodkiewicz467,,,M,white,nonhispanic,M,Chicopee  Massachusetts  US,197 Mertz Port,Methuen,Massachusetts,Essex County,25009,01844,42.670934649122195,-71.135473817742,208166.46,483160.01,123353
3bdc0671-4d56-ab14-f454-97b0e19699f5,1999-06-24,,999-47-3506,S99970308,X92401579X,Ms.,Anisha16,Florrie453,Armstrong51,,,,white,nonhispanic,F,Fitchburg  Massachusetts  US,427 Lehner Heights,Somerville,Massachusetts,Middlesex County,25017,02140,42.42944210366084,-71.09739208682302,189763.46,1018101.15,111895
6247fdf9-d990-31ac-8b50-d9fd7d3fd24c,1983-10-30,1998-11-22,999-63-7200,,,,Hugo693,,Nevárez403,,,,asian,hispanic,M,Port-au-Prince  Haiti  HT,148 Kovacek Corner Apt 38,Boston,Massachusetts,Suffolk County,25025,02163,42.383736699202665,-71.00159258836511,5004.40,315551.23,6135
327e41ed-6a6f-b387-5056-ff2ff122c804,1980-11-25,,999-27-9682,S99941801,X74862698X,Mrs.,Meta661,Maye976,Roob72,,Paucek755,M,white,hispanic,F,Boston  Massachusetts  US,410 Parisian Tunnel,Rutland,Massachusetts,Worcester County,25027,01543,42.346402169057356,-71.9369152701524,264121.72,181047.72,56911
4e3fe216-7a47-c432-4f5c-0ba1be356759,1931-07-11,1995-07-25,999-31-4305,S99982421,X07436225X,Mr.,Harold594,Bryant814,Bernier607,,,D,white,nonhispanic,M,Acushnet Center  Massachusetts  US,1044 King Meadow Suite 66,Springfield,Massachusetts,Hampden County,25013,01199,42.11898545498043,-72.62233979076345,199897.37,29966.03,56465
6b12ce03-31ee-fe2c-90fa-a51dc4b48336,1943-10-30,2014-03-06,999-52-9545,S99968248,X23162730X,Mrs.,Jasmine145,Sharie942,Schowalter414,,Kovacek682,D,black,hispanic,F,Wrentham  Massachusetts  US,1033 Boyer Row,Lexington,Massachusetts,Middlesex County,25017,02420,42.46956227911341,-71.19251385049677,451744.94,558350.81,44194
5148039b-04f4-97a6-7e72-ddfad05c716d,1997-09-18,,999-92-3947,S99913952,X92806120X,Mr.,Damon455,Kristopher775,Hansen121,,,M,white,nonhispanic,M,Danvers  Massachusetts  US,998 Hudson Harbor,Somerville,Massachusetts,Middlesex County,25017,02138,42.370050884838626,-71.1423899397515,87371.83,495038.19,65750
d6a34fe9-1615-8f67-cb24-bc2f060dd128,1985-12-14,,999-54-5467,S99972087,X11353976X,Mrs.,Hayley136,Jacquetta148,Heller342,,Dooley940,M,white,nonhispanic,F,Ludlow  Massachusetts  US,900 Schaefer Rapid Apt 8,Belmont,Massachusetts,Middlesex County,25017,02138,42.44481215352385,-71.13885401654973,260284.30,544452.21,848898
eaa07e9a-1ec9-a4a3-68b1-190bdfcd445b,1983-10-30,,999-50-2559,S99976379,X78830003X,Mr.,Alejandro916,Gerardo48,Jaramillo133,,,M,asian,hispanic,M,La Paz  Baja California  MX,522 Ferry Parade Unit 61,Boston,Massachusetts,Suffolk County,25025,02163,42.32880920663608,-71.12703364291743,9188.88,151592.02,6135
0a482ca5-df49-4c0a-0291-adc6e00e4394,1963-09-23,2019-09-08,999-79-4015,S99962669,X17981092X,Mr.,Nicolas769,Hassan290,Jacobs452,,,M,white,nonhispanic,M,New Bedford  Massachusetts  US,607 Ruecker Ranch Apt 93,Greenfield,Massachusetts,Franklin County,25011,01301,42.622568736063236,-72.62054031123412,14033.05,925905.83,10290
9638c750-0ec2-a720-13ea-e526adb518a3,1981-10-27,,999-69-8652,S99968834,X53648375X,Mrs.,Janel230,Madge238,Huel628,,Dickens475,M,white,nonhispanic,F,Sudbury  Massachusetts  US,229 Reilly Dam Suite 46,South Hadley,Massachusetts,Hampshire County,,00000,42.28255872208492,-72.57313203567882,296741.26,273344.32,27759
fea9311b-30cb-eee3-2e37-2095142bc55e,2005-11-14,,999-81-8794,S99968393,X46904672X,Mr.,Bo157,,Kautzer186,,,,white,nonhispanic,M,Weymouth  Massachusetts  US,602 Lemke Village,Greenfield,Massachusetts,Franklin County,25011,01301,42.61327781118485,-72.56182691556295,79452.91,679932.89,44512
05ab7885-a1f5-8b83-d1ea-3878e550a322,2025-07-27,,999-93-6131,,,,Particia365,Hermina428,Corkery305,,,,white,nonhispanic,F,Orleans  Massachusetts  US,831 Hermann Walk,Freetown,Massachusetts,Bristol County,,00000,41.79486546066312,-71.06392465473141,4639.80,0.00,48801
686be867-db42-88b3-1514-632b97e12aea,1950-06-20,,999-92-5191,S99917169,X08328165X,Mrs.,Margo702,Jessika892,Sauer652,,O'Conner199,M,white,nonhispanic,F,Amesbury  Massachusetts  US,861 Klocko Approach,Plymouth,Massachusetts,Plymouth County,25023,02360,41.90994803446434,-70.64137648156098,625985.02,122468.09,38018
773b3edb-dde2-477b-a5cc-8b346da20f61,1972-01-19,,999-97-1826,S99966465,X07498994X,Mr.,Noah480,,Douglas31,,,M,white,nonhispanic,M,Marblehead  Massachusetts  US,996 Fritsch Wall Suite 11,Worcester,Massachusetts,Worcester County,25027,01605,42.19460282188088,-71.83479620575376,150260.24,15640.14,291149
32d1a78b-a3d2-7fb8-9c19-59ce4efc9e73,1990-05-20,,999-93-9539,S99944011,X98582598X,Mrs.,Johanne551,Bertie593,White193,,Kub800,M,white,hispanic,F,Somerville  Massachusetts  US,851 Monahan Crossing Unit 57,Boxford,Massachusetts,Essex County,25009,01921,42.694766996100334,-70.99450051533819,215950.34,608603.39,109046
07e6fb42-9032-90e6-5d4f-756697d6b930,1936-12-18,,999-61-2514,S99970830,X76803445X,Mr.,Rodrigo242,,Rosario163,,,M,white,hispanic,M,Lima  Lima Province  PE,603 Doyle Highlands,Holyoke,Massachusetts,Hampden County,25013,01040,42.2114935918247,-72.66338939911094,378427.66,259503.42,81997
3d6f0fde-3c86-b320-dbc3-ca91cfb3c663,1998-09-27,,999-69-1346,S99990367,X43630412X,Ms.,Venita81,,Sauer652,,,,white,hispanic,F,Mansfield Center  Massachusetts  US,978 Ebert Camp,Boston,Massachusetts,Suffolk County,25025,02108,42.3123344047359,-71.00065763237184,7176.41,224561.06,2030
23367804-310e-4a18-1d55-13aff3b1f1fc,2025-07-20,,999-26-3712,,,,Bell723,Elwanda490,Zemlak964,,,,white,hispanic,F,Chelsea  Massachusetts  US,511 Schiller Wynd Unit 55,Boston,Massachusetts,Suffolk County,25025,02199,42.32347740086145,-71.11492713195295,285.55,6392.52,24446
13353755-e6e3-5ac4-7a58-768dc5694b27,1973-07-01,,999-62-2694,S99921374,X12638158X,Mrs.,Mariko625,Angelic427,Schneider199,,Koepp521,M,white,nonhispanic,F,Fall River  Massachusetts  US,248 Von Crossing Unit 17,Revere,Massachusetts,Suffolk County,25025,02151,42.39294712282101,-71.00100637113178,1199891.21,463698.72,84025
8ef6d32b-8dbb-88eb-9683-3ac4af5a04bb,1955-11-12,2015-07-25,999-10-5710,S99999709,X62925968X,Mrs.,Angelika194,Lashanda692,Streich926,,Olson653,M,white,nonhispanic,F,Marshfield Hills  Massachusetts  US,255 Stroman Plaza Suite 43,Yarmouth,Massachusetts,Barnstable County,,00000,41.68854354483449,-70.25401575671209,566165.00,1264509.93,115032
0a69b119-489d-11bc-df8f-63ad3904dcc5,1955-06-18,1965-11-24,999-66-1327,,,,Kortney212,Ashlie138,Kuvalis369,,,,white,nonhispanic,F,Milford  Massachusetts  US,836 Goyette Esplanade Suite 30,Needham,Massachusetts,Norfolk County,25021,02492,42.344891810733216,-71.26881447511634,21206.67,21677.67,738177
5d2a8138-c328-05a6-9326-a668714c720f,1966-06-29,,999-88-2488,S99936115,X44850934X,Ms.,Jewell855,,Hagenes547,,,S,white,nonhispanic,F,Leominster  Massachusetts  US,1097 West Mall,Westfield,Massachusetts,Hampden County,25013,01085,42.12705833335373,-72.78548941039524,15248.65,789467.88,6555
1c4d1149-78bb-38ff-e502-7d33ea83657b,1996-02-15,,999-39-4360,S99986846,X25713212X,Mrs.,Tasha327,Celsa248,Hilll811,,Nolan344,M,white,nonhispanic,F,Foxborough  Massachusetts  US,665 Wehner Trace,Sutton,Massachusetts,Worcester County,,00000,42.086289123247546,-71.71250177872564,8046.76,107158.77,11971
a88c828b-ef1a-4473-cd22-84c8f4518460,1963-09-23,,999-68-9482,S99913095,X34205647X,Mr.,Darnell564,Antony83,Rogahn59,,,M,white,nonhispanic,M,Beverly  Massachusetts  US,845 Sanford Pathway Unit 34,Greenfield,Massachusetts,Franklin County,25011,01301,42.596046724663516,-72.59734203861981,11638.23,194700.19,10290
200bb6e8-c7f3-10f2-ea20-6095c9700c2a,1931-07-11,,999-87-9890,S99988793,X86559983X,Mr.,Keneth579,Kenneth671,Bayer639,,,M,white,nonhispanic,M,Milford  Massachusetts  US,193 Harvey Orchard,Springfield,Massachusetts,Hampden County,25013,01103,42.0283048430294,-72.5578081602426,127021.26,471301.47,56465
28e6b969-879c-7f15-1961-f447ca8bf761,1969-01-21,,999-81-6725,S99930591,X48289277X,Mr.,Eugenio846,,Daugherty69,,,S,white,nonhispanic,M,Dartmouth  Massachusetts  US,703 Leffler Key,Methuen,Massachusetts,Essex County,25009,01841,42.7087069023069,-71.1731686237932,121025.47,115392.36,123353
ae2b90f5-f51d-4142-c47c-a644a78f2541,1959-04-14,,999-10-1214,S99948796,X03878709X,Mr.,Lavern240,Jefferson174,Halvorson124,,,S,white,nonhispanic,M,Newton  Massachusetts  US,332 Trantow Street Apt 21,Brockton,Massachusetts,Plymouth County,25023,02301,42.09808782633144,-71.01077679672458,116458.75,119107.37,50995
f61cf59a-576d-832e-db98-8e621a5acc95,1943-10-30,,999-81-8797,S99955234,X51135015X,Mrs.,Tammie751,Noemi984,Rohan584,,Kessler503,M,black,hispanic,F,Boston  Massachusetts  US,104 Fisher Viaduct,Lexington,Massachusetts,Middlesex County,25017,02421,42.48546198454956,-71.2202453323595,329961.80,412559.45,44194
de597131-1876-7d29-f6fd-0f3de6800281,1946-07-28,,999-59-8751,S99916189,X47982698X,Mr.,Reuben327,,Conn188,,,W,white,nonhispanic,M,Fitchburg  Massachusetts  US,542 Hickle Port Apt 73,New Bedford,Massachusetts,Bristol County,25005,02743,41.67141170778921,-70.98248999965585,493777.87,735459.48,39138
7bc409d3-38b0-44d0-a971-3a699a25d72f,1993-01-10,,999-92-9172,S99971853,X64035199X,Mrs.,Estell607,Gloria696,Sauer652,,Beer512,M,white,nonhispanic,F,Lawrence  Massachusetts  US,948 Hane Dale,Hull,Massachusetts,Plymouth County,25023,02045,42.35756734720667,-70.91203014342263,137215.88,315834.13,65531
ec80443b-190b-7c51-d5da-15422436d7a8,1941-02-08,,999-41-1832,S99938918,X67661600X,Mr.,Darin74,Leroy603,Hills818,,,W,white,nonhispanic,M,Everett  Massachusetts  US,1099 Ferry Hollow,Peabody,Massachusetts,Essex County,25009,01960,42.49451721708431,-70.96726715294969,244237.92,687416.01,80132
6a30ed73-956e-7a74-7076-6d030cc1ba2f,1977-12-18,,999-78-3172,S99958323,X66316462X,Mr.,Ty725,Roderick835,Aufderhar910,,,D,white,nonhispanic,M,Brookline  Massachusetts  US,168 Kautzer Mission,Concord,Massachusetts,Middlesex County,,00000,42.49285715677772,-71.40151566833886,112485.94,7078.38,142868
35f45afc-6428-e093-32cc-6e00f38ca6a6,1955-11-12,,999-18-8909,S99991446,X71323822X,Mrs.,Kevin729,,Blanda868,,Labadie908,M,white,nonhispanic,F,Weymouth  Massachusetts  US,213 Kuhlman Village Apt 72,Yarmouth,Massachusetts,Barnstable County,,00000,41.645743796921145,-70.17865821387798,1142124.19,262367.15,115032
651b0342-e9b2-b3c1-0095-b527129e262c,1937-07-26,,999-11-2354,S99966159,X86314768X,Mr.,Danny396,Marco578,O'Connell601,MD,,D,hawaiian,nonhispanic,M,Quincy  Massachusetts  US,888 Champlin Rest,Worcester,Massachusetts,Worcester County,25027,01545,42.25834138951668,-71.80826010648484,248133.81,528735.96,70434
dcdf5f95-355f-6f98-368f-ef59b2ce4cef,2008-01-29,,999-70-5838,S99952995,,Ms.,Nola814,Jaqueline846,Price929,,,,white,hispanic,F,Chicopee  Massachusetts  US,353 Kunze Ranch Suite 60,Leominster,Massachusetts,Worcester County,25027,01420,42.530194338890595,-71.73279558130658,64742.70,12831.56,74181
ada9c902-85a0-cb68-b5cb-aea6d7f4d923,1972-01-10,,999-44-9867,S99954837,X46850526X,Mr.,Lyndon118,Geoffrey157,Hermiston71,,,S,white,nonhispanic,M,Holbrook  Massachusetts  US,624 Marquardt Extension Unit 76,Norton,Massachusetts,Bristol County,,00000,42.00530453833899,-71.14037528804192,415161.98,335419.20,63689
cc8d2523-b9c1-721d-e132-d86313af4ab7,1955-06-18,,999-72-3332,S99997595,X38383227X,Mrs.,Dannielle300,Chere867,Lueilwitz711,,Ritchie586,M,white,nonhispanic,F,Braintree  Massachusetts  US,915 Fadel Heights Suite 13,Needham,Massachusetts,Norfolk County,25021,02492,42.27497201132852,-71.25914626019897,259434.26,1534227.05,738177
bee402b1-a41a-7c12-41a4-c89961650465,1996-03-29,,999-46-9857,S99925367,X59024014X,Mrs.,Alanna27,Yahaira79,Wolff180,,Pagac496,M,asian,nonhispanic,F,Tewksbury  Massachusetts  US,965 Kreiger Branch,Chelsea,Massachusetts,Suffolk County,25017,02149,42.41626613643597,-70.96752623073435,115842.45,526243.51,91455
e52ee6ba-f02f-28c4-92aa-9643d56cc23e,2006-12-10,,999-17-2952,S99912914,,Mr.,Allen322,Titus37,Nitzsche158,,,,white,nonhispanic,M,Ashland  Massachusetts  US,204 Leffler Park Apt 10,Boston,Massachusetts,Suffolk County,25025,02108,42.329589700366284,-71.04657955367249,23815.00,14414.00,143831
acee08d6-98e0-4963-7561-1a9d51c39b9b,1976-08-02,,999-58-7194,S99959386,X66750771X,Mrs.,Eleanor470,Willie882,Mraz590,,Shields502,D,white,nonhispanic,F,Acushnet  Massachusetts  US,385 Raynor Estate Suite 7,Westfield,Massachusetts,Hampden County,25013,01085,42.15944507648674,-72.78615638536428,245853.27,377323.90,122355
03f1e371-0fb4-476c-1c1d-439dac7b0ee2,1972-05-28,2022-03-30,999-61-9467,S99961745,X33016864X,Mrs.,Elsa29,Suk497,Romaguera67,,Gerhold939,W,white,nonhispanic,F,Boston  Massachusetts  US,484 Hettinger Esplanade Unit 23,Quincy,Massachusetts,Norfolk County,25021,02186,42.25185627152155,-71.02300844346567,199669.77,928542.59,27643
5832047f-49d6-1c23-8ee5-b32f6c56389c,1963-08-07,,999-82-5342,S99990389,X56035294X,Mr.,Marco578,,Corkery305,,,W,white,hispanic,M,Harvard  Massachusetts  US,120 Jacobson Trafficway Apt 85,Dartmouth,Massachusetts,Bristol County,,00000,41.53128581772014,-70.93816267593834,120338.90,19554.46,46737
ebab4531-49bb-546b-7a49-07112aa003a0,1982-02-16,2005-01-09,999-52-7645,S99933723,X10992122X,Mr.,Leonardo412,Brian582,Leffler128,,,,white,nonhispanic,M,Freetown  Massachusetts  US,904 Gulgowski Club Suite 72,Fall River,Massachusetts,Bristol County,25005,02720,41.557979727812835,-71.05261472077892,5734.49,159033.50,23226
dbb12df6-1bdb-816b-605b-605651052682,2025-12-03,,999-60-6983,,,,Donetta1,Angla303,Kuhn96,,,,asian,nonhispanic,F,Tokyo  Tokyo  JP,140 Carroll Approach,Norwood,Massachusetts,Norfolk County,25021,02090,42.205623952815955,-71.23583746995966,4253.62,0.00,101921
d40328b5-c64b-16ce-c4c7-b2fb62410134,1942-08-09,2006-02-09,999-74-5323,S99972349,X81785782X,Ms.,Isa815,Dedra50,Bode78,,,S,white,nonhispanic,F,Boston  Massachusetts  US,339 Quitzon Route,Barnstable,Massachusetts,Barnstable County,25001,02647,41.74089543625982,-70.22850636919058,991786.00,3581422.63,106875
01dcae70-79d3-976a-e2d7-bc75d7165a65,2016-04-01,,999-95-3321,,,,Danial835,Guy979,McDermott739,,,,white,nonhispanic,M,Sharon  Massachusetts  US,125 Halvorson Key,Burlington,Massachusetts,Middlesex County,25017,01803,42.54707627657272,-71.24185287893404,2201.52,32036.65,18547
fa99c62e-bbe7-d028-8ff4-123c6295f438,2017-06-11,,999-84-9975,,,,Wilma646,Hettie215,Luettgen772,,,,asian,hispanic,F,Springfield  Massachusetts  US,124 Rohan Junction,Holden,Massachusetts,Worcester County,,00000,42.373536692221776,-71.90100054827154,10795.94,33212.13,133158
0db36358-84ca-0974-0c82-09c513fb3312,1990-01-11,,999-89-5826,S99913111,X82337804X,Mr.,Floyd420,,Quitzon246,,,M,white,nonhispanic,M,Beverly  Massachusetts  US,583 Anderson Meadow,Framingham,Massachusetts,Middlesex County,25017,01702,42.30466296225268,-71.49224328834993,8296.28,114072.25,7707
8892d542-8985-e099-09f0-0191c7ab8003,1963-04-02,,999-58-4564,S99969004,X76011740X,Mrs.,Soo315,Laveta191,Jerde200,,Ziemann98,M,white,nonhispanic,F,New Bedford  Massachusetts  US,958 Keeling Trail Apt 83,Haverhill,Massachusetts,Essex County,25009,01835,42.819339133355676,-71.08657237349915,17325.85,1085290.52,20925
1d77447d-88dc-dbe7-73db-43bf17fae14e,1959-12-17,2022-04-04,999-24-7165,S99945803,X62854868X,Mrs.,Merrie964,Dionne995,Gleichner915,,Ebert178,W,white,nonhispanic,F,Peabody  Massachusetts  US,381 Nader Mews Suite 16,Fall River,Massachusetts,Bristol County,25005,02723,41.71511705222959,-71.20526335508943,234856.37,865479.74,29565
b255c264-17bc-4d92-e150-8a09e2c205da,1982-04-21,,999-81-9587,S99986243,X75834687X,Mr.,Quentin28,Jerrod232,Stoltenberg489,,,M,white,nonhispanic,M,Westford  Massachusetts  US,1014 Rowe Highlands Suite 75,Chelsea,Massachusetts,Suffolk County,25025,02151,42.363305601593154,-71.02449188341981,152014.66,566225.09,135536
4ffe8350-46b0-d0cf-677f-f04120d4035c,1982-02-16,,999-11-1843,S99948004,X29764316X,Mr.,Sylvester827,Wilford267,Kunze215,,,S,white,nonhispanic,M,Boston  Massachusetts  US,201 Hoppe Wynd Unit 11,Fall River,Massachusetts,Bristol County,25005,02720,41.639257202358536,-71.1276916667655,7917.79,94179.13,23226
5b302035-2d9d-8048-1714-ec30aeacb5ad,1972-05-28,,999-49-9202,S99991937,X46344987X,Mrs.,Aurore252,,Stokes453,,Stehr398,D,white,nonhispanic,F,Boston  Massachusetts  US,962 Hayes Station,Quincy,Massachusetts,Norfolk County,25021,02171,42.213134521102155,-71.04368253614433,157899.70,1238689.01,27643
6d5fee78-999f-4172-cf3e-d8e210978596,1973-02-12,,999-14-8502,S99958370,X96864171X,Mr.,Kelley882,Sammy219,Gulgowski816,,,M,black,nonhispanic,M,Quincy  Massachusetts  US,208 Glover Avenue Unit 48,Chelsea,Massachusetts,Suffolk County,25025,02151,42.401938460507296,-71.04261040103766,17864.38,329545.38,13559
5db92365-1260-018f-9386-138431cd56b2,2010-09-22,,999-89-2108,,,,Nella762,Wesley533,Turcotte120,,,,white,nonhispanic,F,Canton  Massachusetts  US,140 Rolfson Quay,Sandwich,Massachusetts,Barnstable County,25001,02563,41.7008258847531,-70.45043904809734,49317.49,6894.35,107093
92be8b9f-ac3f-5284-014d-b9a1778a125d,1978-03-28,,999-33-9411,S99932691,X12355728X,Mrs.,Maxima831,Shameka870,Lemke654,MD,McCullough561,M,white,nonhispanic,F,Ludlow  Massachusetts  US,853 Von Trafficway,Medway,Massachusetts,Norfolk County,,00000,42.131616986213736,-71.44555948740222,206942.79,675485.72,132900
5bbffc30-a20a-3de3-b461-8b790b971b86,1969-03-26,,999-51-6619,S99960364,X47540142X,Mr.,Ahmad985,Bernard308,Bahringer146,,,M,white,nonhispanic,M,Norfolk  Massachusetts  US,457 Feeney Grove,Chatham,Massachusetts,Barnstable County,25001,02633,41.60671004266219,-70.02847249736782,167907.55,19206.62,63284
4848f057-b7ce-7749-c89f-078e4f415f4d,2025-12-19,,999-18-1491,,,,Robby860,Robby860,Mraz590,,,,white,nonhispanic,M,North Andover  Massachusetts  US,900 Rutherford Branch,Orange,Massachusetts,Franklin County,25011,01364,42.65409667735332,-72.32291883556611,4489.29,0.00,141469
993494f0-3447-5faa-780d-69adb105273b,1978-09-14,,999-74-8091,S99968248,X32958201X,Mrs.,Carla633,Eva64,Ozuna605,,Menchaca276,M,white,hispanic,F,Bogota  Bogota  CO,372 Weissnat Gateway,Auburn,Massachusetts,Worcester County,,00000,42.16886727422373,-71.87880480070746,1084571.24,141268.12,109002
f3a987fa-e3f6-bdd8-8851-7eb7ef6f4e09,1959-02-16,,999-98-7499,S99984417,X64848451X,Mrs.,Marjorie611,Georgianna701,Padberg411,,Sawayn19,M,white,nonhispanic,F,Newton  Massachusetts  US,537 Connelly Crossroad Unit 26,Uxbridge,Massachusetts,Worcester County,,00000,42.102840875104796,-71.65603029406752,430466.60,1439203.37,149530
39aa57e1-e86d-8d89-0970-0f3d52a09a31,2013-07-12,,999-33-8220,,,,Jerry654,Lindsey52,Ortiz186,,,,white,nonhispanic,M,Cambridge  Massachusetts  US,908 Moen Junction,Raynham Center,Massachusetts,Bristol County,25005,02768,41.901288588465,-71.00408652276339,36648.69,4153.15,108556
3fa3301a-6e47-0c5e-5b34-8ed1bd566c3c,1973-05-14,,999-58-8209,S99923462,X60319836X,Mrs.,Brett333,Blanca837,Fahey393,,Parisian75,M,white,nonhispanic,F,Needham  Massachusetts  US,283 Wolf Bay Unit 90,Watertown,Massachusetts,Middlesex County,25017,02472,42.33830741394139,-71.1864260089205,16936.06,813657.80,16117
03e96d23-ae8f-8f8b-074c-712c478d4d44,1988-08-07,,999-78-8823,S99976596,X42048128X,Mrs.,Clelia416,Thora330,Windler79,,Fay398,D,white,nonhispanic,F,Newton  Massachusetts  US,773 Pouros Rue Suite 19,Worcester,Massachusetts,Worcester County,25027,01602,42.30411305397829,-71.82132223268061,143498.98,602636.22,110920
7502dbdc-2af0-6e2a-1a7b-b7d99e2fc99a,1993-08-04,,999-83-4089,S99922653,X73974878X,Ms.,Sheena120,Freda902,Bradtke547,,,S,white,nonhispanic,F,Westfield  Massachusetts  US,353 Koss Junction,Springfield,Massachusetts,Hampden County,25013,01118,42.07459332185463,-72.56596818248269,169974.82,490934.37,65398
8e61196a-7c0a-e776-36e4-b892a98abeb6,1978-05-30,,999-59-1121,S99951443,X94649981X,Ms.,Veda284,Idell650,Sipes176,,,S,white,nonhispanic,F,Shrewsbury  Massachusetts  US,108 Hayes Junction,Lynn,Massachusetts,Essex County,25009,01905,42.51824314062866,-70.98965125072235,265618.62,440328.49,72349
aa6f712f-9d0d-97b7-0118-078aaa1e4c3a,2011-01-10,,999-61-2940,,,,Terry864,Sonny285,Rice937,,,,white,nonhispanic,M,Methuen  Massachusetts  US,1055 Rice Underpass Apt 73,Tewksbury,Massachusetts,Middlesex County,,00000,42.62695035348287,-71.27317933599923,3781.83,49979.89,25704
bb0dab85-5331-55d1-91b1-fbb1860f447a,2005-06-23,,999-77-4688,S99929603,X03819707X,Mr.,John539,Doyle959,Kautzer186,,,,white,nonhispanic,M,Brockton  Massachusetts  US,251 Daugherty Promenade Suite 77,Southampton,Massachusetts,Hampshire County,,00000,42.19728511800801,-72.75219261957082,57824.51,2565.45,125039
8abd320d-d93d-3ecf-a4ae-5d9c60b65c80,1997-02-26,,999-21-8121,S99916607,X08423613X,Mrs.,Conchita9,Raquel318,Ontiveros947,,Delagarza9,M,white,hispanic,F,Havana  Havana  CU,194 Macejkovic Divide,Boston,Massachusetts,Suffolk County,25025,02130,42.36634648975475,-71.08896257215874,188576.96,165054.10,78903
d09a811b-da8f-aae5-5f5b-90da88758cd2,2022-12-17,,999-62-4821,,,,Rosie394,Pamelia915,Fay398,,,,white,nonhispanic,F,Nantucket  Massachusetts  US,313 Schinner Throughway Unit 4,Attleboro,Massachusetts,Bristol County,25005,02703,41.859614426310934,-71.31767908337162,7480.48,6593.86,69991
961b0010-b8ab-c267-39e6-7da01b8bfcf8,1959-12-17,,999-19-8923,S99917899,X65822414X,Mrs.,Georgene966,,Hauck852,,Becker968,D,white,nonhispanic,F,Franklin  Massachusetts  US,455 Nader Skyway,Fall River,Massachusetts,Bristol County,25005,02721,41.661352136666935,-71.1981624618544,255653.08,207030.04,29565
2f54a20b-72e4-e8df-cf64-1ceb80d72a4e,2018-12-26,,999-20-9184,,,,Jesus702,Augustus49,Hartmann983,,,,white,nonhispanic,M,Fall River  Massachusetts  US,432 Beer View,North Brookfield,Massachusetts,Worcester County,25027,01535,42.28287699078091,-72.10668602669078,13482.38,0.00,142359
9369e43b-83a6-f7c5-9319-20f1f6fc3028,2008-05-09,,999-49-8867,S99990176,,Ms.,Seema671,,Wilkinson796,,,,white,nonhispanic,F,Medford  Massachusetts  US,705 Vandervort Wynd,Quincy,Massachusetts,Norfolk County,25021,02186,42.220239756946455,-71.00568599643921,85949.39,518751.88,45953
68fc20d9-1edd-f84b-cd0d-57e259b72418,1975-03-09,,999-63-5379,S99915213,X72993166X,Mr.,Timmy68,Sherwood961,Stoltenberg489,,,M,white,nonhispanic,M,Arlington  Massachusetts  US,886 Gleason Common Suite 55,Brookline,Massachusetts,Norfolk County,25021,02446,42.28976652196901,-71.18328616732668,176238.94,77077.98,45944
2f1bae9b-748c-0da6-d2a8-c4672718e26c,1965-01-04,,999-21-8342,S99923416,X42169382X,Ms.,Edra310,Carrie738,Reilly981,,,S,white,nonhispanic,F,Northampton  Massachusetts  US,1031 Gibson Passage Apt 97,Methuen,Massachusetts,Essex County,25009,01844,42.72765910863016,-71.16613542345765,604514.55,181933.07,61924
f1edc5d7-c797-2d38-5109-a26843161261,1965-05-16,,999-91-3563,S99987214,X13481581X,Ms.,Shanel903,,Herzog843,,,S,white,nonhispanic,F,Newton  Massachusetts  US,1073 Satterfield Rapid Apt 28,New Bedford,Massachusetts,Bristol County,25005,02748,41.710843477670345,-70.99070488696645,30536.01,1027718.31,6362
e8f1f235-d785-84de-2d2e-acedf45fb668,2010-06-28,,999-54-9617,S99952373,,,Malcom15,,McLaughlin530,,,,white,nonhispanic,M,Boston  Massachusetts  US,562 Mante Esplanade,Foxborough,Massachusetts,Norfolk County,25021,02035,42.01552853154609,-71.20356431509897,44786.37,4547.99,161368
ec569e01-d481-6b21-9426-e93a213e1448,2006-08-31,,999-11-5396,S99952864,,Mr.,Hershel911,Brian582,Cummings51,,,,asian,nonhispanic,M,Dunstable  Massachusetts  US,285 Hagenes Lodge Apt 65,Sharon,Massachusetts,Norfolk County,25021,02067,42.114518662296966,-71.17721628103662,47279.61,7757.36,602725
1d8df17b-12a4-b9c1-a574-5a98b1a1ff18,1989-12-08,,999-65-9428,S99993868,X24702362X,Mr.,Dee580,Billy698,Medhurst46,,,M,white,nonhispanic,M,Charlton  Massachusetts  US,606 Dietrich Glen Apt 58,Haverhill,Massachusetts,Essex County,25009,01832,42.806882876858445,-71.0668412609594,96680.96,0.00,74546
b318f805-220a-a5c1-5a80-7d5cd4777691,1998-10-07,,999-96-9324,S99934120,X85006817X,Mr.,Micah422,Walker122,Gerlach374,,,,white,nonhispanic,M,New Bedford  Massachusetts  US,1042 Robel Course,Peabody,Massachusetts,Essex County,25009,01940,42.52739468381494,-70.9226995998567,14662.73,678135.61,12315
f84b5ab7-e7be-d001-8eb6-c4f53b32d676,2017-03-23,,999-12-5565,,,,Elly836,Wanda961,Rath779,,,,white,nonhispanic,F,Springfield  Massachusetts  US,959 Swift Key,Boston,Massachusetts,Suffolk County,25025,02119,42.28460111827013,-71.05234862151345,16984.81,28730.74,120071
fc9cf08a-7d7c-04c0-0e9d-fab714e6fea2,1949-02-09,,999-33-9349,S99960980,X28293295X,Mrs.,Ana972,Sheryl275,Upton904,,Nader710,D,white,nonhispanic,F,Moscow  Moscow  RU,832 Bednar Lock,Wareham,Massachusetts,Plymouth County,,00000,41.76818247818166,-70.69425733439405,948060.67,422015.29,95440
93684f20-b5ef-e9b1-1af5-65599c1f1a7b,2013-11-12,,999-98-2180,,,,Cruz300,Dominick530,Keeling57,,,,black,nonhispanic,M,Norwood  Massachusetts  US,997 Collier Forge,Boston,Massachusetts,Suffolk County,25025,02109,42.3164134686167,-71.1377109599518,50193.45,6495.11,94072
fe55c904-a64e-43c9-654a-78f06bdbe379,1942-08-09,,999-27-5197,S99954985,X10540059X,Mrs.,Lelah386,Dollie671,Huels583,,Kreiger457,W,white,nonhispanic,F,Cambridge  Massachusetts  US,724 Koss Mill,Barnstable,Massachusetts,Barnstable County,25001,02673,41.675721804316375,-70.3665075235105,974869.48,124866.28,106875
7f331fa7-642a-6fb5-40e4-22bb7bec0122,1991-03-20,,999-42-7846,S99995643,X09949014X,Mr.,Renato359,Adan632,Ruecker817,,,M,white,nonhispanic,M,Attleboro  Massachusetts  US,345 Metz Club Apt 57,Framingham,Massachusetts,Middlesex County,25017,01701,42.337795633661464,-71.42052412114022,6788.98,87156.77,22303
fcc026ed-513a-172c-9b14-a3a01498b443,1930-02-23,2013-03-02,999-75-4812,S99940762,X29546690X,Ms.,Cristy798,,Koss676,,,S,asian,nonhispanic,F,Marshfield  Massachusetts  US,710 White Fort,Whitman,Massachusetts,Plymouth County,,00000,42.11681196156312,-70.9285894092884,28679.30,1114231.42,1249
7c3c5d09-af84-b228-a93c-c25b78a38a6b,1979-07-29,,999-71-3180,S99932966,X43370769X,Mr.,Andrew29,Rosario163,Christiansen251,,,D,asian,nonhispanic,M,Bourne  Massachusetts  US,1082 Deckow Divide,Tewksbury,Massachusetts,Middlesex County,,00000,42.635048516814436,-71.19273749417323,88379.94,10644.61,59407
da095772-766c-1482-2f28-886f3d9cfc3b,1997-07-01,,999-26-7595,S99937580,X97824197X,Mr.,Dario75,Burt293,O'Keefe54,,,M,white,nonhispanic,M,Randolph  Massachusetts  US,429 Champlin Vale,Chicopee,Massachusetts,Hampden County,25013,01022,42.22907663617749,-72.52295598112593,68170.88,35893.41,88562
9687269d-1fab-ed82-793f-f18bc3e12676,2023-10-15,,999-93-2070,,,,George991,,Stamm704,,,,white,nonhispanic,M,Brockton  Massachusetts  US,189 Murray Arcade,Malden,Massachusetts,Middlesex County,25017,02155,42.4776121224084,-71.09643507158425,6014.16,7163.87,153502
ce790185-f12d-7820-20be-73030e0d7768,1958-06-03,,999-54-3978,S99971331,X95641978X,Mr.,Randolph418,Denis399,Cronin387,,,S,white,nonhispanic,M,Brockton  Massachusetts  US,513 Witting Glen Unit 93,Cambridge,Massachusetts,Middlesex County,25017,02142,42.382294227777734,-71.12449984319721,180395.70,71059.59,137767
d82c715a-b14a-8931-ba68-6f75bf9f9f58,1984-04-01,,999-60-2343,S99954958,X19573916X,Mrs.,Renate369,,Balistreri607,,Koch169,D,white,nonhispanic,F,Norfolk  Massachusetts  US,222 Koepp Crossroad Unit 17,North Andover,Massachusetts,Essex County,,00000,42.65844247672427,-71.09458264149438,133881.12,644671.94,196328
9dff3cd0-07df-8fab-357e-2722c74255fa,1982-08-14,,999-69-4053,S99970653,X48243088X,Mr.,Blake449,Ernest565,Jacobs452,,,M,hawaiian,hispanic,M,Haverhill  Massachusetts  US,779 Ratke Ramp Suite 15,Boston,Massachusetts,Suffolk County,25025,02132,42.339333027996524,-71.06166534431648,131146.21,0.00,83670
8cdf6806-b3a3-2200-8e00-1bb23a1f1597,1992-04-23,,999-45-2057,S99946695,X90728562X,Mr.,Wm806,Lewis216,Breitenberg711,,,S,white,nonhispanic,M,Gloucester  Massachusetts  US,869 Kling Path,Norwell,Massachusetts,Plymouth County,,00000,42.138335312663195,-70.83809835261901,65539.10,218587.79,24437
52cb2e1b-c1d3-3ca9-2019-7139633a21ba,2006-06-02,,999-56-4766,S99952762,X00187366X,Mr.,Bill567,Sung603,Kassulke119,,,,white,nonhispanic,M,Sterling  Massachusetts  US,730 Nicolas Glen Apt 47,Leicester,Massachusetts,Worcester County,,00000,42.28472736624046,-71.93056141896369,49553.33,11205.63,61945
1d767e72-01cf-6bb1-e833-a597f3ed4b13,2017-09-17,,999-60-7499,,,,Herschel574,Bart73,Roberts511,,,,white,nonhispanic,M,Palmer  Massachusetts  US,443 Kreiger Port,Lowell,Massachusetts,Middlesex County,25017,01854,42.59771221063159,-71.32931581116775,11559.68,26556.26,83861
2989202c-815a-ef00-39d9-4904bfccab3b,2019-09-03,,999-27-7765,,,,Oren284,Tyler508,Wehner319,,,,white,nonhispanic,M,Franklin  Massachusetts  US,996 Carter Dam,Winchendon,Massachusetts,Worcester County,25027,01475,42.638993548019954,-72.01405034118892,3510.49,9208.54,38568
28c8873a-b2d9-2e30-cb32-099cdd231f51,2005-08-27,,999-31-3981,S99947690,X46468512X,Ms.,Maryam561,Hulda44,Willms744,,,,white,nonhispanic,F,Halifax  Massachusetts  US,716 Kshlerin Boulevard Apt 28,Springfield,Massachusetts,Hampden County,25013,01109,42.1233167313163,-72.55024635309299,100487.77,56077.94,45808
b10d3e96-8c13-f8ef-5e2a-b0aec224d1f1,1992-10-13,,999-42-2098,S99970911,X66544465X,Mrs.,Tari300,,Hane680,,Kunze215,M,white,nonhispanic,F,Burlington  Massachusetts  US,456 Hermiston Gateway,Wilmington,Massachusetts,Middlesex County,25017,01887,42.56396564233742,-71.12942860870112,45459.40,47658.10,196390
7c92d029-e700-fba9-a7ae-b03d35efdb23,2023-09-22,,999-39-9291,,,,Daren950,Benedict104,Ryan260,,,,white,nonhispanic,M,Lexington  Massachusetts  US,452 Waters Neck,Millis,Massachusetts,Norfolk County,,00000,42.21628406062251,-71.33024747991298,635.47,31055.35,13926
b034c3b4-2840-f2a6-8317-b311fb30861f,2020-01-29,,999-41-1929,,,,Estela596,Eva64,Quiroz936,,,,white,hispanic,F,Salisbury  Saint Joseph Parish  DM,801 Witting Approach,Abington,Massachusetts,Plymouth County,25023,02351,42.14912700347342,-70.92763619674278,28311.46,4783.72,86509
35e248b4-575f-6e12-129d-dd67f83267ef,2000-02-11,,999-45-6313,S99976483,X13824840X,Mr.,Minh326,Danial835,Becker968,,,,white,nonhispanic,M,Acushnet  Massachusetts  US,301 Deckow Crossroad,Fall River,Massachusetts,Bristol County,25005,02724,41.65304350284508,-71.12109219151353,39065.87,41282.59,64082
b58661d7-f62d-ccb7-0098-06e9e19f595d,2022-11-10,,999-97-3297,,,,Shantae970,,Gottlieb798,,,,white,nonhispanic,F,Leominster  Massachusetts  US,947 Lesch Hollow Apt 69,Marshfield,Massachusetts,Plymouth County,25023,02050,42.15738787785071,-70.68274123388335,12574.57,2000.74,160831
3d267446-4962-214f-24a2-23ce0e668d72,1954-02-17,,999-30-7611,S99956317,X73030728X,Mr.,Hiram237,Graham902,Keebler762,,,S,white,nonhispanic,M,Somerville  Massachusetts  US,897 Miller Spur Suite 78,Chicopee,Massachusetts,Hampden County,25013,01020,42.15255515502845,-72.62499350257501,70052.93,1148972.27,13580
c26d0099-62ba-6911-b627-15c8f9b86e29,1969-07-30,,999-89-3872,S99971651,X54788095X,Mr.,Peter292,,Murazik203,,,S,white,nonhispanic,M,Taunton  Massachusetts  US,979 Hyatt Vista Unit 81,Westfield,Massachusetts,Hampden County,25013,01086,42.11740005796654,-72.78159953120048,92798.31,148304.08,957408
ff2fcd28-576b-ce65-6052-c587ed772f07,1975-04-16,,999-10-8663,S99973803,X02286437X,Mrs.,Christina143,Marci572,Kuphal363,,Toy286,M,white,nonhispanic,F,Andover  Massachusetts  US,121 Huels Loaf Unit 59,Raynham Center,Massachusetts,Bristol County,25005,02768,41.915386763146905,-71.09579603618181,562064.70,675867.46,99364
1b7413b7-6581-9baf-c6a4-f10159fc5275,1955-11-08,2016-02-23,999-17-2540,S99967127,X60673060X,Mrs.,Carlos172,Terina405,Johns824,,Leffler128,M,white,nonhispanic,F,Pittsfield  Massachusetts  US,1075 Roberts Extension Unit 42,Dudley,Massachusetts,Worcester County,,00000,42.042304640074775,-71.91470969781535,353878.05,1031977.49,139686
a055e151-1cdf-1174-a5b7-6a47b17a7411,1988-01-05,,999-34-2014,S99953943,X12090273X,Ms.,Lahoma872,,Larson43,,,S,white,nonhispanic,F,Medford  Massachusetts  US,354 Frami Avenue,Buckland,Massachusetts,Franklin County,,00000,42.597319726714026,-72.83642553899888,250493.13,449938.58,157420
8d7abdbc-5745-2807-d9eb-a2294a113249,1929-03-08,,999-39-8749,S99948561,X48652421X,Mr.,Arnold338,Thanh759,Mueller846,,,D,white,nonhispanic,M,Boston  Massachusetts  US,504 Maggio Crossing,Medford,Massachusetts,Middlesex County,25017,02155,42.393539541256715,-71.13458855782974,318681.46,494374.31,39323
bcae8500-8815-92b6-f54e-008ed215567c,1975-06-30,,999-36-6823,S99931459,X68054202X,Mr.,Edmond919,Rex53,Powlowski563,,,M,white,nonhispanic,M,Boston  Massachusetts  US,451 Adams Rapid Unit 74,Seekonk,Massachusetts,Bristol County,,00000,41.800395311837,-71.29721129449179,121485.24,3958.83,120886
a5da5456-578c-2694-5536-6949f88820aa,1930-02-23,2026-08-14,999-80-5301,S99965479,X86753305X,Mrs.,Jonnie215,,Grady603,,Ritchie586,D,asian,nonhispanic,F,Revere  Massachusetts  US,113 Wintheiser Union Unit 91,Whitman,Massachusetts,Plymouth County,,00000,42.11091151579814,-70.9463899777298,459776.56,1444269.63,1249
3259e408-3d0c-5cd6-06e7-0263d3948086,2009-12-06,,999-56-4970,S99979978,,,Lorie307,Simone657,D'Amore443,,,,white,nonhispanic,F,Somerville  Massachusetts  US,961 Erdman Village Apt 82,Kingston,Massachusetts,Plymouth County,25023,02364,42.02155887337278,-70.70506019173334,37359.35,33304.68,67646
747ebad1-c460-94f1-df94-2a5787d5ee03,1963-12-11,,999-33-2458,S99979780,X11561850X,Mr.,Ted955,Erwin847,Leuschke194,,,M,white,hispanic,M,Lawrence  Massachusetts  US,1057 Emmerich Spur Unit 51,Everett,Massachusetts,Middlesex County,25017,02148,42.364580250921605,-71.05453706611165,9873.85,131647.40,18933
59ea87bf-c4f5-9bf0-25a2-ea682e5d112b,1995-08-18,,999-47-3989,S99937037,X31384527X,Mr.,Jonathan639,,Osinski784,MD,,M,asian,nonhispanic,M,Westwood  Massachusetts  US,725 Cronin Walk,Arlington,Massachusetts,Middlesex County,25017,02476,42.45292555065426,-71.13373223039905,64803.31,32219.04,173899
ee5e35f9-c2e4-bcc1-3037-b979035126c7,1966-02-04,,999-42-1434,S99991451,X73855993X,Mr.,Dustin31,Derick144,Kuhn96,,,M,white,nonhispanic,M,Mansfield  Massachusetts  US,305 McGlynn Burg Apt 95,Yarmouth,Massachusetts,Barnstable County,,00000,41.68162952767902,-70.18103331601674,142172.87,50551.09,68584
2e4364f8-a55c-d926-8d64-22529eedaa73,2002-08-12,,999-70-4934,S99930411,X01588369X,Ms.,Sebrina910,Jeni110,Kovacek682,,,,white,nonhispanic,F,Boston  Massachusetts  US,334 Cartwright Road Suite 98,Cambridge,Massachusetts,Middlesex County,25017,02142,42.40764133914196,-71.12259724669934,48614.13,130789.62,57177
9ff053b5-a60f-ed46-69a1-26e0591effd2,2003-08-20,,999-14-7760,S99953296,X02522736X,Ms.,Edythe31,Iesha760,Schulist381,,,,black,nonhispanic,F,Franklin  Massachusetts  US,108 Lind Underpass Suite 34,Lawrence,Massachusetts,Essex County,25009,01843,42.67114124459178,-71.16858890361401,71863.84,47083.29,61225
8126f03e-0e42-e3b3-905c-00d36271b886,1954-08-17,,999-44-1706,S99925191,X24702078X,Mr.,Jay242,Al123,Lowe577,,,M,white,hispanic,M,Northfield  Massachusetts  US,157 Kohler Knoll Unit 94,West Springfield,Massachusetts,Hampden County,25013,01089,42.14938665356773,-72.62176986468437,237642.40,48938.37,88714
291d4bab-9a43-c463-1790-f37f5d437e23,1974-01-25,,999-88-3117,S99918246,X27708261X,Mrs.,Vernice968,Cherrie404,Mohr916,,Welch179,D,white,nonhispanic,F,Holden  Massachusetts  US,907 Volkman Extension Apt 23,Chicopee,Massachusetts,Hampden County,25013,01022,42.144196989217605,-72.61745194096594,316055.22,305721.17,71361
0536a303-6668-34de-cdae-89a9ca3e05a8,1965-10-30,,999-52-1465,S99963279,X89533546X,Mrs.,Agnus790,Deon400,Kuhic920,,Welch179,D,white,nonhispanic,F,Norton  Massachusetts  US,295 Weimann Brook Unit 74,Lowell,Massachusetts,Middlesex County,25017,01850,42.6072690387194,-71.33223611946309,192356.80,286871.26,30813
c451bcb5-d59c-fe4a-cafe-a0df885e9e7f,1963-09-14,,999-68-3405,S99951382,X25937270X,Mr.,Harold594,,Schowalter414,,,M,white,nonhispanic,M,Westfield  Massachusetts  US,776 Lang Approach Suite 39,Lawrence,Massachusetts,Essex County,25009,01843,42.70066045325874,-71.15328221558882,21440.13,350527.74,5996
56d38fea-d58a-a378-ed25-116c9e1b852f,1955-11-08,,999-32-5453,S99969855,X23194091X,Mrs.,Leticia253,Carrie738,Trantow673,,Torp761,M,white,nonhispanic,F,Springfield  Massachusetts  US,605 Zboncak Lane,Dudley,Massachusetts,Worcester County,,00000,42.02324513476246,-71.93387328386795,219029.60,601147.57,139686
9202cfb6-6e1b-6c24-f58a-0f8ed7dfc197,1984-12-01,,999-14-6677,S99985279,X94367036X,Mr.,Chong355,Edison640,Brown30,,,D,white,nonhispanic,M,Boston  Massachusetts  US,1026 Jacobi Highlands Unit 17,Reading,Massachusetts,Middlesex County,25017,01801,42.51228138053603,-71.1263080626094,143963.80,38582.47,255374
581fac32-a788-4210-b58f-bf6ce13adf23,1996-04-22,,999-68-8956,S99978141,X69244801X,Mrs.,Hong136,Lucrecia714,Nolan344,,Purdy2,M,white,nonhispanic,F,Berlin  Berlin  DE,325 Collier Parade,Leominster,Massachusetts,Worcester County,25027,01420,42.58161483678379,-71.82893675022797,128754.65,208090.83,67953
14473402-8ffd-f5e3-3e05-e4ccfc9f451a,2016-09-30,,999-10-5082,,,,Roderick835,Wilber603,Lindgren255,,,,white,nonhispanic,M,Sudbury  Massachusetts  US,244 Bogisich Green,Chicopee,Massachusetts,Hampden County,25013,01020,42.12423102072442,-72.61981950013032,16286.51,18268.96,32858
b898cde9-5cf6-90f9-fc8e-05d25eb441ab,1958-12-02,,999-61-8744,S99988005,X81967274X,Mr.,Abram53,Raleigh478,Sporer811,,,W,white,hispanic,M,Worcester  Massachusetts  US,682 Nikolaus Approach Apt 61,Walpole,Massachusetts,Norfolk County,25021,02081,42.1656383209219,-71.22228159492552,310480.35,9031.75,116725
d9c8de50-fda2-b1e0-fb20-0e038b00f1dc,1960-04-09,,999-65-8746,S99994040,X26667701X,Mrs.,Loreta61,Leonia336,Little434,,MacGyver246,M,white,nonhispanic,F,Chicopee  Massachusetts  US,666 Kertzmann Throughway Suite 10,Wilmington,Massachusetts,Middlesex County,25017,01887,42.57255167407981,-71.16741397889578,721714.84,340463.81,77042
e20984ac-c63e-8035-733c-85360761e08f,2020-11-06,,999-54-9206,,,,Leon728,,Auer97,,,,white,nonhispanic,M,Hudson  Massachusetts  US,597 Bosco Underpass Unit 77,Somerville,Massachusetts,Middlesex County,25017,02155,42.43768437155459,-71.09090743702923,900.00,16334.14,1202
dd617fd1-f6d7-1da9-3f7c-267628bdeccd,1957-12-08,,999-87-9411,S99920850,X94642301X,Mr.,Jacinto644,Sang383,Predovic534,,,W,white,nonhispanic,M,Nizhny Novgorod  Nizhny Novgorod Oblast  RU,448 Cummings Station Apt 4,Manchester-by-the-Sea,Massachusetts,Essex County,,00000,42.595424755684284,-70.7143583416204,14351.92,212270.57,22956
ac635b59-6760-3ac4-9875-3bda0762be1a,2008-10-24,,999-29-3497,S99999525,,,Josue598,Daren950,Torp761,,,,white,nonhispanic,M,Berkley  Massachusetts  US,807 Cassin Overpass Unit 74,Lawrence,Massachusetts,Essex County,25009,01843,42.76152464990255,-71.19375353726485,33948.41,36335.76,67486
70ed2024-df3d-acba-41e8-dad994c656c8,2022-12-26,,999-71-1810,,,,Miki234,Rea30,Johnson679,,,,white,nonhispanic,F,West Springfield  Massachusetts  US,483 Fisher Camp,Boston,Massachusetts,Suffolk County,25025,02136,42.395630322740764,-71.04262854189028,11815.12,712.51,59652
c3c9b891-8137-31d5-9fe3-8609327ff27c,1960-10-13,,999-28-6380,S99915424,X68338697X,Mr.,Hilario934,,Mayert710,,,M,white,nonhispanic,M,Northampton  Massachusetts  US,1070 Tromp Fork,Salisbury,Massachusetts,Essex County,25009,01952,42.816191130901544,-70.84477708713716,176970.07,42318.94,162610
aad8c1f0-cd51-0072-c63d-62433287bafd,2006-08-22,,999-15-4564,S99934643,X82065961X,Mr.,Earl438,Riley817,Dooley940,,,,white,nonhispanic,M,Northwest Harwich  Massachusetts  US,920 Schmitt Lane Apt 0,Maynard,Massachusetts,Middlesex County,25017,01754,42.39055472967067,-71.45215751344064,5635.58,53080.61,21683
10c2fc24-f841-8ca5-217c-c4dd05bff396,2006-12-04,,999-49-2104,S99929986,,Mr.,Geraldo282,Hershel911,Hagenes547,,,,white,nonhispanic,M,Attleboro  Massachusetts  US,444 Swaniawski Gardens Apt 66,Webster,Massachusetts,Worcester County,25027,01570,42.07968363620996,-71.81957180300724,5241.08,52463.96,25584
e2240297-df37-1af7-49c0-dd0c737d93eb,2023-07-02,,999-95-8884,,,,Abram53,,Johns824,,,,white,hispanic,M,Needham  Massachusetts  US,231 Kemmer Dale Apt 46,Malden,Massachusetts,Middlesex County,25017,02148,42.41555388360694,-71.01644202124724,6134.04,7040.15,38158
df33c8a8-72a2-f332-fccc-44ae6cb26afa,2004-10-20,,999-67-1068,S99989741,X92111549X,Ms.,Viviana350,,Hessel84,,,,white,nonhispanic,F,Peabody  Massachusetts  US,821 Huel Glen,Gloucester,Massachusetts,Essex County,25009,01930,42.578472060847155,-70.70764344441882,61951.20,29780.20,602649
f65916ef-cb07-65b3-faab-1db1c3127fab,2014-09-04,,999-71-3800,,,,Tyler508,,Schaefer657,,,,white,nonhispanic,M,Boston  Massachusetts  US,879 Feest Knoll Suite 59,West Bridgewater,Massachusetts,Plymouth County,,00000,42.03580963607899,-70.99768674799199,25822.76,1153.62,977249
6a9c64f7-d938-861d-5806-d18bad4d3064,1945-09-29,2021-12-18,999-40-4685,S99975486,X62046653X,Mr.,Eddie505,Florencio463,Schinner682,,,M,white,nonhispanic,M,Franklin  Massachusetts  US,140 Bechtelar Knoll,Haverhill,Massachusetts,Essex County,25009,01835,42.781361747836215,-71.0923217709703,22973.83,653349.50,10529
6eb250b8-5c21-0584-5488-500c8d3daf70,1976-09-01,,999-94-9903,S99954633,X20183234X,Mrs.,Celia938,Nubia715,Towne435,,Bradtke547,M,white,nonhispanic,F,Burlington  Massachusetts  US,155 Toy Quay Unit 81,Seekonk,Massachusetts,Bristol County,,00000,41.82185999426965,-71.33126153482613,42977.43,856656.29,99761
af5378a5-116d-6c65-a81d-197733987394,1996-01-15,,999-23-4519,S99998532,X70632632X,Mr.,Laverne101,Bernie827,Runte676,,,S,white,nonhispanic,M,Malden  Massachusetts  US,305 Kulas Terrace,Spencer,Massachusetts,Worcester County,25027,01562,42.259728297105504,-71.96858541500363,86160.50,13040.19,60515
3f76af84-f03a-b881-bedb-1d2a6a1011aa,1997-01-08,,999-69-6967,S99965256,X31317785X,Mr.,Timoteo39,Rafael239,Barrios478,,,S,asian,hispanic,M,San Juan  Puerto Rico  PR,964 Kirlin Manor,Framingham,Massachusetts,Middlesex County,25017,01702,42.23599993478556,-71.38864480508816,69619.78,4503.81,77937
d7dd70fd-55c9-803b-c537-dd52c669c201,2025-02-25,,999-59-4432,,,,Kassandra256,Aleen595,Yost751,,,,white,nonhispanic,F,Boston  Massachusetts  US,831 Beier Viaduct,Templeton,Massachusetts,Worcester County,,00000,42.55987713445564,-72.03277648002361,6552.25,0.00,145558
d9f77654-9eed-a2a3-d374-26a4d139ef18,2005-10-23,,999-53-1141,S99924746,X11762810X,Ms.,Glory745,,Pacocha935,,,,white,nonhispanic,F,Boston  Massachusetts  US,184 White Ranch Apt 49,Brockton,Massachusetts,Plymouth County,25023,02351,42.055236565103655,-71.04681193774051,475096.34,352283.11,45275
8dab6582-4c9d-d242-c3f0-adab9a903e3b,1963-02-20,2002-07-22,999-67-6993,S99929235,X27536991X,Mr.,Efrain317,Omer483,Jacobs452,,,M,white,nonhispanic,M,Barnstable  Massachusetts  US,763 Kling Estate Suite 93,Belchertown,Massachusetts,Hampshire County,25015,01007,42.240399240484564,-72.38362590857811,47856.49,548517.09,19897
38cfe5c4-040b-9915-32e7-36a63c6caa03,1988-08-08,,999-22-2866,S99996344,X22562812X,Mr.,Mitchel812,Emmanuel930,Kessler503,,,M,white,nonhispanic,M,Brockton  Massachusetts  US,128 Ernser Divide Apt 53,Wareham Center,Massachusetts,Plymouth County,,00000,41.78182843607633,-70.71575120769381,28812.40,57394.75,24872
683b951f-6906-99e6-ec86-1d5be74193ce,1985-06-27,,999-30-4097,S99914603,X81475737X,Mr.,Michael441,Emmett200,Maggio310,,,M,white,nonhispanic,M,Cambridge  Massachusetts  US,621 Denesik Club Unit 49,Worcester,Massachusetts,Worcester County,25027,01604,42.31629333827796,-71.8210850326917,9274.19,145142.71,16322
b29a5c00-76e2-49d6-e301-c9255d0bfc62,2006-08-11,,999-74-6992,S99914425,X11638501X,Ms.,Carmon128,Hettie215,Gutkowski940,,,,white,nonhispanic,F,Boston  Massachusetts  US,395 Nader Plaza Suite 21,Mansfield,Massachusetts,Bristol County,,00000,42.00369202326332,-71.20840177876423,212283.64,0.00,116853
c79c8260-de50-6aa5-8b3a-502e94a86c1c,1984-10-03,,999-21-4794,S99940281,X72625403X,Mrs.,Hazel720,,Grady603,,Walsh511,M,white,nonhispanic,F,Taunton  Massachusetts  US,131 Mayer Byway Apt 21,Oxford,Massachusetts,Worcester County,25027,01540,42.070009057543636,-71.90216072453354,9988.51,314617.91,2520
27bae546-c945-d325-68d7-9315ea6bf450,2009-05-12,,999-65-5798,S99914212,,,Emmett200,Hugo693,Larkin917,,,,white,nonhispanic,M,Brookline  Massachusetts  US,202 Kuphal Track Suite 57,Lexington,Massachusetts,Middlesex County,25017,02421,42.44976372480714,-71.25825146731343,46712.84,1156.07,854203
a29aa2e6-8378-b437-ec92-c592a1aaa9df,1943-12-28,2007-09-21,999-69-5181,S99958089,X47432769X,Mrs.,Patria17,Myesha901,Reilly981,,Jakubowski832,M,black,nonhispanic,F,Danvers  Massachusetts  US,687 Collier Stravenue,Townsend,Massachusetts,Middlesex County,25017,01469,42.69521071223059,-71.65179586922596,227233.31,627938.46,133187
218ca12c-4dc5-c000-5c9d-3eabb62a63d3,1994-11-10,,999-42-5436,S99949456,X59908897X,Mrs.,Norine97,Claire652,Stroman228,,Hahn503,M,white,nonhispanic,F,Attleboro  Massachusetts  US,321 Gibson Ramp,Southampton,Massachusetts,Hampshire County,,00000,42.24020785057451,-72.74648416453631,119038.11,812001.13,62607
221c7b43-7f78-102a-398d-85e9c156e707,1930-02-23,,999-17-8068,S99926143,X15886959X,Ms.,Torrie697,,Rice937,,,S,asian,nonhispanic,F,Worcester  Massachusetts  US,972 Pollich Trailer Apt 52,Whitman,Massachusetts,Plymouth County,,00000,42.06945638306456,-70.96478499143309,61779.29,976455.35,1249
16f4f205-0b2e-6a29-79a3-33e7435414f6,1945-09-29,1995-04-10,999-81-5629,S99915337,X61115828X,Mr.,Jamie386,Dalton260,Schaefer657,,,M,white,nonhispanic,M,Stoneham  Massachusetts  US,537 Turcotte Well Suite 82,Haverhill,Massachusetts,Essex County,25009,01835,42.800936711813904,-71.05400080715602,15094.24,271924.07,10529
c37f3959-d2fa-1b04-0be7-430af2b2ef26,1976-01-20,2019-08-27,999-54-4158,S99953020,X51465397X,Mr.,Hilario934,Alphonso102,Bergstrom287,,,S,black,nonhispanic,M,Lawrence  Massachusetts  US,120 Zboncak Quay Unit 90,Leicester,Massachusetts,Worcester County,,00000,42.22564715795275,-71.89500481832943,185934.55,613221.53,28831
d6724869-3b34-0e37-3f47-e05d478648e0,2003-06-19,,999-17-8409,S99916037,X77093319X,Mr.,Michal596,Nathaniel596,Lehner980,,,,white,nonhispanic,M,West Springfield  Massachusetts  US,498 Schuster Light Apt 26,Dennis,Massachusetts,Barnstable County,25001,02638,41.748781904463556,-70.2033475585979,52787.08,0.00,70009
4c4e5ecd-d023-041d-4491-199b28655028,2015-10-13,,999-78-5305,,,,Salvador46,,Gaitán874,,,,white,hispanic,M,Santiago de los Caballeros  Santiago  DO,1025 Feil Orchard Unit 49,North Andover,Massachusetts,Essex County,,00000,42.64850549777082,-71.04799678423167,35896.71,1749.15,165836
e3bebe35-c5bd-e623-d391-e722d187b5b3,1955-03-08,2012-08-22,999-95-4118,S99973829,X19967865X,Mr.,Rigoberto443,Lonnie913,Hilpert278,,,D,asian,nonhispanic,M,Osaka  Osaka  JP,811 Kuhn Hollow Unit 76,Peabody,Massachusetts,Essex County,25009,01940,42.58203272307122,-70.95647977586115,123591.51,34664.82,45161
afb65fee-527c-3f3f-2e0c-7a0f724c9c1f,1963-02-20,1969-08-06,999-12-7879,,,,Mikel238,,Friesen796,,,,white,nonhispanic,M,Hardwick  Massachusetts  US,407 O'Keefe Hollow,Belchertown,Massachusetts,Hampshire County,25015,01007,42.327038160625946,-72.40594691183313,2170.00,31403.17,19897
348bb1f1-3d1b-e4f1-f5c6-f61997929069,1976-03-04,,999-76-1653,S99911165,X66115845X,Mr.,Wayne846,Nigel915,Hirthe744,,,D,white,nonhispanic,M,East Dennis  Massachusetts  US,1070 Quitzon Bridge Suite 5,Uxbridge,Massachusetts,Worcester County,,00000,42.06387022221476,-71.60136695292647,175148.73,592017.88,122789
2c3414ab-be17-e7ce-3831-2db482940eea,1984-08-04,,999-80-9977,S99949606,X65103087X,Mr.,Jerry654,Otto672,Gulgowski816,,,D,white,nonhispanic,M,Nice  Provence-Alpes-Cote d'Azur  FR,927 Bauch Vale Suite 44,Billerica,Massachusetts,Middlesex County,,00000,42.59614463481027,-71.28718824140174,27420.47,77840.75,101307
e225674c-4b10-a43f-2881-25eecd6aa6fe,1983-05-27,,999-49-6183,S99934486,X33805363X,Mrs.,Juan88,Leontine92,Tromp100,,Sporer811,M,white,nonhispanic,F,Springfield  Massachusetts  US,1043 Beer Ville Suite 98,Saugus,Massachusetts,Essex County,25009,01906,42.502101452380714,-71.06182686289826,344426.69,434022.76,73950
7b727b31-fb56-e743-35b9-53adef6c3582,1973-09-25,,999-30-7063,S99931696,X92196272X,Mrs.,Melony418,Herma433,Heathcote539,,Pollich983,M,white,nonhispanic,F,Grafton  Massachusetts  US,1062 Hartmann Lock Suite 24,Melrose,Massachusetts,Middlesex County,25017,02176,42.441107271436366,-71.0733747411111,179159.39,1124185.52,602509
33da6efe-da64-54e8-0e8e-22ffb18a9e31,2001-05-13,,999-74-1570,S99974545,X32369603X,Ms.,Marilu588,Victoria535,Rosado690,,,,asian,hispanic,F,Buenos Aires  Ciudad de Buenos Aires  AR,535 Franecki Estate,Boston,Massachusetts,Suffolk County,25025,02152,42.345128797784874,-71.05010547247632,52293.16,136007.63,24063
608ef0fa-2efb-afbd-6d76-0d43d0dd0fd0,2001-06-01,,999-19-9256,S99997222,X43416962X,Mr.,Anton902,,Hodkiewicz467,,,,white,nonhispanic,M,Hingham  Massachusetts  US,205 Predovic Mission Apt 11,Chelsea,Massachusetts,Suffolk County,25025,02151,42.46018875791206,-71.04812905359509,30926.87,30536.97,187173
4b251712-5634-77ed-3b4c-9962d8b4858e,1976-01-20,,999-80-6415,S99936892,X02160450X,Mr.,Tyree261,Laverne101,Romaguera67,,,D,black,nonhispanic,M,Northbridge  Massachusetts  US,996 Witting Landing,Leicester,Massachusetts,Worcester County,,00000,42.237766534446074,-71.89196818069256,112271.09,44387.79,28831
59f1e70a-e185-44f8-58da-a4dc0cb8a9cb,2014-02-01,,999-58-2035,,,,Noriko180,Kaitlyn96,Collins926,,,,white,nonhispanic,F,Cambridge  Massachusetts  US,247 Emard Camp,Gardner,Massachusetts,Worcester County,25027,01440,42.62255929984503,-72.02853006509093,5433.66,59715.16,19479
7e117c38-aa8a-520e-ec6b-a6b8106761c3,1997-02-14,,999-20-5771,S99969635,X35030239X,Mrs.,Oretha285,Wendie72,Daniel959,,Schultz619,M,white,nonhispanic,F,South Yarmouth  Massachusetts  US,1069 Ferry Well,Whately,Massachusetts,Franklin County,,00000,42.38767024597939,-72.63995730650504,158395.16,403988.46,51406
7324c95a-a120-1e3a-598c-8b9b971ae4ed,1991-10-21,,999-13-2632,S99926114,X65917152X,Ms.,Pearle865,Izetta651,Carroll471,,,S,white,nonhispanic,F,Stoughton  Massachusetts  US,994 Bruen Spur,Boston,Massachusetts,Suffolk County,25025,02118,42.376256756646505,-71.00634679414587,223519.85,826830.49,44769
688b6dde-6c81-24ce-b3dd-b214edc01ab1,1975-03-18,,999-81-1839,S99939129,X26392547X,Mr.,Arnold338,Ezra452,Gusikowski974,,,D,white,nonhispanic,M,West Springfield  Massachusetts  US,121 Collier Haven Apt 96,Revere,Massachusetts,Suffolk County,25025,02151,42.43624291838291,-71.00163361963406,178004.37,37726.14,105580
fd46d8ae-d9ed-2401-dee9-768733f776d0,1963-02-20,,999-54-5776,S99991169,X70902099X,Mr.,Ralph813,Dong972,Emmerich580,,,M,white,nonhispanic,M,Lynn  Massachusetts  US,346 Schimmel Ramp Suite 33,Belchertown,Massachusetts,Hampshire County,25015,01007,42.32470153683254,-72.40620166734432,12825.64,209989.44,19897
1ae3ac2d-c291-5c03-eb6b-89f274f3fd7c,2026-08-23,,999-97-4807,,,,Carter549,Rick943,Rutherford999,,,,white,nonhispanic,M,Warwick  Massachusetts  US,615 Sauer Mission,South Hadley,Massachusetts,Hampshire County,,00000,42.29150179774697,-72.61098473171188,347.38,0.00,91230
f515e7ea-5910-f985-65c8-0315d7a725d1,2013-07-09,,999-58-1363,,,,Tyrell880,Galen747,Corwin846,,,,black,nonhispanic,M,Gloucester  Massachusetts  US,453 Rice Path,Salem,Massachusetts,Essex County,25009,01970,42.469711708077014,-70.86778098997229,52991.67,2667.71,70434
8c2fdc1b-0095-801a-791e-5f0953f73468,1989-04-01,,999-57-2663,S99976099,X65927674X,Mrs.,Odell776,Wynona930,Yundt842,,Nolan344,M,white,nonhispanic,F,Lincoln  Massachusetts  US,262 Nitzsche Road Suite 63,Cambridge,Massachusetts,Middlesex County,25017,02472,42.39411917280411,-71.12415628123256,481360.42,902438.84,50502
0b87bf99-55cb-84c3-5e6e-2e67e111d2aa,2017-10-01,,999-92-5690,,,,Brent147,Elbert916,D'Amore443,,,,white,nonhispanic,M,Braintree  Massachusetts  US,173 Okuneva Knoll,Attleboro,Massachusetts,Bristol County,44007,02861,41.88090095353815,-71.30899723440389,32767.00,0.00,92463
1cd204cc-6202-a836-ba9e-0f13c0a75f11,1995-12-06,,999-48-2495,S99958011,X56155721X,Mr.,Daren950,Quinton758,Schoen8,,,S,white,nonhispanic,M,Clinton  Massachusetts  US,520 Bailey Pathway,Weymouth,Massachusetts,Norfolk County,25021,02190,42.25183388728866,-70.93973781180915,58871.61,0.00,73153
e2337de6-6839-8c2b-e167-e65038897e65,1957-07-23,,999-43-2531,S99924260,X60737481X,Mrs.,Zona368,Hui924,Schulist381,,Rowe323,D,white,nonhispanic,F,Woburn  Massachusetts  US,674 Schneider Quay Suite 25,Worcester,Massachusetts,Worcester County,25027,01606,42.20282377644783,-71.83687273784372,1130783.57,316752.97,92541
97803004-2734-e118-9e82-8e88815f1be3,1955-03-08,,999-49-8375,S99910044,X52503932X,Mr.,Jerrell6,Isreal8,Dibbert990,,,S,asian,nonhispanic,M,Tokyo  Tokyo  JP,931 Hansen Knoll,Peabody,Massachusetts,Essex County,25009,01940,42.52684154997427,-70.95172540243382,217215.84,264906.26,45161
bb2d3e5f-6214-6ca8-fd82-0f63ff7d194d,1985-04-11,,999-93-5632,S99971957,X91916433X,Mrs.,Danille883,Tonie631,Hansen121,,Haley279,M,white,nonhispanic,F,Halifax  Massachusetts  US,766 Schiller Station Suite 24,Braintree,Massachusetts,Norfolk County,25021,02184,42.24458826329487,-71.01814324782052,176604.48,634347.04,33019
0813dc45-5ce7-d7ef-54e1-4e642950cab0,1943-12-28,,999-56-7200,S99957232,X88436320X,Mrs.,Kaitlin600,Dawne25,Hettinger594,,Schuster709,M,black,nonhispanic,F,Boston  Massachusetts  US,327 Nitzsche Pathway Suite 69,Townsend,Massachusetts,Middlesex County,25017,01469,42.687816369394824,-71.7337576244558,316318.52,954076.22,133187
8b81e2f4-1832-917e-de14-67904bf58f5f,2005-07-06,,999-63-8118,S99933064,X04878278X,Ms.,Mae105,Krystin400,Reinger292,,,,white,nonhispanic,F,Westfield  Massachusetts  US,991 Conroy Loaf Suite 6,West Springfield,Massachusetts,Hampden County,25013,01089,42.141958135771866,-72.68745470898003,4975.42,211357.24,20835
02c0c061-d780-4858-716d-cddd1acb58d3,1963-10-05,,999-46-4809,S99999663,X20481290X,Mr.,Simon598,,Harvey63,,,M,white,hispanic,M,Springfield  Massachusetts  US,466 Kub Junction Apt 78,Middleton,Massachusetts,Essex County,,00000,42.62694686777215,-71.00573333771096,183280.80,234470.57,156572
e088bb93-1a3c-3bf0-b55e-6d8b5b6bbc44,2005-04-20,,999-63-2210,S99939551,X00513364X,Ms.,Dorotha379,Ginger664,Bednar518,,,,white,nonhispanic,F,Taunton  Massachusetts  US,111 Ward Overpass Suite 73,Belchertown,Massachusetts,Hampshire County,25015,01007,42.294946647130416,-72.39829057790888,95218.77,252887.53,83065
5d89670b-1e18-4b19-5265-3bb74d909706,1945-09-29,,999-61-3222,S99958329,X04459044X,Mr.,Loren192,,Heller342,,,M,white,nonhispanic,M,Northampton  Massachusetts  US,539 Frami Hollow Suite 18,Haverhill,Massachusetts,Essex County,25009,01835,42.805233936896535,-71.15678672715747,23106.00,442514.79,10529
690f6083-729b-ed63-7a9e-7f1499b4c0b7,1978-02-16,2008-11-07,999-26-6728,S99938972,X26016547X,Mrs.,Judith460,,Anderson154,,Ortiz186,M,white,nonhispanic,F,Reading  Massachusetts  US,741 Hauck Village Unit 25,Marlborough,Massachusetts,Middlesex County,25017,01752,42.38336036518409,-71.594112135341,9729.48,374370.53,6952
0cf7b4a6-9ffd-9643-46c3-cf8ff34fc36e,1986-06-19,,999-98-8744,S99930413,X42959987X,Mr.,Adan632,Rogelio17,Walter473,,,M,white,hispanic,M,Rowley  Massachusetts  US,510 Schulist Vista Suite 92,Worcester,Massachusetts,Worcester County,25027,01604,42.272067237499826,-71.82300876521037,119184.06,5946.75,108498
a666c32f-d1af-8779-1c2d-95c58c6cd108,2004-07-05,,999-93-6377,S99948840,X17602145X,Mr.,Clemente531,Cristobal567,Pineda243,,,,black,hispanic,M,Panama City  Panama  PA,767 Jones Dale Unit 14,Winthrop,Massachusetts,Suffolk County,25025,02152,42.407333573639754,-71.00793639957523,65860.28,588623.86,99932
36aaa71a-9d4b-2510-002d-19b00d65e72c,1989-08-11,,999-54-5962,S99929353,X21526818X,Mrs.,Shay725,Kathrin605,Schoen8,,Abshire638,M,white,nonhispanic,F,Malden  Massachusetts  US,842 Grimes Tunnel Unit 34,Boston,Massachusetts,Suffolk County,25025,02125,42.25997700024543,-71.06600937356839,159059.77,226625.03,66900
21545ccc-8e34-0141-9be0-0b6375dc70da,2001-06-05,,999-16-5650,S99969850,X95482653X,Ms.,Kali995,Lawanda300,Larkin917,,,,white,nonhispanic,F,Framingham  Massachusetts  US,1055 Treutel Quay,Braintree,Massachusetts,Norfolk County,25021,02184,42.24016846166074,-71.04206623016648,104912.61,124293.39,79488
da511877-b827-29f5-5b9e-b66ce0d978d1,1971-11-28,,999-56-9939,S99974357,X71340803X,Mr.,Jim478,Dave764,Greenholt190,,,M,white,nonhispanic,M,Newton  Massachusetts  US,844 Koelpin Parade Suite 76,Fall River,Massachusetts,Bristol County,25005,02747,41.75728675438201,-71.1224090210471,244456.71,677861.11,90076
d53e495a-ac69-bbfd-77fd-f116ba84c8ee,2003-08-02,,999-80-7249,S99931355,X80947373X,Ms.,Ilse197,Joline447,Rath779,,,,white,nonhispanic,F,Wellesley  Massachusetts  US,758 Dach Well Unit 79,North Brookfield,Massachusetts,Worcester County,25027,01535,42.23289453800898,-72.10003361786725,92556.82,262662.31,61229
a4501f26-977a-9d12-692f-c3b522adafcf,2007-01-05,,999-57-7076,S99945473,,Ms.,Valery629,,Douglas31,,,,white,nonhispanic,F,Pembroke  Massachusetts  US,249 Lesch Glen,Waltham,Massachusetts,Middlesex County,25017,02452,42.37921192718059,-71.1667185852744,12502.25,702319.28,197220
c1441010-b574-5915-d2b5-58ffa8c15ff0,2015-11-29,,999-96-9500,,,,Veda284,Kattie846,Hilll811,,,,black,nonhispanic,F,Norton  Massachusetts  US,1035 Rogahn Gateway,Randolph,Massachusetts,Norfolk County,25021,02368,42.21897376204944,-71.06284268404221,23642.47,1311.38,74024
19caccd3-12cb-b64e-c92e-f4221241be2d,1948-05-18,1989-05-03,999-44-4837,S99945744,X27942009X,Mr.,Murray856,,Bins636,,,S,asian,nonhispanic,M,Dedham  Massachusetts  US,803 Paucek Mall,Carlisle,Massachusetts,Middlesex County,,00000,42.54906118806779,-71.32078557385053,67030.13,52057.17,163581
85fef54f-0947-0b0f-d118-37109a9fe01a,2016-06-06,,999-96-8924,,,,Pete38,Cary869,Schneider199,,,,white,hispanic,M,Worcester  Massachusetts  US,850 Monahan Manor,Longmeadow,Massachusetts,Hampden County,25013,01106,42.02705681663131,-72.53265135537171,42266.46,4099.33,852714
703d5e48-ba2a-c27b-4277-14754a2585f1,2009-02-04,,999-56-4818,S99941584,,,Edward499,Moshe758,McLaughlin530,,,,white,nonhispanic,M,Lynn  Massachusetts  US,1057 Willms Brook Apt 22,Douglas,Massachusetts,Worcester County,,00000,42.05189144173325,-71.70381076493629,2616.96,40510.56,17278
7755c966-f09f-3999-551b-c401c58ff166,2010-02-16,,999-64-8089,S99979207,,,Rocio28,Ashanti808,Osinski784,,,,white,nonhispanic,F,Sunderland  Massachusetts  US,711 Morissette Road Suite 2,Marlborough,Massachusetts,Middlesex County,25017,01752,42.32659911155888,-71.51035067608295,351798.49,231659.55,59441
841f3bc4-8d5c-8c71-f0b8-58b6a3ad3afd,2008-07-24,,999-36-6360,S99912523,,Mr.,Elvin140,Hank686,Miller503,,,,other,nonhispanic,M,Holyoke  Massachusetts  US,148 Turcotte Tunnel Apt 66,Canton,Massachusetts,Norfolk County,,00000,42.159115487999316,-71.1139984273399,44490.73,0.00,677927
f2fa3409-264d-2cc8-8e9d-cefdb6930198,1978-02-16,,999-57-5334,S99951975,X33811879X,Mrs.,Maryann106,Aiko748,Dietrich576,,Nitzsche158,M,white,nonhispanic,F,Amherst  Massachusetts  US,836 Franecki Mall Suite 56,Marlborough,Massachusetts,Middlesex County,25017,01752,42.34996944636685,-71.57867792119335,15983.10,734760.21,6952
1af9c49d-6d21-1e59-d6a7-e7ad3f2af959,1998-06-14,,999-33-2058,S99958856,X71771230X,Mrs.,Caryl47,Myesha901,Howe413,,Johnson679,M,white,nonhispanic,F,Randolph  Massachusetts  US,258 Terry Manor,Plainville,Massachusetts,Norfolk County,,00000,42.03287751886015,-71.30179588448193,130552.66,59239.99,129302
7a0ebd6e-6e98-8780-03fc-6cac76182392,1996-09-19,,999-91-3950,S99934730,X47334162X,Ms.,Deon400,Shawnna218,Dicki44,,,S,native,nonhispanic,F,Wellesley  Massachusetts  US,307 Ryan Village,Boston,Massachusetts,Suffolk County,25025,02215,42.27359891999964,-71.13195954723481,151021.09,260734.12,142154
e82eb780-f324-6682-2d4b-3104f334b24d,1946-03-20,,999-88-4158,S99914868,X86737529X,Mrs.,Zenia843,,Satterfield305,,Batz141,W,white,nonhispanic,F,Lunenburg  Massachusetts  US,1070 Hegmann Trafficway,Burlington,Massachusetts,Middlesex County,25017,01730,42.49068675953516,-71.26034035742157,228661.08,535439.95,557593
71d393fa-366e-86ed-6e47-7adec556153f,1979-02-18,,999-92-2054,S99936849,X00591567X,Mr.,Valentin929,,Doyle959,,,D,white,hispanic,M,Pepperell  Massachusetts  US,230 Champlin Branch,Seekonk,Massachusetts,Bristol County,,00000,41.8743046424777,-71.31291863952863,155007.01,615574.26,169920
b096e1af-5909-570a-ab3b-ce72b7af8385,1997-08-22,,999-58-3077,S99981369,X75171772X,Mrs.,Dot905,Jason347,Gislason620,,Kemmer137,M,white,nonhispanic,F,Beverly  Massachusetts  US,484 Prosacco Mill,Duxbury,Massachusetts,Plymouth County,25023,02332,42.08575445746568,-70.66397827849102,156068.27,151085.84,221391
28111e69-85e3-2c9c-038f-5c5f453ee984,2015-10-31,,999-43-5404,,,,Jerri638,Lilia791,Gaylord332,,,,black,nonhispanic,F,Pinehurst  Massachusetts  US,275 Simonis Lock,Boston,Massachusetts,Suffolk County,25025,02119,42.38390844043759,-71.04706616790534,1791.72,11700.10,22386
c412f922-b7bb-2ed9-1ea4-21b2abbd4e22,2022-02-17,,999-95-9096,,,,Abdul218,Lon587,Schamberger479,,,,white,nonhispanic,M,Leominster  Massachusetts  US,264 Konopelski Quay,Chicopee,Massachusetts,Hampden County,25013,01013,42.20767368257706,-72.53035097674757,12073.27,3959.50,82281
872f8664-a645-0c85-04da-3fcc1d6fd405,1981-10-01,,999-83-7196,S99920896,X08639401X,Ms.,Liza900,Karina848,Schmitt836,,,S,white,nonhispanic,F,Northampton  Massachusetts  US,754 Luettgen Spur Suite 75,Boston,Massachusetts,Suffolk County,25025,02113,42.223441807647134,-71.1705333797226,375521.47,318704.15,84590
23d468ed-cf5d-d391-8693-b5a99bbdd7ca,1923-06-23,2005-08-09,999-24-4645,S99948719,X04936006X,Mr.,Brendon298,Jared66,Sipes176,,,M,white,nonhispanic,M,Boston  Massachusetts  US,1066 Dietrich Dam,Bedford,Massachusetts,Middlesex County,25017,01730,42.49672848108971,-71.31503259217192,159863.55,147316.96,96094
fdf4441e-45e9-75fb-ab18-cbc202f5d6ad,1975-05-04,,999-23-1199,S99980284,X29197311X,Mrs.,Lois157,Kay203,Thompson596,,Turner526,M,white,hispanic,F,Beverly  Massachusetts  US,1091 Von Mews Suite 55,West Springfield,Massachusetts,Hampden County,25013,01089,42.11305926833084,-72.66548207241004,334376.66,853735.39,128019
06c7dafb-d39c-ffd7-72d2-12c077d981ee,1978-10-18,,999-57-8761,S99966941,X16021675X,Mrs.,Dani520,Margarete324,Bechtelar572,,Rath779,M,asian,nonhispanic,F,Swampscott  Massachusetts  US,487 Casper Gardens,Attleboro,Massachusetts,Bristol County,44007,02861,41.95166353079028,-71.28252053880847,259317.58,39281.38,107060
b93967e3-0aad-2d40-fd2c-95474bb5e967,1954-04-06,,999-18-4085,S99960608,X78775183X,Mrs.,Bruna504,Lilian665,Dickens475,,Quigley282,M,hawaiian,nonhispanic,F,Boston  Massachusetts  US,472 Gislason Route Unit 94,Sandwich,Massachusetts,Barnstable County,25001,02563,41.67253498336266,-70.44146658532614,195805.89,107642.71,125223
e307d7a3-1552-42ed-9d1e-6a78a4f76b08,1965-02-27,,999-56-2471,S99989668,X94526212X,Mrs.,Latrisha74,Carol737,Zieme486,,Deckow585,M,white,nonhispanic,F,East Sandwich  Massachusetts  US,1086 Ziemann Row Apt 56,Northwest Harwich,Massachusetts,Barnstable County,,00000,41.71683958413919,-70.09726994449122,16042.73,754603.52,17202
53e4a0a3-62e7-ac6c-8c1e-d7a5d9c71c64,1974-12-14,,999-39-7631,S99928755,X62557554X,Mrs.,Beryl690,Mabelle762,Price929,,Hammes673,M,white,nonhispanic,F,Sharon  Massachusetts  US,676 Bailey Path Apt 56,Quincy,Massachusetts,Norfolk County,25021,02169,42.29606222378341,-70.99766205941121,498848.52,58899.31,99261
8541c79a-cec0-817e-15e4-8611323c6a49,1995-05-16,,999-62-6834,S99998659,X60415178X,Mr.,Fernando603,Adrian111,Wiegand701,,,M,white,nonhispanic,M,Leominster  Massachusetts  US,996 Mohr Flat,Stoneham,Massachusetts,Middlesex County,25017,02180,42.49728109020388,-71.05817464363734,94961.16,5755.44,116744
81a0f98d-92ca-2198-8212-a792404af55e,1923-06-23,1937-04-04,999-36-2119,,,,Al123,,Borer986,,,,white,nonhispanic,M,Somerville  Massachusetts  US,1021 Gerhold Light,Bedford,Massachusetts,Middlesex County,25017,01730,42.53568436068748,-71.32699897614823,61331.43,978.77,96094
4f9e6a48-160e-e2bc-522c-24ef1bc566c7,1948-05-18,,999-98-8417,S99938091,X40120192X,Mr.,Arnold338,,Jakubowski832,,,S,asian,nonhispanic,M,Randolph  Massachusetts  US,149 Bogisich Track Unit 73,Carlisle,Massachusetts,Middlesex County,,00000,42.52415637324949,-71.38788249532531,131162.32,231984.64,163581
96968735-2126-05d9-8648-84cd30e6881a,2017-05-30,,999-10-3333,,,,Sofia418,Sara501,Canales95,,,,white,hispanic,F,La Paz  Baja California  MX,524 Hintz Quay,Lynn,Massachusetts,Essex County,25009,01904,42.514572725139686,-71.00434175958983,19369.64,403.93,51685
a5190dc5-0163-5bb1-1ed6-f6a3b368c6c8,1984-06-23,,999-52-3484,S99931855,X46741132X,Mrs.,Emmaline88,Melva551,Haag279,,Kautzer186,M,white,nonhispanic,F,Reading  Massachusetts  US,542 Ernser Ramp Unit 60,Attleboro,Massachusetts,Bristol County,44007,02861,41.90723076456636,-71.26780042489139,23510.92,1015155.94,13341
f34b3114-b710-b876-c194-f6edbe805d8e,1999-10-08,,999-33-4132,S99929010,X25295122X,Mr.,Riley817,Marcus77,Frami345,,,,black,nonhispanic,M,Peabody  Massachusetts  US,501 Hegmann Trafficway,Boston,Massachusetts,Suffolk County,25025,02115,42.23512218188349,-71.12139044120944,63447.98,3639.72,96748
d37e9199-26cf-caee-3c61-603521ba0170,2018-08-18,,999-90-5709,,,,José3,Tomás404,Lucio648,,,,white,hispanic,M,Port-au-Prince  Haiti  HT,938 Cremin Heights,Lunenburg,Massachusetts,Worcester County,25027,01462,42.61985798422354,-71.69316918471038,11792.17,0.00,108208
986451e6-6450-a6e0-c2d5-cfb7ab583335,2024-08-18,,999-95-4551,,,,Stevie682,Darius626,Braun514,,,,white,nonhispanic,M,Fall River  Massachusetts  US,907 Botsford Frontage road,Sutton,Massachusetts,Worcester County,,00000,42.17500741214472,-71.77886853755767,8498.72,1241.83,373444
20301dfe-7bd6-e64a-ab81-9a59c3b5daa4,1960-03-28,,999-32-8453,S99962582,X73162742X,Mr.,Carroll471,Vaughn909,Witting912,,,D,white,nonhispanic,M,Billerica  Massachusetts  US,911 Legros Promenade Unit 35,Falmouth,Massachusetts,Barnstable County,25001,02540,41.54828004305098,-70.60919606854758,190256.72,140057.01,98257
fe5971a2-0faa-c343-b205-8d0e3579c895,1994-09-03,,999-38-1247,S99932654,X57082786X,Mrs.,Eladia866,Nilda678,Bauch723,,Douglas31,M,white,nonhispanic,F,Pinehurst  Massachusetts  US,152 Homenick Course,Weymouth,Massachusetts,Norfolk County,25021,02191,42.206747101847945,-70.96332169726668,164460.33,302693.21,42144
a6b242ea-78a9-a27e-f907-6f403865b09c,1990-09-11,,999-68-7931,S99971058,X69068824X,Mr.,Hector463,Franklyn361,Bednar518,,,S,white,nonhispanic,M,Quincy  Massachusetts  US,340 Lakin Grove Suite 90,Randolph,Massachusetts,Norfolk County,25021,02368,42.20750339539769,-71.0903193920059,10836.12,148706.63,14992
817a3137-ee84-9ad5-b590-245a71033b78,1972-12-19,,999-29-1075,S99986162,X27084898X,Mr.,Joshua658,Dominick530,Hermiston71,,,M,white,nonhispanic,M,Boston  Massachusetts  US,283 Nicolas Promenade Suite 10,Waltham,Massachusetts,Middlesex County,25017,02451,42.375595894906624,-71.15592355091032,149645.80,38399.37,40089
140a4812-cc3b-dd9d-99f5-f3438afaa248,1978-02-25,,999-78-7096,S99953099,X74511815X,Mr.,Boris111,Kenny207,Dare640,,,D,white,nonhispanic,M,Acton  Massachusetts  US,168 Schulist Fork,Everett,Massachusetts,Middlesex County,25017,02149,42.43951951682279,-71.07551184981486,133254.95,25564.76,45029
c8aa233c-0415-34ba-08f8-0e7e9b96960a,1986-04-06,,999-86-7943,S99970769,X76591922X,Ms.,Guillermina633,Mammie808,Kiehn525,,,S,white,nonhispanic,F,Brockton  Massachusetts  US,215 Grant Meadow Apt 4,Arlington,Massachusetts,Middlesex County,25017,02474,42.44052460629748,-71.11638889424415,965852.09,413750.58,89667
fefecb37-38e4-4eed-75c7-442579357673,2002-01-27,,999-35-2197,S99936019,X50483550X,Ms.,Meri607,,Reynolds644,,,,white,nonhispanic,F,Southbridge  Massachusetts  US,171 Kulas Junction,Hamilton,Massachusetts,Essex County,,00000,42.673356541834366,-70.83215311655724,129657.24,236446.57,183248
ec4098e5-fdbc-318b-cd41-8d14a3798617,2007-06-22,,999-44-7455,S99978024,,Ms.,Mariel814,Jordan900,Bogisich202,,,,white,nonhispanic,F,Milford  Massachusetts  US,164 Howell Station Apt 28,Hingham,Massachusetts,Plymouth County,25023,02043,42.20509734584878,-70.85831163120172,30086.01,15310.12,27364
51836eb1-d974-5355-b9bf-ff0f429cf59a,2025-03-29,,999-85-2173,,,,Lester513,Rico947,Ortiz186,,,,white,nonhispanic,M,Fall River  Massachusetts  US,631 Roob Bypass,Lowell,Massachusetts,Middlesex County,25017,01850,42.60061296611205,-71.30031214136818,337.71,6252.82,13477
8ec1311e-e9aa-7597-ba54-778476158550,1980-10-12,,999-98-6473,S99954577,X07306114X,Mrs.,Farah862,Silva841,Brekke496,,Becker968,M,white,nonhispanic,F,Westborough  Massachusetts  US,315 Kessler Mews,Melrose,Massachusetts,Middlesex County,25017,02176,42.41349060735349,-71.06712680874665,448635.22,294640.15,80843
3c3b94db-e688-c4d7-3afe-8cbd7201f9f4,1962-06-16,,999-83-5849,S99998189,X45099229X,Mr.,Curtis94,Alfonzo975,Bergnaum523,,,M,white,nonhispanic,M,Boston  Massachusetts  US,494 Considine Vale Suite 91,Marlborough,Massachusetts,Middlesex County,25017,01752,42.34567695903808,-71.5820481407611,11481.32,238174.21,17688
15f3d39a-a247-708f-5e85-110dbde442c2,2001-11-21,,999-30-4005,S99952796,X96365991X,Mr.,Kurtis994,,Aufderhar910,,,,white,nonhispanic,M,Worcester  Massachusetts  US,925 Prosacco Lodge Apt 91,Ashburnham,Massachusetts,Worcester County,,00000,42.6518094428252,-71.92271651705542,65509.36,9639.97,740013
a5c411d4-a2f2-192f-3553-ca1a5f97c1a7,2011-03-22,,999-69-4543,,,,Bob965,Duane703,Rohan584,,,,asian,nonhispanic,M,Methuen  Massachusetts  US,840 Collins Branch Apt 99,Newbury,Massachusetts,Essex County,,00000,42.7378989149649,-70.91860588635375,52152.04,7196.44,904439
1197e491-555d-09e9-ad03-d9259a801e6c,2013-01-14,,999-58-6586,,,,Pablo44,,Considine820,,,,white,nonhispanic,M,Orleans  Massachusetts  US,1011 Hills Gate Unit 36,Fitchburg,Massachusetts,Worcester County,25027,01420,42.59185849270017,-71.83657921700338,2302.25,35552.21,7331
7bd638f2-d3ea-fbd1-e515-a6192115a157,1987-09-30,,999-89-8974,S99943376,X24877564X,Mrs.,Luz785,,Lowe577,,McKenzie376,M,white,nonhispanic,F,Lowell  Massachusetts  US,527 Kozey Dale,Lancaster,Massachusetts,Worcester County,,00000,42.43983225653074,-71.67221049555455,223847.92,648678.97,473976
e46c2cdd-9540-f755-de5f-b2a54f39d80f,1923-06-23,2003-03-30,999-72-1659,S99953704,X32583856X,Mr.,Emory494,,Shanahan202,,,M,white,nonhispanic,M,Lowell  Massachusetts  US,422 Christiansen Throughway Suite 81,Bedford,Massachusetts,Middlesex County,25017,01730,42.50897871051614,-71.27950971923886,272892.71,101614.55,96094
7cf2214a-5d0a-80fb-776f-a99a3a723d26,2001-12-10,,999-40-2352,S99910057,X02264459X,Mr.,Lindsey52,Darron84,Turcotte120,,,,white,nonhispanic,M,Canton  Massachusetts  US,694 Wolf Extension Apt 25,Plympton,Massachusetts,Plymouth County,,00000,41.943218167173185,-70.79773824575645,49215.47,1420.15,140114
20e2fe9a-75d1-2e0d-5fdd-de6fc05a5884,2001-10-07,,999-93-7823,S99978445,X23783909X,Ms.,Henry768,Lynna524,Bins636,,,,white,nonhispanic,F,Lowell  Massachusetts  US,564 Murazik Haven Suite 26,Belchertown,Massachusetts,Hampshire County,25015,01007,42.29593288977824,-72.36735657192145,7169.44,357471.87,19396
325bb530-6e35-f97c-47df-e647e96d5067,2005-09-04,,999-22-9207,S99982214,X78104675X,Mr.,Quintin944,,Wisoky380,,,,hawaiian,nonhispanic,M,Winchester  Massachusetts  US,839 Bogisich Fort,Amherst Center,Massachusetts,Hampshire County,,00000,42.40778308364619,-72.51893040230514,6099.51,676294.30,8648
820efb83-955e-4786-4fe8-4e6557b7fe0a,1979-07-13,,999-22-5068,S99972430,X45343776X,Mrs.,Alejandrina481,Madge238,Schaefer657,,Pollich983,M,white,nonhispanic,F,Westford  Massachusetts  US,122 Schinner Haven,Barnstable,Massachusetts,Barnstable County,25001,02675,41.607975388961144,-70.25727073730995,394077.51,158421.11,70391
ed03774b-816a-7f61-dc41-3ba21ea9499f,1963-11-21,,999-56-8792,S99922251,X31442260X,Mrs.,Joette227,Mertie42,Kuhlman484,,Nienow652,D,white,hispanic,F,Worcester  Massachusetts  US,732 Jacobi Spur Suite 40,Boston,Massachusetts,Suffolk County,25025,02113,42.24805838040733,-71.12768120646331,804181.32,212078.29,61349
0c4fb79e-0213-c089-4e4a-fd9dbc768832,1958-01-09,,999-44-6613,S99983640,X19614732X,Mr.,Armando772,Basil991,Fritsch593,,,D,white,hispanic,M,Revere  Massachusetts  US,408 Jenkins View Suite 12,Boston,Massachusetts,Suffolk County,25025,02115,42.37257109633385,-71.13552010540036,112627.49,277040.33,58444
46b5a175-cece-1929-31cf-d6df294dc6dc,2008-08-31,,999-45-8451,S99964472,,,Horace32,,Schaden604,,,,white,nonhispanic,M,Methuen  Massachusetts  US,268 West Dam,Peabody,Massachusetts,Essex County,25009,01940,42.545402532875826,-70.95828123845823,50895.02,5606.34,178754
657d146c-0750-e6d5-3424-d52be7635fb4,1963-12-31,,999-25-3460,S99936944,X80835233X,Mr.,Ronald408,Logan497,Bradtke547,,,S,white,nonhispanic,M,Boston  Massachusetts  US,367 Cremin Fork Unit 97,Leominster,Massachusetts,Worcester County,25027,01420,42.63071332762374,-71.806398712134,166582.93,56263.48,70056
6cc5a40b-444c-99e4-0a2f-585820bb6832,1974-06-25,,999-44-2862,S99949295,X60005788X,Mr.,Edgardo196,Keven605,Barrows492,,,W,black,nonhispanic,M,Somerville  Massachusetts  US,737 Conroy Mall Apt 12,Raynham,Massachusetts,Bristol County,,00000,41.949665333260874,-71.06997211844143,298129.53,429435.76,98062
88d2469d-caaa-3e02-ba9a-d4a591e09b94,1963-06-29,,999-53-7761,S99954175,X44335572X,Mr.,Cornelius968,Christian753,Shields502,,,M,white,nonhispanic,M,Fitchburg  Massachusetts  US,103 Champlin Loaf Suite 3,Oak Bluffs,Massachusetts,Dukes County,,00000,41.48864737028163,-70.52396365175305,44248.88,279965.88,25529
9669c359-76d3-3e80-7344-99439d16ea33,2003-07-14,,999-14-4338,S99977870,X96552532X,Ms.,Mina319,Meghan514,Treutel973,,,,white,nonhispanic,F,Charlton  Massachusetts  US,358 Howe Light Apt 10,Acushnet,Massachusetts,Bristol County,,00000,41.73890278865503,-70.89692960592029,128502.47,198376.58,123285
2c49ad8d-c4a0-12bb-a59e-e9ad5007785b,1993-08-25,,999-10-4635,S99916672,X22489687X,Mrs.,Antonia30,,Walker122,,Brekke496,M,white,hispanic,F,Sturbridge  Massachusetts  US,700 Beahan Dam Suite 27,Boston,Massachusetts,Suffolk County,25025,02122,42.40215174479014,-71.07383034367571,186769.85,242649.78,155244
91a1c1ee-f74a-341f-7a81-9009fea906bd,1942-05-05,,999-22-4408,S99920044,X48732702X,Mrs.,Julio255,Michal596,Kilback373,,Beer512,D,white,nonhispanic,F,Lawrence  Massachusetts  US,514 Beier Crossing,Wellfleet,Massachusetts,Barnstable County,,00000,41.95062594778869,-70.02760033915676,42609.96,1372374.06,16860
53467973-b061-3b70-6a4e-1ae91860ad09,2012-09-19,,999-49-1006,,,,Francesco636,,Zulauf375,,,,asian,nonhispanic,M,Springfield  Massachusetts  US,468 Huels Trace,Belmont,Massachusetts,Middlesex County,25017,02478,42.3671360458695,-71.20767097872985,19673.83,15525.58,439880
a472a70e-b10b-6e76-9a19-007ecccbc1b1,1972-10-11,,999-46-7862,S99916816,X25082205X,Mr.,Ted955,,Buckridge80,,,M,white,nonhispanic,M,Boylston  Massachusetts  US,851 Bernier Haven Unit 65,New Seabury,Massachusetts,Barnstable County,,00000,41.59008342053523,-70.48613073201813,122454.33,8996.12,155632
677213be-0d91-b01b-ea64-5d3f1bd594f0,2006-04-13,,999-60-1140,S99910664,X42338971X,Ms.,Loreta61,Maryjane289,Brekke496,,,,white,nonhispanic,F,Millbury  Massachusetts  US,450 Mosciski Route Suite 48,Chelmsford,Massachusetts,Middlesex County,,00000,42.587478560128005,-71.38058990074421,55425.02,177980.26,93755
1d522141-1c67-f295-9800-99980b2c9dcb,2006-03-15,,999-61-3379,S99991435,X07893203X,Ms.,Sylvia544,Nedra260,Wisozk929,,,,white,nonhispanic,F,Groton  Massachusetts  US,360 Kling Track Suite 42,Norton,Massachusetts,Bristol County,,00000,41.98509755356279,-71.19510315196482,51788.02,4168.41,135720
fe5f21ca-9240-1608-3d37-b7e3b0c06866,1997-10-15,,999-71-1916,S99946336,X75616963X,Mrs.,Alicia629,Victoria535,Verduzco998,,Anguiano812,M,black,hispanic,F,Caracas  Capital District  VE,863 Mueller Landing,Boston,Massachusetts,Suffolk County,25025,02114,42.32701526141034,-71.04959455562724,12758.83,547533.15,22276
1415e07c-3a82-969e-9d98-4ca085afdbf3,1979-05-06,,999-24-9430,S99955237,X56325410X,Ms.,Kacie297,Janette321,Volkman526,,,S,white,nonhispanic,F,Lynn  Massachusetts  US,772 Abbott Harbor,Chicopee,Massachusetts,Hampden County,25013,01022,42.13959092993858,-72.604074302943,450304.29,42180.63,63427
e4fcb7e0-883c-6785-d572-6365c9a5bc18,1966-02-19,2020-11-11,999-16-8177,S99958267,X12138293X,Mr.,Nicky270,Ivory697,Wolf938,,,S,white,nonhispanic,M,Foxborough  Massachusetts  US,1010 Lang Parade Unit 99,Lawrence,Massachusetts,Essex County,25009,01840,42.66247188470145,-71.19295118570912,18411.94,334156.99,21900
a7c73f8d-f65d-3b7f-90ea-cbebe72c237c,1998-02-28,,999-61-4546,S99961324,X26340040X,Mrs.,Susana117,Ana María762,Girón243,,Jaimes535,M,white,hispanic,F,Portsmouth  Saint John Parish  DM,948 Cassin Green,Gloucester,Massachusetts,Essex County,25009,01930,42.66523099042059,-70.69052000000444,199628.54,516374.32,51846
8635f288-8308-c561-13a9-396d170a29a7,1962-11-03,2022-06-16,999-51-3668,S99945700,X99645722X,Mr.,Lucas404,Houston994,Funk324,,,S,white,nonhispanic,M,Norwood  Massachusetts  US,718 Connelly Extension Unit 2,Westford,Massachusetts,Middlesex County,,00000,42.575133537846575,-71.48806940613441,137446.12,118176.57,124307
d8ff8d71-2d47-9eff-663f-83127907cf9b,2011-01-09,,999-91-3686,,,,Robbi844,Julianne852,Dooley940,,,,white,nonhispanic,F,Rome  Lazio  IT,480 Roberts Fork Unit 44,Boston,Massachusetts,Suffolk County,25025,02215,42.37647418865696,-71.02910905913525,58773.74,28629.51,122895
3d122981-2a67-c131-ea12-b5b6b51024a0,1992-12-11,,999-95-1660,S99970588,X43439621X,Mr.,Kurtis994,Quincy153,Luettgen772,,,S,white,nonhispanic,M,Melrose  Massachusetts  US,893 McClure Center,Phillipston,Massachusetts,Worcester County,,00000,42.5658997461214,-72.1100914476674,116155.89,0.00,90582
8fd0b542-019f-4595-c994-d9693d69627e,1995-11-21,,999-48-4679,S99942867,X60427977X,Mrs.,Vicenta966,Delisa884,Turner526,,Rohan584,M,white,nonhispanic,F,New Bedford  Massachusetts  US,160 O'Conner Arcade,Westwood,Massachusetts,Norfolk County,,00000,42.20329157972099,-71.2463678877749,245033.49,934099.03,296339
e3084c59-b851-0c3e-42bb-e5e5705aecc8,1982-11-24,,999-48-8800,S99974378,X16101142X,Mr.,Duane703,Cory323,Emard19,,,M,white,nonhispanic,M,Milton  Massachusetts  US,958 Ritchie Pathway Unit 92,Shrewsbury,Massachusetts,Worcester County,,00000,42.28414248784912,-71.74688440130235,438713.76,307043.09,63611
b865d686-4e10-52c3-8df7-0ba7e0a1331e,1975-11-15,,999-13-1039,S99924536,X85540191X,Mrs.,Isobel140,Kimberley248,Quitzon246,,Braun514,M,white,nonhispanic,F,Woburn  Massachusetts  US,325 Konopelski Crossing Apt 79,Springfield,Massachusetts,Hampden County,25013,01107,42.08681776183051,-72.57076406444901,24339.27,1112577.58,21679
b1e1dac6-483c-d1a2-864f-990661ae125d,1992-06-30,,999-68-4539,S99911881,X34004081X,Ms.,Randa356,Lakeshia836,Schneider199,,,S,white,nonhispanic,F,Boston  Massachusetts  US,234 Conn View,Holyoke,Massachusetts,Hampden County,25013,01040,42.210700925970684,-72.65333321378068,80288.34,896193.30,80536
c99d28b2-0820-c72d-b096-6e702572c7f9,2007-08-30,,999-74-2458,S99911565,,Ms.,Kacey193,,Keebler762,,,,white,nonhispanic,F,Agawam  Massachusetts  US,299 Bashirian Route,Millbury,Massachusetts,Worcester County,,00000,42.16429942835326,-71.79349444756663,54245.14,4941.20,467354
99a067aa-a56d-2661-28d8-ce2fdb743c62,1923-06-23,2002-05-11,999-92-1509,S99997126,X93903410X,Mr.,Colin861,Freeman822,Hodkiewicz467,,,S,white,nonhispanic,M,Newton  Massachusetts  US,1078 Nikolaus Fork,Bedford,Massachusetts,Middlesex County,25017,01730,42.5003806197442,-71.32670090874944,303283.95,581522.24,96094
1455222a-8fa4-5b9c-ddee-d138cb3b77da,1947-04-11,,999-38-2052,S99988070,X47054983X,Mr.,Warren653,,Abshire638,,,M,white,nonhispanic,M,Wilmington  Massachusetts  US,1070 Hammes Rest Apt 2,Quincy,Massachusetts,Norfolk County,25021,02186,42.229396790347025,-70.99235231155167,200457.11,605575.69,158323
159ec26a-5341-44df-c5a3-795e2f51433f,1990-09-30,,999-23-8824,S99984710,X43995215X,Mr.,Erasmo545,,Frami345,,,M,white,nonhispanic,M,Marseille  Provence-Alpes-Cote d'Azur  FR,668 Feest Way Apt 33,Walpole,Massachusetts,Norfolk County,25021,02081,42.12680573493384,-71.25266504684532,132442.66,550511.03,160355
4421d32a-f3a5-de2c-d881-557c229138d3,2000-09-08,,999-10-8823,S99954287,X65468337X,Ms.,Samella245,,Larkin917,,,,white,nonhispanic,F,Sutton  Massachusetts  US,948 Feeney Street,Weymouth,Massachusetts,Norfolk County,25021,02190,42.23779404774438,-70.91698632476259,7895.86,367652.97,4702
894bb357-0ac7-04a6-4d90-27d57df7d2f6,1981-03-04,,999-58-7817,S99965298,X18353723X,Mr.,Alfonso758,Hugo693,Cotto891,,,M,white,hispanic,M,Buenos Aires  Ciudad de Buenos Aires  AR,700 Schneider Walk,Lowell,Massachusetts,Middlesex County,25017,01850,42.59119055728501,-71.33714913721441,159437.44,40514.20,60259
f3370658-bf7e-72ad-74be-83a9b990d9cd,1966-02-19,,999-11-2484,S99926552,X47778007X,Mr.,Ward668,Wayne846,Goyette777,,,M,white,nonhispanic,M,Amherst Center  Massachusetts  US,361 Waters Dam,Lawrence,Massachusetts,Essex County,25009,01843,42.71348132200743,-71.17470448553755,22204.64,355789.98,21900
e7751c02-6ee0-5a07-3f6b-f515e7eafc99,1996-06-22,,999-37-4723,S99984279,X34616183X,Mrs.,Shantel839,Jazmine498,Doyle959,,Kulas532,M,white,hispanic,F,North Adams  Massachusetts  US,660 Lynch Track,Springfield,Massachusetts,Hampden County,25013,01106,42.151793493779415,-72.54686429505726,193115.10,446432.40,133343
c3428075-1a53-ce69-aebf-203cab4223dc,2000-02-05,,999-10-6596,S99948216,X05933985X,Ms.,Lisabeth458,,Monahan736,,,,white,nonhispanic,F,Boston  Massachusetts  US,796 Johnston Glen Unit 63,Boston,Massachusetts,Suffolk County,25025,02215,42.41042804217998,-71.08718210612133,7356.87,155532.98,2351
a41ed05b-e0df-4f9e-3a08-9d337cf1c103,1982-07-05,,999-81-1996,S99938827,X34834030X,Mrs.,Larry532,Barbara209,Bashirian201,,Harris789,M,white,nonhispanic,F,Brockton  Massachusetts  US,869 Willms Underpass Suite 4,Lowell,Massachusetts,Middlesex County,25017,01854,42.61164094440018,-71.3147539275289,136200.57,947314.99,25859
04484409-29ba-ebb3-70b1-8cce7364652f,1962-11-03,,999-13-9460,S99996064,X29530573X,Mr.,Jamar151,,Beatty507,,,D,white,nonhispanic,M,Boston  Massachusetts  US,1086 McCullough Stravenue Suite 43,Westford,Massachusetts,Middlesex County,,00000,42.59945156959122,-71.42712760769487,177056.90,58719.47,124307
e2f8938e-9c29-e540-9e17-042940edee04,1980-09-30,,999-18-4488,S99989119,X71110439X,Mr.,Roger751,Jordon466,Moen819,,,D,white,nonhispanic,M,Boston  Massachusetts  US,980 Klocko Gardens,Bridgewater,Massachusetts,Plymouth County,25023,02324,41.95088614066367,-70.94050761250455,101308.60,39463.30,72795
84d66aee-9f1f-3c4f-58e2-8c107534723b,1999-09-01,,999-69-7045,S99913724,X01168221X,Mr.,Jon665,Blaine377,Eichmann909,,,,white,nonhispanic,M,Clinton  Massachusetts  US,997 Hane Terrace,Melrose,Massachusetts,Middlesex County,25017,02176,42.457420455899936,-71.03650232594826,65635.67,0.00,87450
f690e9a6-83ea-9865-0726-4b53a286f047,1958-06-03,,999-25-1088,S99974686,X10164332X,Mr.,Gregory545,Jimmy858,Stokes453,,,W,white,nonhispanic,M,Boston  Massachusetts  US,198 Hoppe Center Unit 82,Halifax,Massachusetts,Plymouth County,,00000,41.986405746843324,-70.88357336169167,74163.59,105157.36,142106
f5ed9a3a-e14a-f82d-f99d-b07eb0964f42,2004-11-16,,999-77-2889,S99962603,X00830333X,Ms.,Renata373,Jeanelle736,Hayes766,,,,white,nonhispanic,F,Sturbridge  Massachusetts  US,336 Feil Gardens Suite 91,Brockton,Massachusetts,Plymouth County,25023,02302,42.115958716522535,-71.06364658534922,7845.86,65374.41,18556
e39a5f7e-3670-474c-52f3-8c4b5724ca00,1978-10-18,,999-19-9341,S99982808,X88486256X,Mrs.,Temeka297,Dominque770,Schaden604,,Zieme486,M,white,nonhispanic,F,Natick  Massachusetts  US,687 Kiehn Rapid,Wakefield,Massachusetts,Middlesex County,25017,01880,42.500980423655456,-71.07847601104356,221573.47,436944.28,379612
04799f31-e5b2-eb19-84e1-60f3d43fa331,1970-05-31,2001-04-06,999-96-9439,S99977604,X59646354X,Mr.,Clark193,Humberto482,Davis923,,,M,white,nonhispanic,M,Randolph  Massachusetts  US,931 Stracke Trailer,Greenfield,Massachusetts,Franklin County,25011,01301,42.657203141713104,-72.63077417888427,70945.57,112374.01,30409
627bac79-fc56-d98c-6583-1ae8f19cb4a7,1971-04-22,,999-64-3387,S99999720,X15557280X,Ms.,Rina274,Gregory545,Leuschke194,,,S,white,nonhispanic,F,Billerica  Massachusetts  US,1085 Dickinson Road,Somerville,Massachusetts,Middlesex County,25017,02145,42.40063587668166,-71.09663929229706,632500.35,305180.86,67141
320847e5-8cee-f91a-24e9-72840c3ddfe3,2017-10-17,,999-50-9824,,,,Kenneth671,,Welch179,,,,white,nonhispanic,F,Nantucket  Massachusetts  US,514 Kulas Gardens,Uxbridge,Massachusetts,Worcester County,,00000,42.01898397643676,-71.69301335153673,24613.58,2912.43,665538
c688cc91-43a6-947e-4416-858bccdf3dfa,2014-07-11,,999-30-2636,,,,Raquel318,Cecilia788,Adorno791,,,,white,hispanic,F,Salisbury  Saint Joseph Parish  DM,352 Lebsack Plaza,Stoughton,Massachusetts,Norfolk County,,00000,42.10177308658048,-71.05751661836483,22785.77,24486.54,91491
dabad7b4-2876-7a45-e5ec-5fce8a98451b,1991-04-26,,999-64-8818,S99984957,X60013368X,Mrs.,Roy364,Leatrice181,Brown30,,Purdy2,M,white,nonhispanic,F,Sturbridge  Massachusetts  US,1085 Hand Gardens Unit 89,Wayland,Massachusetts,Middlesex County,,00000,42.32229630910826,-71.33619941906814,122932.81,407038.52,115037
bc2b3dca-90cf-db4e-4c28-4e15926327f5,1951-11-20,,999-46-2216,S99962713,X58277026X,Mrs.,Tiesha180,Gaylene599,Ortiz186,,Gottlieb798,M,white,nonhispanic,F,Lowell  Massachusetts  US,379 Spencer Loaf Unit 16,Acton,Massachusetts,Middlesex County,,00000,42.49537770489184,-71.44139120591561,886591.30,212330.30,87532
61a1fc61-49ee-280a-e0cb-2f8c5a4a67a8,1995-02-15,,999-53-7037,S99938141,X15724488X,Mrs.,Patrina117,Dianna917,Baumbach677,,Lynch190,M,white,nonhispanic,F,Montague  Massachusetts  US,941 Swaniawski Station,Shrewsbury,Massachusetts,Worcester County,,00000,42.302480938301784,-71.72402876649744,167098.87,306165.25,62704
bc71228c-34a3-8920-28c8-4bbf793b1e5d,1979-02-11,,999-31-9459,S99947050,X45630516X,Mr.,Erich201,,Batz141,,,S,white,nonhispanic,M,Andover  Massachusetts  US,382 Vandervort Skyway,Plymouth,Massachusetts,Plymouth County,25023,02360,41.8908993032479,-70.66370420466045,117608.37,32231.11,923022
bb343993-3e17-aa57-4bcb-c506be7a249b,1984-09-03,,999-39-1071,S99969904,X53160599X,Mr.,Kristopher775,Josue598,Bode78,,,M,native,nonhispanic,M,Acton  Massachusetts  US,796 Mayer Run,Worcester,Massachusetts,Worcester County,25027,01603,42.26945524429468,-71.78261576758362,74127.63,45369.37,116841
82750ea9-4d49-c480-3371-4921b4fd74b7,1979-07-20,,999-55-8633,S99987895,X44837790X,Mrs.,Avelina400,Consuelo468,Howell947,,Schuster709,M,white,nonhispanic,F,Lincoln  Massachusetts  US,597 Kuvalis Orchard,Grafton,Massachusetts,Worcester County,,00000,42.221900521191074,-71.68929289468097,321397.19,421628.38,36664
4ce16299-5dd1-eaed-1f52-dbe20d7cfeba,1970-05-31,2015-12-24,999-56-2297,S99937305,X73144209X,Mr.,Nickolas58,Perry780,Renner328,,,D,white,nonhispanic,M,Swansea  Massachusetts  US,568 Funk Overpass,Greenfield,Massachusetts,Franklin County,25011,01301,42.595654111997554,-72.58871073323816,134308.32,99152.97,30409
9269bfc3-8178-a284-f957-c4f0cdee5839,2002-07-18,2019-01-03,999-41-3299,S99932997,,,Leslie90,Gregorio366,Ebert178,,,,white,nonhispanic,M,Montague  Massachusetts  US,269 Langosh Loaf Suite 12,Boston,Massachusetts,Suffolk County,25025,02215,42.326700212819894,-71.10527653920408,74556.41,0.00,58763
cbbaee10-5cf1-a09f-6b3f-c9799c09b012,1965-10-16,1967-06-08,999-83-1938,,,,Lanny564,Wilber603,Keebler762,,,,white,nonhispanic,M,Fitchburg  Massachusetts  US,640 Turner Knoll Apt 2,Northampton,Massachusetts,Hampshire County,25015,01062,42.291488401520084,-72.615918434674,20405.79,12730.17,61741
f56de3a0-5544-0af3-a8a2-3e9b07f6d808,1982-04-10,,999-87-5242,S99951758,X27442209X,Mrs.,Ashlee14,Charles364,Hermiston71,,Feil794,M,white,nonhispanic,F,Fall River  Massachusetts  US,269 Dickens Plaza Suite 47,Braintree,Massachusetts,Norfolk County,25021,02184,42.232225531734144,-71.03527268518005,254833.51,696871.51,110237
f748ab88-82ac-9e56-6e22-babed52dc8d1,1957-06-23,,999-88-2972,S99946737,X86987780X,Mr.,Alton320,Bill567,Rice937,,,M,white,nonhispanic,M,Brockton  Massachusetts  US,444 Gerlach Boulevard Suite 91,Yarmouth,Massachusetts,Barnstable County,,00000,41.70653553444735,-70.26004802509634,20550.15,786538.45,11476
aa42137c-37c0-eee0-4f6d-6f863b05a91b,2009-01-03,,999-92-3825,S99982732,,,Roselle682,Gladis186,Hettinger594,,,,white,hispanic,F,Revere  Massachusetts  US,997 Lowe Rue Apt 83,Southwick,Massachusetts,Hampden County,,00000,42.041955067059426,-72.81126601130475,63038.79,49505.21,36496
24c08516-35a6-549f-382b-7715f9c05983,1970-05-31,1971-10-19,999-85-5928,,,,Dominic463,Mauricio81,Vandervort697,,,,white,nonhispanic,M,Framingham  Massachusetts  US,974 Lang Well Apt 43,Greenfield,Massachusetts,Franklin County,25011,01301,42.6389998914463,-72.56889932840357,562.70,19779.11,30409
a103fb2e-394f-58d3-82c4-ae66dbbf34c4,1969-08-26,,999-24-9388,S99970186,X38094930X,Mrs.,Kizzy275,Shemeka786,Bosco882,,Hyatt152,M,white,nonhispanic,F,Cambridge  Massachusetts  US,402 Nienow Trailer,Chicopee,Massachusetts,Hampden County,25013,01020,42.149707006962146,-72.557079306623,17726.62,686571.24,15248
0087b7c6-9d13-2e7a-5967-8f28a92c2d72,1988-01-02,,999-14-2741,S99993120,X79633913X,Mr.,Maxwell782,Keneth579,Lueilwitz711,,,M,white,nonhispanic,M,Winchester  Massachusetts  US,503 Boehm Ville Apt 95,Great Barrington,Massachusetts,Berkshire County,25003,01230,42.207602239301075,-73.32570265000594,77039.38,291.04,96453
98f3da4f-4dd8-cc78-fa31-ffe78319e5a7,1923-06-23,1998-02-03,999-12-4675,S99978278,X94141823X,Mr.,Max124,Desmond566,Considine820,,,M,white,nonhispanic,M,Lawrence  Massachusetts  US,917 Bogisich Street Apt 12,Bedford,Massachusetts,Middlesex County,25017,01730,42.511096772544946,-71.31587150320748,145287.64,137691.44,96094
c15fb7e6-e4a3-9822-0c5d-7ed07ad73302,2002-07-18,,999-35-7653,S99919170,X74736782X,Mr.,Stanley702,Kurt412,Block661,,,,white,nonhispanic,M,Mashpee  Massachusetts  US,180 Brakus Neck,Boston,Massachusetts,Suffolk County,25025,02203,42.374994034239464,-71.0683148827028,70557.71,0.00,58763
d7d05be3-7cde-bbc6-6205-040516736709,2009-08-11,,999-61-7647,S99988731,,,Verdie59,Lesa839,Okuneva707,,,,white,nonhispanic,F,Wayland  Massachusetts  US,367 Pollich Arcade Suite 1,Walpole,Massachusetts,Norfolk County,25021,02081,42.097551884562876,-71.23038255833738,60017.68,10491.14,51678
99f73566-ba5b-8ee1-e391-595456f8548f,1957-02-24,,999-65-5529,S99933553,X73952447X,Mr.,Luigi346,,Huels583,,,S,white,nonhispanic,M,Brockton  Massachusetts  US,499 Kertzmann Row Unit 28,Boston,Massachusetts,Suffolk County,25025,02131,42.41859102420242,-71.01295009791619,14920.15,249542.98,4961
941864fe-b0de-8ec5-3e72-f95fc2c43b51,1979-02-06,,999-17-9190,S99983942,X40164551X,Mr.,Doyle959,Lonnie913,Hodkiewicz467,,,D,white,nonhispanic,M,Worcester  Massachusetts  US,217 Hodkiewicz Wall,Easthampton,Massachusetts,Hampshire County,25015,01027,42.25891922537919,-72.78078285450076,154569.86,593798.45,29822
f6b6f359-b031-5acf-58af-a6e70a119f07,2012-09-14,,999-54-4540,,,,Carita426,Candida654,Bechtelar572,,,,white,nonhispanic,F,Dartmouth  Massachusetts  US,213 Ruecker Course,Cambridge,Massachusetts,Middlesex County,25017,02141,42.399296364703744,-71.1642253798509,18947.50,23204.60,81202
a14c5301-5e25-9fae-49ae-a52bddd92e09,1923-06-23,1950-05-20,999-48-2494,S99910226,X77322681X,Mr.,Ralph813,Burl285,Waters156,,,,white,nonhispanic,M,Framingham  Massachusetts  US,437 Simonis Trail,Bedford,Massachusetts,Middlesex County,25017,01730,42.475078798106054,-71.32055376068637,93307.17,0.00,96094
7e60c888-8d92-d3bd-fb37-48f905d45644,2006-02-14,,999-29-7109,S99919016,X04020772X,Mr.,Emilio417,Erick204,Boehm581,,,,white,nonhispanic,M,Braintree  Massachusetts  US,205 Hane Estate Unit 8,Cambridge,Massachusetts,Middlesex County,25017,02141,42.348886669792336,-71.09559956679163,4323.13,81807.69,18517
cfbc11ee-dc30-2f34-f3ac-52f284b1fd35,1981-11-03,,999-15-5481,S99923327,X32992052X,Mrs.,Lakita48,,Lebsack687,,Skiles927,D,other,nonhispanic,F,Cambridge  Massachusetts  US,339 Davis Row Unit 98,New Bedford,Massachusetts,Bristol County,25005,02740,41.56420407017429,-70.94730171647942,612034.47,297193.52,38006
665f814a-7e0d-73b8-0953-5dd2ecaffd65,1965-05-18,2026-01-16,999-73-8573,S99953493,X05040057X,Ms.,Wanda961,Bree992,Dietrich576,,,S,white,nonhispanic,F,Amherst Center  Massachusetts  US,976 Turner Hollow Apt 56,Tewksbury,Massachusetts,Middlesex County,,00000,42.63888247528801,-71.21938570752873,270396.93,600049.52,129644
4b3daf11-4424-46d2-8fc4-082b6ff51eac,1998-04-25,,999-93-6089,S99989204,X18906778X,Mrs.,Caprice565,Dena356,Bernier607,,Moore224,M,white,nonhispanic,F,Newburyport  Massachusetts  US,473 Mitchell Forge,Springfield,Massachusetts,Hampden County,25013,01109,42.165179556338906,-72.6549479868574,6391.23,228861.23,17392
7a83f484-30bf-6f96-4c0a-fccf33bb1ee4,1987-08-08,,999-59-1712,S99914990,X57577234X,Mr.,Brent147,,Monahan736,,,M,white,nonhispanic,M,Hampden  Massachusetts  US,830 Doyle Arcade Unit 62,Brookline,Massachusetts,Norfolk County,25021,02446,42.370793554699326,-71.1225118062935,130154.97,593072.46,154036
6cfb406f-2a97-8796-bbb8-1918c04cec04,2010-04-10,,999-25-9762,S99922996,,,Dewitt635,,Stroman228,,,,white,hispanic,M,Boston  Massachusetts  US,572 Veum Common Apt 51,New Bedford,Massachusetts,Bristol County,25005,02748,41.629125406781625,-70.89252290918274,2906.85,52900.13,7391
1b376ffe-a3b1-cfb8-e049-8752b221f94c,1970-05-31,,999-36-7329,S99931205,X80637141X,Mr.,Adan632,Robt687,Schowalter414,,,S,white,nonhispanic,M,Middleton  Massachusetts  US,538 Hickle Vista Apt 90,Greenfield,Massachusetts,Franklin County,25011,01301,42.64971769940097,-72.56807916890423,161685.68,791736.77,30409
b29fb8e5-be6a-cc1d-13d2-f6d0c910ce8b,1990-07-17,,999-30-7622,S99930897,X56379884X,Mr.,Lon587,Shelton25,Kemmer137,,,M,white,nonhispanic,M,Cambridge  Massachusetts  US,791 Lueilwitz Meadow Suite 99,Dracut,Massachusetts,Middlesex County,,00000,42.68857951922856,-71.34812268187285,73493.80,823.91,140617
45d3fbef-1cee-fd55-efe4-b8f1beea96a7,2023-01-06,,999-66-1247,,,,Chase54,Ashley34,Olson653,,,,white,nonhispanic,M,Duxbury  Massachusetts  US,843 Mitchell Lock Unit 89,Marshfield,Massachusetts,Plymouth County,25023,02050,42.14427137040841,-70.73233008597157,15170.63,2185.63,995488
3a179e0b-b799-2860-7e31-8ac577055bb1,1965-10-16,,999-10-1249,S99961383,X04388644X,Mr.,Walton167,Alonso270,Stokes453,,,S,white,nonhispanic,M,Winthrop  Massachusetts  US,829 Streich Vista,Northampton,Massachusetts,Hampshire County,25015,01060,42.30681804602889,-72.67395972915489,275637.01,190536.76,61741
e9efb10d-288a-4c05-8c2d-1f955ad624bd,1967-06-07,,999-14-1073,S99978121,X77139199X,Mrs.,Julienne688,Vi771,Conn188,,Dibbert990,M,black,nonhispanic,F,Medway  Massachusetts  US,359 Ruecker Bridge,Boston,Massachusetts,Suffolk County,25025,02113,42.4192621251946,-71.07882744771346,804389.89,183807.29,119983
1b40952f-c9d0-5d5c-2c30-071bcdd6ff52,2021-05-07,,999-62-8291,,,,Darcie474,Cordelia715,Buckridge80,,,,white,nonhispanic,F,South Deerfield  Massachusetts  US,775 Lindgren Bridge,Chatham,Massachusetts,Barnstable County,25001,02633,41.58771171258777,-69.95077422598929,9434.17,2592.32,68961
b6415293-7017-8ba8-537f-cdec79e26c4a,1967-02-04,,999-22-9034,S99910431,X88167157X,Mr.,Bernardo699,Kim439,Sipes176,,,M,white,nonhispanic,M,South Duxbury  Massachusetts  US,884 O'Reilly Hollow,Sagamore,Massachusetts,Barnstable County,25001,02561,41.79034617907491,-70.57276330012913,531917.93,1511622.74,66715
c4e51388-a464-6115-ceef-834e7712ce56,1947-01-21,,999-42-3799,S99944034,X11776008X,Ms.,Abigail677,Onie555,Powlowski563,,,S,white,nonhispanic,F,Quincy  Massachusetts  US,589 Corwin Brook,Wellesley,Massachusetts,Norfolk County,25021,02457,42.245514030304825,-71.30924355489212,18630.53,556885.62,18629
e084098b-24ba-5341-79e6-af7c41fd294f,2002-12-05,,999-66-5895,S99932864,X24439950X,Ms.,Beaulah36,Junita557,Fahey393,,,,white,nonhispanic,F,Springfield  Massachusetts  US,368 Gaylord Village Suite 33,West Brookfield,Massachusetts,Worcester County,25027,01585,42.214083206105876,-72.18976463927775,65915.20,66064.18,60456
4eac2f56-5ea3-fefe-d4a2-aadf6f4ce525,1985-12-02,,999-41-8584,S99981916,X71276579X,Mr.,Santo387,Ernie189,Gislason620,,,M,white,hispanic,M,Springfield  Massachusetts  US,915 Schumm Rapid Apt 22,Chelsea,Massachusetts,Suffolk County,25025,02151,42.42357973819426,-70.97875379938024,15070.92,235271.15,13665
0206611e-3eb5-b8a9-1227-2ac99525b2dd,1923-06-23,1987-02-24,999-98-5990,S99916763,X81223202X,Mr.,Christoper325,Scottie437,Deckow585,,,M,white,nonhispanic,M,Norton  Massachusetts  US,490 Parisian Fort Suite 10,Bedford,Massachusetts,Middlesex County,25017,01730,42.52135616111187,-71.24854348566132,207345.93,0.00,96094
bfca0acd-11cc-b502-6d9a-7bfd1d7ffb24,1977-04-19,,999-90-5262,S99955131,X64080962X,Mr.,Tod265,Cody889,Jast432,,,S,black,nonhispanic,M,Taunton  Massachusetts  US,689 Abbott Lock,Everett,Massachusetts,Middlesex County,25017,02149,42.4538108623887,-71.0972301017999,12385.01,128897.74,13517
846427da-8020-2493-afd5-c64f1bd14512,1968-07-06,,999-78-1860,S99984123,X19872025X,Mrs.,Ashlyn643,Jeane173,Carroll471,,Tillman293,M,white,nonhispanic,F,Burlington  Massachusetts  US,398 Blick Tunnel,West Springfield,Massachusetts,Hampden County,25013,01089,42.07818062376803,-72.60475259059756,311646.86,190015.97,86753
a66824cb-1abf-cb4e-0868-1fa0f04c3a22,2017-02-24,,999-30-9618,,,,Ernestina649,Jasmin506,Batz141,,,,white,nonhispanic,F,Haverhill  Massachusetts  US,714 Lakin Landing,Wellesley,Massachusetts,Norfolk County,25021,02492,42.2574963926466,-71.25517706652083,13492.57,9093.74,373175
475f9737-eb38-4832-b9f9-00b566b7920d,2019-11-21,,999-32-2789,,,,Derick144,Dane516,Kilback373,,,,black,nonhispanic,M,Sagamore  Massachusetts  US,676 Bosco Frontage road,Boston,Massachusetts,Suffolk County,25025,02119,42.28125171632452,-71.10283555251391,13509.31,2352.82,45611
d8244e9c-4e3a-05fa-3469-b5d9c5b1acf7,1965-05-18,2018-09-22,999-30-6479,S99956043,X92136244X,Mrs.,Jessi630,Lucille738,Walter473,,Hermann103,M,white,nonhispanic,F,Taunton  Massachusetts  US,556 Thompson Highlands,Tewksbury,Massachusetts,Middlesex County,,00000,42.65225825802411,-71.1917870802402,360023.52,5459170.60,129644
ad218857-1f01-a01b-fef0-9c08f370ab5d,1938-07-14,2005-01-01,999-85-8144,S99916740,X84370816X,Mrs.,Kassandra256,Britt177,Romaguera67,,Renner328,W,white,nonhispanic,F,Seekonk  Massachusetts  US,257 Friesen Byway,Concord,Massachusetts,Middlesex County,,00000,42.48943296011807,-71.33766815425564,355670.92,1710213.91,32705
94464cd1-c5fe-415d-6c93-79f2714ef2cb,2009-06-13,,999-83-7788,S99971334,,,Stacia109,Austin578,Kub800,,,,white,nonhispanic,F,Boston  Massachusetts  US,532 Cassin Annex Unit 93,Plymouth,Massachusetts,Plymouth County,25023,02360,41.89534185744182,-70.5996708074894,57121.54,17299.95,36050
bb3946a9-20a4-48dd-32ec-98b013e3fa3b,1963-01-02,,999-31-6708,S99941335,X35763726X,Ms.,Jeneva675,Mitzie610,Kohler843,,,S,white,nonhispanic,F,Lawrence  Massachusetts  US,178 Upton Bridge Suite 60,Dedham,Massachusetts,Norfolk County,25021,02090,42.18628814260536,-71.2482973779888,188453.15,385430.93,25685
9eae566b-87a8-d406-b176-c17ca69c784f,1958-07-12,2021-09-09,999-76-2604,S99998672,X29066113X,Mr.,Ervin886,Randall756,Tremblay80,,,M,white,nonhispanic,M,Weymouth  Massachusetts  US,588 DuBuque Row Apt 57,Mansfield,Massachusetts,Bristol County,,00000,42.029176946652235,-71.20635923018433,123593.49,25342.93,89883
29526c9e-08dc-a0a8-2d53-aa4e03c155b8,2004-06-24,,999-33-5870,S99918121,X14116767X,Mr.,Victor265,,Feeney44,,,,white,nonhispanic,M,Stow  Massachusetts  US,595 Wiegand Mission Suite 8,Boston,Massachusetts,Suffolk County,25025,02118,42.34685270092758,-71.08327960511141,4291.72,63569.00,7832
85d1a46a-854c-420e-9708-bc94cf0036da,1976-09-24,,999-55-2473,S99922540,X91544854X,Mrs.,Katia630,,O'Kon634,,Nicolas769,D,white,nonhispanic,F,Hadley  Massachusetts  US,365 Senger Stravenue Unit 17,Smith Mills,Massachusetts,Bristol County,,00000,41.62143187404128,-71.01161547165583,130410.28,390617.64,561730
6de98c30-5da7-6ccb-5952-0b9317bdb04f,1996-05-01,,999-35-4523,S99994571,X69566337X,Mr.,Taylor21,Jeramy610,Renner328,,,M,white,nonhispanic,M,Chicopee  Massachusetts  US,605 Spinka Trace,Brookfield,Massachusetts,Worcester County,25027,01506,42.204752567538925,-72.154632004939,82520.68,13680.89,26327
cf48b9a0-2dd6-bbdb-8a15-109e0d5ed402,1990-03-15,,999-93-9832,S99966306,X29897042X,Mr.,King743,Waldo53,Rogahn59,,,S,white,nonhispanic,M,Chicopee  Massachusetts  US,501 Toy Parade Suite 28,New Bedford,Massachusetts,Bristol County,25005,02743,41.7407105218898,-70.91381361715506,5460.02,58155.20,12330
7cecd072-231e-4c92-00ed-970df6fd800c,2022-10-13,,999-60-8969,,,,Rosaria177,Aura483,Senger904,,,,white,nonhispanic,F,Waltham  Massachusetts  US,883 Waelchi Walk,Gloucester,Massachusetts,Essex County,25009,01930,42.64300136823249,-70.71486481246806,11813.77,0.00,50083
57db98fb-5ad3-a5bd-42e5-d9e650669697,1945-07-25,1989-12-20,999-55-4477,S99914887,X05805029X,Mr.,Chase54,,Schiller186,,,M,white,nonhispanic,M,Falmouth  Massachusetts  US,261 Bradtke Ferry,Boston,Massachusetts,Suffolk County,25025,02132,42.36149178012476,-71.05511366568474,192047.29,569263.62,168955
57105534-acc2-a14f-d9d7-17c41472fdfa,1923-06-23,1991-10-25,999-68-5081,S99992023,X70148574X,Mr.,Graig740,Jarrod316,Beatty507,,,S,white,nonhispanic,M,Dennis  Massachusetts  US,554 Bruen Grove,Bedford,Massachusetts,Middlesex County,25017,01730,42.54716360317734,-71.29658738440618,267107.12,48448.69,96094
ad794506-eb9b-ff2d-d17f-590508711032,1958-07-12,1984-11-16,999-14-4933,S99974565,X21117172X,Mr.,Wm806,Robin66,Gislason620,,,,white,nonhispanic,M,Barnstable  Massachusetts  US,408 Ruecker Landing Unit 59,Mansfield,Massachusetts,Bristol County,,00000,42.039117740392925,-71.22259656511515,56572.55,11332.31,89883
dd910c4b-3e70-b985-84ea-61cab6f7507d,2003-10-10,,999-79-6503,S99966099,X06663686X,Ms.,Cammie978,Tanna708,Wehner319,,,,white,nonhispanic,F,Paris  Ile-de-France  FR,452 O'Connell Manor Suite 40,Chicopee,Massachusetts,Hampden County,25013,01013,42.16699644736232,-72.61064566495638,211070.22,69188.76,75573
ea0465ac-834f-80bc-ff0e-8af130e76f6b,2021-08-22,,999-68-3141,,,,Teresia279,Angelia425,VonRueden376,,,,other,nonhispanic,F,Westford  Massachusetts  US,785 Hermiston Center,Lexington,Massachusetts,Middlesex County,25017,02421,42.421032144721096,-71.20517652712108,23705.92,0.00,94479
6cc64507-6180-47fa-8170-8e861ffed200,1986-07-21,,999-58-6911,S99929431,X53933882X,Mr.,Cameron381,Erwin847,Ferry570,,,S,white,nonhispanic,M,Boston  Massachusetts  US,360 Kulas Park Apt 73,Brookline,Massachusetts,Norfolk County,25021,02445,42.35422734300909,-71.17160977232238,80882.58,1632.43,903918
5ab5171f-def6-6a1d-7d76-26e0b9a65992,1960-08-06,,999-93-6333,S99959483,X78159696X,Mrs.,Deana43,Lavonia8,Lemke654,,King743,M,white,nonhispanic,F,Lynn  Massachusetts  US,876 Yost Frontage road Unit 28,Warren,Massachusetts,Worcester County,25027,01083,42.263249322778776,-72.17922191749851,184603.98,204332.11,29081
9f9c00b8-ada3-bfb0-2233-3fa3d373156e,1979-06-15,,999-36-5581,S99930890,X02423468X,Mrs.,Annelle169,Daryl568,Bahringer146,MD,Koepp521,D,white,nonhispanic,F,Brookline  Massachusetts  US,847 Collier Wynd,Wakefield,Massachusetts,Middlesex County,25009,01940,42.54814666072054,-71.07538088621521,329323.32,624137.42,131659
ad65fd46-891e-e4c7-1244-468c6d45c68f,1965-03-08,,999-99-9120,S99931611,X74652298X,Mrs.,Cristi782,Versie644,Langworth352,,Vandervort697,D,white,hispanic,F,Easton  Massachusetts  US,741 Ankunding Heights Apt 91,Wareham,Massachusetts,Plymouth County,,00000,41.771318301647476,-70.65611262449656,908663.14,134897.65,80241
b6dd6275-da89-3213-80c0-39aab75d2996,2026-03-20,,999-80-2737,,,,Sharleen176,Qiana980,Klein929,,,,white,nonhispanic,F,Belmont  Massachusetts  US,355 Gutmann Stravenue Suite 36,Barre,Massachusetts,Worcester County,25027,01005,42.38938413938562,-72.1432144858991,2906.37,0.00,64268
671a8c6c-2f7a-ab7b-cd77-4d47a2869319,1979-04-19,,999-49-2857,S99923576,X91944341X,Mr.,Clyde817,Elroy493,Johnston597,,,M,black,nonhispanic,M,Boston  Massachusetts  US,537 Abbott Run,Chelsea,Massachusetts,Suffolk County,25025,02151,42.389829773082816,-71.00438305734676,164948.48,91944.16,65688
c6d2e278-d6aa-34c1-78ec-bb073fdb603c,2016-01-15,,999-55-4372,,,,Ali918,,Cruickshank494,,,,white,nonhispanic,M,Sandwich  Massachusetts  US,360 Lakin Annex,Boston,Massachusetts,Suffolk County,25025,02118,42.30587301343005,-71.08485519649986,38517.89,3264.46,151275
07c2e2ac-6d13-0a94-cfe5-4c2c2e193ce1,1966-07-30,,999-11-8971,S99960842,X69978618X,Mr.,Carlos172,,Rowe323,,,M,white,nonhispanic,M,North Attleborough  Massachusetts  US,788 Bahringer Station,Franklin,Massachusetts,Norfolk County,25021,02038,42.077540886951134,-71.3983138345531,13782.84,725601.16,7346
c48bc70b-48e1-ae89-e559-cd9b324edf87,1938-07-14,,999-76-1895,S99915839,X72555446X,Mrs.,Amy965,Olinda137,Bahringer146,,Moore224,D,white,nonhispanic,F,Falmouth  Massachusetts  US,123 Metz Ville Unit 61,Concord,Massachusetts,Middlesex County,,00000,42.44052301646785,-71.35730931040892,264354.60,716143.89,32705
cf47b24e-cb46-9cc5-73f7-622a2548c7ec,1977-05-18,,999-41-6947,S99922916,X79190790X,Mr.,Burl285,Isreal8,Dietrich576,,,M,white,nonhispanic,M,Fall River  Massachusetts  US,479 Ward Mission,Billerica,Massachusetts,Middlesex County,,00000,42.600273061181326,-71.27759792609041,11179.30,162173.02,21423
aebc5181-a3a0-918a-c763-f319d7b26979,2024-05-02,,999-39-6637,,,,Ferdinand55,Jeromy156,Howell947,,,,asian,nonhispanic,M,Delhi  Delhi  IN,467 Hilpert Approach Apt 94,Boston,Massachusetts,Suffolk County,25025,02199,42.40369368385596,-71.08058757202767,6736.75,921.84,40270
863f5a26-6daa-9f64-05ae-ba6d5bae8eaf,1991-12-09,,999-47-3115,S99956769,X63989228X,Mr.,Pete38,,Rolfson709,,,M,white,nonhispanic,M,Amherst  Massachusetts  US,621 Walker Street,Oxford,Massachusetts,Worcester County,25027,01540,42.15026856477704,-71.88624017546698,40810.18,89344.37,195768
cd08457d-b3ff-a059-a56e-1603e8becefd,1957-05-19,2001-10-24,999-95-3686,S99919852,X72909141X,Mrs.,Sherri495,Melvina326,Boehm581,,Purdy2,M,white,nonhispanic,F,Worcester  Massachusetts  US,529 Toy Pathway Suite 72,Melrose,Massachusetts,Middlesex County,25017,02176,42.413045079953534,-71.02953150219383,49575.34,600458.32,823641
e311872e-60d3-ceb1-0330-7ba50f93554c,1987-05-24,,999-78-6305,S99985809,X43372661X,Ms.,Ling534,,Tillman293,,,S,white,nonhispanic,F,Somerville  Massachusetts  US,859 Leuschke Rapid,New Bedford,Massachusetts,Bristol County,25005,02740,41.627312479548586,-70.98237736652008,187026.28,626845.83,42919
cd4a8667-9712-be9b-a74c-ca0478bfa1a9,1923-06-23,1997-06-23,999-11-2438,S99930940,X89828089X,Mr.,Gustavo235,Terrell212,Will178,,,S,white,nonhispanic,M,Brookline  Massachusetts  US,885 Kemmer Bridge,Bedford,Massachusetts,Middlesex County,25017,01730,42.508716975601494,-71.2566905467809,97423.94,101543.22,96094
6a3dea9a-f10d-ce1d-d926-c07b6287fd56,1958-07-12,,999-67-2036,S99915028,X97820940X,Mr.,Darin74,Sammie902,Schinner682,,,M,white,nonhispanic,M,Easthampton  Massachusetts  US,201 Dare Station Unit 30,Mansfield,Massachusetts,Bristol County,,00000,42.02131899971148,-71.201776237808,292606.32,418541.74,89883
9683f3fe-45ab-7162-d91c-9e551afac09a,1971-02-02,,999-26-7320,S99923551,X56621470X,Mr.,Armand155,Theron432,Quitzon246,,,M,white,nonhispanic,M,Marion  Massachusetts  US,140 Streich Flat,Douglas,Massachusetts,Worcester County,,00000,42.04196652916963,-71.7575971098091,484401.69,323825.72,56913
d62427c2-076d-640b-09ee-bb1d27cc3bef,1996-05-27,,999-33-4592,S99921157,X84917287X,Mr.,Patrick786,,Klocko335,,,M,white,nonhispanic,M,Holyoke  Massachusetts  US,424 Hand Branch Suite 38,Springfield,Massachusetts,Hampden County,25013,01128,42.16951319900229,-72.58997419485732,10477.32,138884.89,462
8271531f-0a9e-1c71-c6ce-14b04e7c753b,1987-09-23,,999-11-7944,S99920220,X88318775X,Mr.,Laurence43,Terry864,Lockman863,,,M,white,hispanic,M,Lynn  Massachusetts  US,773 Beer Mall Unit 1,Boston,Massachusetts,Suffolk County,25025,02108,42.278324369265555,-71.13170661423553,72914.71,14104.85,94189
1d700eab-6f57-0efb-f740-7409f20beca4,2010-06-16,,999-29-5133,S99977265,,,Noella563,Hildred696,Lindgren255,,,,white,nonhispanic,F,Agawam  Massachusetts  US,971 Torphy Trace Unit 61,Fitchburg,Massachusetts,Worcester County,25027,01420,42.56806707587915,-71.83798273955966,7067.62,64710.68,21768
b5e4cfd3-ac36-5af6-caf6-51d9e4bc68e6,1962-08-05,,999-64-2898,S99968899,X85147020X,Mr.,Floyd420,Fritz267,Heidenreich818,,,W,white,nonhispanic,M,Newburyport  Massachusetts  US,1069 Lebsack Wall Unit 51,Melrose,Massachusetts,Middlesex County,25017,02176,42.45871002962728,-71.08670196429007,146359.66,45976.52,57005
e24d5280-74c0-0780-94dd-09ee1752d7e2,1993-09-19,,999-49-7499,S99993490,X30126695X,Mrs.,Pia232,Nichelle912,Predovic534,,Christiansen251,M,native,nonhispanic,F,Revere  Massachusetts  US,1005 Windler Dale Apt 78,North Attleborough,Massachusetts,Bristol County,,00000,41.93966186866959,-71.35364861763613,173967.67,1026894.03,8401
b0fec63c-8e40-7a29-ec20-8bfd9cb548c3,2012-06-09,,999-84-3509,,,,Rhoda854,Trang668,Boyer713,,,,white,nonhispanic,F,Charlton  Massachusetts  US,144 Schaden Lock,New Braintree,Massachusetts,Worcester County,,00000,42.289425212036875,-72.11707230189606,35977.71,201350.29,127780
9805d806-5cb3-73db-9424-a14975f9b7a2,1947-08-13,,999-75-7218,S99941321,X78797432X,Mrs.,Marya246,,Kemmer137,,Feil794,W,white,nonhispanic,F,Mendon  Massachusetts  US,112 Fay Mill,Southwick,Massachusetts,Hampden County,,00000,42.02606460970588,-72.79462191414939,312996.32,391154.17,578243
40a848fe-515c-9cf9-8e7e-6fb961509ea2,1989-02-15,,999-92-8787,S99952870,X07273125X,Mr.,Barry322,,Beier427,,,S,white,nonhispanic,M,Great Barrington  Massachusetts  US,1084 Lowe Port Unit 52,Boston,Massachusetts,Suffolk County,25025,02152,42.38132319430104,-71.10093359046442,14181.55,838795.35,8427
165ebe50-7c82-0d85-f6ba-34fc0c6c1b8a,1957-05-19,,999-18-3090,S99990034,X56778972X,Mrs.,Rosalie939,Katina266,Kreiger457,,Hartmann983,M,white,nonhispanic,F,Fairhaven  Massachusetts  US,700 Wolff Meadow,Melrose,Massachusetts,Middlesex County,25017,02176,42.493826378826924,-71.10815098030818,174024.96,720810.72,823641
f34958af-ab2c-b0a2-90f4-9ebb3f509f83,1997-12-30,,999-10-8165,S99970408,X53993916X,Mrs.,Olivia294,Elsa29,Armas910,,Cortés936,M,black,hispanic,F,Roseau  Saint George  DM,538 Gislason Glen,Boston,Massachusetts,Suffolk County,25025,02215,42.39558640387531,-71.07544347520711,20283.08,315349.56,143016
de9d7946-4421-f819-1bf7-2ffa96bedd43,1965-05-18,,999-90-6105,S99923497,X70007877X,Mrs.,Kayleigh718,,Swift555,,Hudson301,M,white,nonhispanic,F,Needham  Massachusetts  US,951 Gaylord Ferry Suite 84,Tewksbury,Massachusetts,Middlesex County,,00000,42.64000623809362,-71.19049888570473,259973.27,425399.84,129644
9e259f58-f972-2a4f-e591-f4fe23f13c93,1970-01-26,,999-28-1859,S99949934,X29403045X,Mr.,Tony646,Dino214,Hammes673,,,M,white,nonhispanic,M,Lynn  Massachusetts  US,541 Lindgren Viaduct,Newton,Massachusetts,Middlesex County,25017,02472,42.34382048937792,-71.1889172086085,136349.86,89105.71,83138
7a6695c6-c35c-d399-f0f6-ad8dc65091d3,1995-03-16,,999-82-7724,S99964564,X28538332X,Mrs.,Constance642,Katelyn962,Orn563,,Auer97,M,white,nonhispanic,F,Boston  Massachusetts  US,311 Reichel Esplanade,Grafton,Massachusetts,Worcester County,,00000,42.18350731630871,-71.69717472376367,162300.48,323561.27,635045
dc8a1503-058c-b57d-4c94-0fabaa5b764f,1945-07-25,,999-41-8396,S99919884,X18035269X,Mr.,Cleo27,Jordon466,Gaylord332,,,D,white,nonhispanic,M,Burlington  Massachusetts  US,640 Senger Byway,Boston,Massachusetts,Suffolk County,25025,02132,42.31730268670252,-71.16041999401254,147486.06,228777.47,168955
ba127427-3f7a-aeea-8d5a-a9f800c8381c,1967-07-16,,999-32-1118,S99930821,X51443109X,Mr.,Darius626,,Mills423,,,M,white,nonhispanic,M,Somerville  Massachusetts  US,769 Kreiger Center,Watertown,Massachusetts,Middlesex County,25017,02472,42.39704098605399,-71.15555350795606,13179.99,153857.48,6760
d26a46b3-7918-9097-b8e7-86d2e8150708,1950-05-26,,999-61-5245,S99927167,X60155128X,Mrs.,Aurelia213,Meta661,Rau926,,Farrell962,M,white,nonhispanic,F,North Seekonk  Massachusetts  US,1011 Wyman Parade,Middleborough,Massachusetts,Plymouth County,,00000,41.87045946771128,-70.86222744570993,761996.00,311614.06,69839
5c45374a-0ec4-2490-f23b-aa223ef57f75,1978-11-18,,999-31-4245,S99975002,X54403614X,Ms.,Celena734,Eliza161,Carroll471,,,S,white,nonhispanic,F,Salem  Massachusetts  US,777 Simonis Park,Concord,Massachusetts,Middlesex County,,00000,42.50606074611676,-71.31642848955465,430515.78,843780.48,26414
b5c54079-bc8d-ff02-d756-c9a355ff1b6a,1947-07-30,1979-12-28,999-32-7153,S99917108,X58518938X,Ms.,Letha284,Joana79,Lind531,,,S,white,nonhispanic,F,Pepperell  Massachusetts  US,1079 Maggio Walk,Barnstable,Massachusetts,Barnstable County,25001,02672,41.730102961729415,-70.19789551707706,73768.59,579582.20,138115
d27980da-94a3-70a9-377e-08d999c1487d,1977-12-09,,999-12-4490,S99980456,X82497500X,Mr.,Rodrigo242,Dominique369,Gusikowski974,,,M,white,nonhispanic,M,Framingham  Massachusetts  US,283 Altenwerth Burg,Boston,Massachusetts,Suffolk County,25025,02110,42.343731506282104,-71.08617625062473,84866.18,35293.11,26400
fa3610a9-d3b0-8671-74d5-cf133ee44cc7,1993-12-29,,999-11-1835,S99915109,X61720134X,Mr.,Jermaine675,Herschel574,Brown30,,,S,white,nonhispanic,M,North Adams  Massachusetts  US,897 Haag Street,Boston,Massachusetts,Suffolk County,25025,02115,42.275750824606035,-71.08338633903767,5651.42,70441.60,15150
594c1ca5-6e98-34b3-18cc-686433e6ec23,1965-08-03,,999-81-9776,S99960636,X81016521X,Mrs.,Clare187,Portia383,Wolff180,,Veum823,M,white,nonhispanic,F,Worcester  Massachusetts  US,171 Lynch Approach Apt 90,Chicopee,Massachusetts,Hampden County,25013,01013,42.220528706666286,-72.51181913021803,104459.88,492424.20,32610
fc3dd097-c008-5613-8643-43f21d4b6e9e,2024-11-04,,999-21-3460,,,,Linnea167,Nola814,McLaughlin530,,,,white,nonhispanic,F,Revere  Massachusetts  US,426 Prohaska Vista,Ludlow,Massachusetts,Hampden County,,00000,42.17352479748529,-72.4840715428047,8880.08,383.64,128230
c17d8952-45c9-3b8f-7e2d-ca90cd2cf9d9,1995-12-26,,999-76-3153,S99930025,X86605543X,Ms.,Bethel526,Cortney940,Monahan736,,,S,white,nonhispanic,F,Amherst Center  Massachusetts  US,180 Stracke Run,Marshfield,Massachusetts,Plymouth County,25023,02050,42.09089980053085,-70.71527113676059,128741.66,414124.67,29827
9f50ffe1-4037-43d6-bc37-11759de5917d,1923-06-23,,999-86-1960,S99979453,X18814784X,Mr.,Mickey576,Dexter530,Lind531,,,M,white,nonhispanic,M,Stow  Massachusetts  US,140 Baumbach Rapid Apt 68,Bedford,Massachusetts,Middlesex County,25017,01730,42.46425775586314,-71.25439749657055,123981.19,712082.68,96094
6ca31d02-e549-f5db-c651-74d034fc344f,1991-10-12,,999-76-5141,S99942548,X00949870X,Mrs.,Ling534,Pamella8,Hintz995,,Bartell116,M,white,nonhispanic,F,Haverhill  Massachusetts  US,294 Kertzmann Key,Reading,Massachusetts,Middlesex County,25017,01867,42.53457915008138,-71.14571183368207,170797.41,633626.20,55510
1b87f707-2ebc-ae17-783b-a557b5634ed3,1962-03-13,,999-50-2437,S99947136,X93102327X,Mr.,Mauricio81,Harland508,Miller503,,,M,white,nonhispanic,M,West Springfield  Massachusetts  US,774 Kuhic Loaf Suite 22,Burlington,Massachusetts,Middlesex County,25017,01730,42.53840485338722,-71.22741216470992,208289.19,93392.78,103196
2693bc1a-7281-a39e-e1ae-e4fb8d40c8ca,2017-08-13,,999-51-7527,,,,Kermit56,Felipe97,Cassin499,,,,white,nonhispanic,M,Chester  Massachusetts  US,559 Schroeder Heights,Revere,Massachusetts,Suffolk County,25025,02151,42.46236048079494,-71.02336833899611,3553.05,28208.80,14739
0fa7459e-18a8-67d3-079b-1899b1de17fa,1923-01-16,1989-06-21,999-91-2113,S99994910,X13968385X,Mr.,Tracy345,Antonio44,Dibbert990,,,M,white,nonhispanic,M,Lakeville  Massachusetts  US,940 Koelpin Common,Concord,Massachusetts,Middlesex County,,00000,42.51251631266448,-71.3277641387714,556358.25,281375.25,72754
fb09ce70-09be-a1cf-101a-611aaab3b646,1951-06-24,,999-34-1294,S99998798,X16811848X,Mr.,Coleman27,Wallace647,Beier427,,,S,white,nonhispanic,M,Salem  Massachusetts  US,850 Quigley Gate,Littleton Common,Massachusetts,Middlesex County,,00000,42.52670339391092,-71.4988892976962,534585.68,378766.05,53496
5be669bd-78b0-3983-2445-5c0980a7e3ab,1961-09-26,,999-21-6375,S99974756,X66834549X,Mr.,Dick869,Edison640,Abbott774,,,W,white,nonhispanic,M,Swampscott  Massachusetts  US,569 Bashirian Park Apt 20,Millbury,Massachusetts,Worcester County,,00000,42.18154785916352,-71.79569476950543,159691.79,37580.76,34889
63e3b7e2-8eeb-e149-fa53-34ace22500e8,1987-08-16,2021-12-04,999-57-6094,S99987616,X88729209X,Mr.,Rodolfo763,Jamar151,Rau926,,,M,white,nonhispanic,M,Monson  Massachusetts  US,1059 Dietrich Ranch Suite 4,Ware,Massachusetts,Hampshire County,25015,01082,42.30752264291843,-72.23925981461618,214465.71,116710.03,44482
3717d420-c343-623a-7c6f-d01b9f64cf09,2011-03-10,,999-86-9482,,,,Cleo27,Claris36,Harris789,,,,native,nonhispanic,F,Plymouth  Massachusetts  US,1051 Pollich Junction,Cambridge,Massachusetts,Middlesex County,25017,02139,42.32242610860113,-71.09648671541689,3011.36,153113.60,8127
2676211a-f2ae-a6c7-8a16-6524adf82c4b,1963-04-27,,999-67-1389,S99945387,X12202920X,Mrs.,Sherita708,Deandrea896,Wehner319,,Collins926,D,white,nonhispanic,F,Boston  Massachusetts  US,468 Yost Mall Apt 8,Peabody,Massachusetts,Essex County,25009,01940,42.55766338860196,-70.94861952643755,415018.45,69285.60,54191
46282167-92d6-b1a7-bdc8-6366bf9eec91,1980-05-26,1988-06-17,999-23-3754,,,,Breana975,Hilma831,Mante251,,,,white,nonhispanic,F,Natick  Massachusetts  US,1096 Gerlach Promenade,Adams,Massachusetts,Berkshire County,25003,01220,42.626680884072826,-73.08309872080649,2731.46,16231.92,11744
b2f6be03-990b-ee20-657b-976b26b5acb1,1918-07-05,1976-11-04,999-46-8872,S99926071,X50257361X,Mrs.,Yessenia339,Margaretta466,Waters156,,Kuhic920,M,white,nonhispanic,F,Northampton  Massachusetts  US,771 Kassulke Key,Yarmouth,Massachusetts,Barnstable County,,00000,41.697735953435796,-70.1916115003275,871219.60,2945261.05,76726
46473ea2-a3f1-3d67-8b86-ac754310d8c1,2014-01-06,,999-23-9279,,,,Shante445,Travis723,Stiedemann542,,,,black,nonhispanic,F,Adams  Massachusetts  US,307 McLaughlin Hollow,Medford,Massachusetts,Middlesex County,25017,02145,42.41113778530857,-71.07724568320877,23539.80,0.00,48819
08335bb0-73ef-1cdc-a1e3-0160c3ba720d,1990-10-11,,999-92-9651,S99976478,X18303065X,Mrs.,Kiyoko456,Etha376,Conn188,,Rodriguez71,M,white,nonhispanic,F,Boston  Massachusetts  US,240 Moen Crossing Suite 26,Monson,Massachusetts,Hampden County,,00000,42.14045990691446,-72.35719922611197,125750.41,391415.59,74222
2f784b8b-0ba3-dd04-46c4-22abcbc6b54a,1994-03-22,,999-60-9912,S99991401,X48204276X,Mrs.,Albertine688,Elvia127,Moore224,,Jerde200,M,white,nonhispanic,F,Colrain  Massachusetts  US,187 Schowalter Grove,Shelburne,Massachusetts,Franklin County,,00000,42.5695207327122,-72.64553750288597,201465.52,645571.11,65732
1ed573b2-f445-d554-c232-dcb5ed7bda5b,2003-09-12,,999-88-3069,S99929449,X54522408X,Mr.,Dario75,Korey682,Pfannerstill264,,,,white,nonhispanic,M,Leicester  Massachusetts  US,777 Gorczany Frontage road Unit 17,Worcester,Massachusetts,Worcester County,25027,01608,42.36433954630168,-71.8280021085214,72351.28,30836.13,62655
c2f7db9f-2d0a-ca05-52aa-5976af13b3c5,1987-08-16,,999-56-2690,S99915183,X85211010X,Mr.,Rodrick370,Hong136,Zieme486,,,M,white,nonhispanic,M,Pembroke  Massachusetts  US,753 Casper Esplanade,Ware,Massachusetts,Hampshire County,25015,01082,42.332302386669774,-72.29756120066503,264821.14,113305.96,44482
960327d1-a2c2-9e2a-565d-456ea81ee809,1968-01-29,,999-23-9234,S99997002,X76689001X,Mr.,Morris740,,Vandervort697,,,W,white,nonhispanic,M,Cambridge  Massachusetts  US,431 Howell Row,Boston,Massachusetts,Suffolk County,25025,02136,42.310646223817734,-71.13353513133937,153662.31,58842.06,151318
1b05607e-dab4-06a6-a2b3-8339733529f2,1988-07-15,,999-14-9549,S99994854,X14601992X,Mrs.,Fiona703,Apolonia139,Zulauf375,,Quigley282,M,white,nonhispanic,F,Reading  Massachusetts  US,678 Stamm Trailer Unit 50,Granby,Massachusetts,Hampshire County,25015,01033,42.21246216534875,-72.52776423757793,204241.51,495916.53,69546
72c9ff14-650b-5a50-d120-8b5185eb4f87,2017-12-02,,999-67-8829,,,,Cleveland582,Pierre431,Haag279,,,,white,nonhispanic,M,Lowell  Massachusetts  US,418 Quigley Forge,Milton,Massachusetts,Norfolk County,25021,02186,42.20118045590374,-71.11918173250251,18469.86,0.00,48512
7921b712-9d2c-b3eb-84a3-3843dfbfcc80,1947-07-30,,999-23-6655,S99989298,X58710425X,Mrs.,Chrissy459,Cori307,Ryan260,,Cormier289,M,white,nonhispanic,F,Boston  Massachusetts  US,505 Powlowski Path,Barnstable,Massachusetts,Barnstable County,25001,02637,41.74933393255263,-70.38471203898824,401204.77,1546345.21,138115
517a3c65-08e4-fa45-f9ff-4029b98e0110,1980-05-26,,999-19-2809,S99963845,X25196226X,Mrs.,Leandra549,,Haley279,,O'Kon634,M,white,nonhispanic,F,Boston  Massachusetts  US,254 Towne Avenue Unit 1,Adams,Massachusetts,Berkshire County,25003,01220,42.672145489768454,-73.12270214351653,16054.47,694729.04,11744
0b9b59f5-cf24-54da-3b10-4b56abb92289,2008-05-25,,999-40-9255,S99985527,,Ms.,Georgeanna785,Paulene52,Ratke343,,,,asian,nonhispanic,F,Chongqing  Chongqing Municipality  CN,253 Rau Mill Apt 28,Boston,Massachusetts,Suffolk County,25025,02113,42.35401138826998,-71.07373894724047,7461.09,66338.12,11116
921d379f-efd2-b58a-191f-e28fd9167d84,2022-03-13,,999-87-1985,,,,Mario764,,Morar593,,,,white,nonhispanic,M,Holyoke  Massachusetts  US,175 Kuvalis Course Unit 30,Scituate,Massachusetts,Plymouth County,25023,02066,42.191453606986315,-70.76004165181261,21833.36,3263.70,158397
e2496224-424f-a7ac-9269-45b9d137c4c7,1917-07-01,1980-06-23,999-92-5282,S99977758,X14280324X,Mr.,Lon587,,Keeling57,,,M,white,nonhispanic,M,Woburn  Massachusetts  US,970 Veum Forge,Westwood,Massachusetts,Norfolk County,,00000,42.2045189424297,-71.20461576425589,88436.24,165625.33,155253
62ca0169-e7f8-e18b-e134-3e042d2ac773,2015-09-10,,999-26-2695,,,,Stepanie29,Emmaline88,Smith67,,,,white,nonhispanic,F,Cambridge  Massachusetts  US,390 Greenfelder Rest,Boston,Massachusetts,Suffolk County,25025,02135,42.396011533392226,-71.06077888054001,20335.27,100.58,37198
5a98ec09-e1c8-8ae0-c345-f856a917cee6,1999-07-04,,999-14-8829,S99940297,X82824766X,Mr.,August363,Walker122,Heathcote539,,,,black,nonhispanic,M,Watertown  Massachusetts  US,1012 Beahan Course,Milford,Massachusetts,Worcester County,25027,01757,42.129116071767385,-71.55118519460511,91041.46,10354.89,66156
eb61229a-16e6-e983-07d9-fdab30a48cd1,1975-11-11,,999-71-6458,S99926816,X22366379X,Mr.,Jerold208,Fidel864,Littel644,PhD,,M,white,nonhispanic,M,Boston  Massachusetts  US,585 Effertz Esplanade Apt 8,Somerville,Massachusetts,Middlesex County,25017,02155,42.38074048382327,-71.10845727191473,103249.05,25164.70,38666
50e2dc89-a827-923e-685c-e31fa7bf2f7f,1946-02-27,,999-91-9125,S99987173,X16025538X,Mr.,Joesph309,Mac103,Gulgowski816,,,M,white,nonhispanic,M,Boston  Massachusetts  US,720 Towne Wynd,Sandwich,Massachusetts,Barnstable County,25001,02563,41.68657732744243,-70.50452729799761,171355.94,172689.88,141870
9467a222-7985-68a9-b5f9-4849f02e73f6,2012-02-14,,999-72-2939,,,,Letha284,Troy560,Howell947,,,,white,nonhispanic,F,South Hadley  Massachusetts  US,759 Dicki Route,Ludlow,Massachusetts,Hampden County,,00000,42.18312296333024,-72.5045592378174,39431.72,1569.18,125635
7632a32d-76a7-5800-58ad-44b829facaf2,1987-04-22,,999-33-6628,S99941900,X78684963X,Mr.,Boyd728,,Rogahn59,,,S,white,nonhispanic,M,West Springfield  Massachusetts  US,743 Rau Trail,Fitchburg,Massachusetts,Worcester County,25027,01420,42.56019217863622,-71.784769045972,6536.18,80162.13,568
9ee2c34d-07d1-258d-c38b-64f2ab1f26db,1985-06-15,,999-87-7685,S99928086,X03989509X,Mr.,Colby655,,Schamberger479,,,D,white,nonhispanic,M,Everett  Massachusetts  US,225 Johns Row Apt 76,Hopkinton,Massachusetts,Middlesex County,25017,01748,42.17445687986749,-71.5146294611121,80437.30,13921.25,177586
b37b1f0f-0cf1-1b4e-3c79-10d7c2dd26f4,1959-06-26,,999-69-9906,S99953474,X60768104X,Mrs.,Diedre599,Verla696,Mayert710,,Reilly981,D,white,nonhispanic,F,Boston  Massachusetts  US,502 Littel Passage Unit 6,Pittsfield,Massachusetts,Berkshire County,25003,01201,42.501448791675266,-73.27528624806398,195651.71,854215.86,146996
f479a925-699e-bf22-ed3b-68c510d0609e,1974-07-14,,999-46-3291,S99932471,X90694393X,Ms.,Wai719,Keitha498,Dibbert990,,,S,white,nonhispanic,F,Weymouth  Massachusetts  US,617 Macejkovic Neck Unit 44,Milford,Massachusetts,Worcester County,25027,01757,42.14594265362924,-71.4975682752975,602070.99,420183.91,43742
6a0dd27d-9694-c00c-48e7-af3dd780a548,1997-02-24,,999-16-9552,S99989378,X97054915X,Mr.,Esteban536,Emilio417,Castillo397,,,S,white,hispanic,M,Havana  Havana  CU,639 Predovic Ferry,West Springfield,Massachusetts,Hampden County,25013,01089,42.12592637632068,-72.66124245609889,12424.83,638412.02,21095
25f45836-e3a3-045c-4ba1-83a1da3f60ac,1957-03-28,,999-43-3646,S99918491,X54709451X,Mr.,Issac619,Russell422,Langworth352,,,S,white,nonhispanic,M,Uxbridge  Massachusetts  US,229 Turner Junction Suite 71,New Bedford,Massachusetts,Bristol County,25005,02740,41.697248788710894,-70.92424894360136,180126.45,241293.62,72896
ca7fecc9-6891-92b3-5c77-868cbe8e876a,1986-05-24,,999-40-8727,S99982614,X89747352X,Mrs.,Shiloh191,Kristen940,Gerhold939,,Kshlerin58,M,white,nonhispanic,F,Salem  Massachusetts  US,545 Mertz Station Suite 18,Bolton,Massachusetts,Worcester County,,00000,42.45703909569959,-71.58597284745572,283037.23,1044409.51,574249
2aa5baa7-287e-3bc9-ee81-55021ae46bf4,1964-07-01,,999-89-5737,S99955585,X75334640X,Mr.,Hai304,Jeremy766,Littel644,,,M,white,nonhispanic,M,West Concord  Massachusetts  US,747 Mitchell Loaf Suite 97,Springfield,Massachusetts,Hampden County,25013,01107,42.09274384553835,-72.44007331351274,140368.17,10801.42,56009
2bbb1c79-1af5-9811-3b4f-365d50d494a8,1992-06-19,,999-64-9112,S99955702,X74871460X,Mrs.,Farah862,Karry11,Pollich983,,Dickinson688,M,asian,nonhispanic,F,Williamstown  Massachusetts  US,844 Kassulke Spur,Salem,Massachusetts,Essex County,25009,01907,42.48253087417286,-70.90224080455818,164062.20,172717.88,59654
7406e4ff-b6cf-7d0f-cc26-cf61f0d9d463,1977-01-04,,999-56-3979,S99953779,X28121633X,Mr.,Salvador46,Claud279,Lockman863,,,M,white,nonhispanic,M,Attleboro  Massachusetts  US,1029 O'Keefe Esplanade,Marshfield,Massachusetts,Plymouth County,25023,02050,42.10700308809107,-70.7292307904081,109980.55,689.73,72539
51b323ac-a778-a201-969e-41b7a03ede7b,1923-01-16,2024-04-04,999-42-8951,S99958934,X90432023X,Mr.,Thanh759,,Fritsch593,,,D,white,nonhispanic,M,Rochester  Massachusetts  US,1032 Gibson Lock,Concord,Massachusetts,Middlesex County,,00000,42.46444803736076,-71.39761161604508,72293.51,294553.07,72754
9aa005d2-54fc-323e-22ae-f16872f33dc6,1950-01-20,,999-78-4609,S99994364,X85142228X,Mr.,Adolfo777,,O'Connell601,,,D,black,nonhispanic,M,Peabody  Massachusetts  US,862 Wilderman Station,Wrentham,Massachusetts,Norfolk County,,00000,42.028345691366226,-71.40523886176892,212567.52,236460.47,152865
6d8911b9-1ab9-cc12-780b-c85f79c7647f,2008-04-22,,999-35-4536,S99995371,,Mr.,Warren653,Jerrod232,Graham902,,,,white,nonhispanic,M,Somerville  Massachusetts  US,668 Orn Orchard Unit 97,Cambridge,Massachusetts,Middlesex County,25017,02139,42.410801005138694,-71.06345813214551,62266.07,26111.63,71923
4c32f3e2-e217-0a67-cd0a-5a56a874b813,1999-07-01,,999-16-3998,S99919938,X61185392X,Ms.,Dortha70,Lyndsay952,Rosenbaum794,,,,white,nonhispanic,F,Bridgewater  Massachusetts  US,592 Grimes Lock,Worcester,Massachusetts,Worcester County,25027,01606,42.305389238456335,-71.84316233709836,151834.26,572789.58,70866
6e3a9a44-cb5c-4226-bd5e-2a92102c8e97,2000-02-19,,999-31-6180,S99987639,X04281860X,Mr.,Rory188,,Bartoletti50,,,,black,nonhispanic,M,Lexington  Massachusetts  US,313 Ebert Branch Unit 37,Marlborough,Massachusetts,Middlesex County,25017,01752,42.325312134923024,-71.54687287354209,125787.16,586482.23,746794
b6e80810-8858-ea37-747c-b6f86245d012,1976-02-16,,999-60-8297,S99993687,X22169789X,Mr.,Christian753,Javier97,Nienow652,,,M,white,nonhispanic,M,Winthrop  Massachusetts  US,775 Marvin Rue Unit 71,Boston,Massachusetts,Suffolk County,25025,02124,42.31963356270345,-71.0571626013268,9600.76,137036.22,14616
56ca7c21-8e66-8e4f-d074-e5e0c4f9a06c,2014-01-02,,999-99-1923,,,,Hyman89,Daron260,Moen819,,,,asian,nonhispanic,M,Dartmouth  Massachusetts  US,672 Predovic Quay,Quincy,Massachusetts,Norfolk County,25021,02170,42.27271086351028,-71.02933159292711,17334.83,20146.33,66960
a1375ee8-9d81-af81-2430-950786e6097d,1918-07-05,,999-27-3585,S99918736,X82570583X,Mrs.,Mabelle762,Jackqueline794,Schiller186,,Oberbrunner298,M,white,nonhispanic,F,Hull  Massachusetts  US,885 Larkin Flat,Yarmouth,Massachusetts,Barnstable County,,00000,41.63400647719631,-70.19704447579774,871981.89,254874.80,76726
342a8126-2030-00b9-b683-43323bc7ac17,1944-10-28,1984-02-07,999-87-3579,S99973989,X16008282X,Ms.,Cierra898,Renee555,Schowalter414,,,S,white,nonhispanic,F,South Deerfield  Massachusetts  US,331 Stehr Arcade,Yarmouth,Massachusetts,Barnstable County,,00000,41.72239160985544,-70.19399806896301,176096.88,853193.20,33481
70359c70-18d9-f2f0-ac25-ee5b55307523,1917-07-01,,999-90-8193,S99998984,X64965374X,Mr.,Gaston250,Darell496,Kunde533,,,W,white,nonhispanic,M,North Lakeville  Massachusetts  US,1011 Beer Green,Westwood,Massachusetts,Norfolk County,,00000,42.2445444361471,-71.18631254314192,204319.41,446404.79,155253
09f1cb85-e73e-d959-8652-be0332d6a1db,1961-02-01,,999-13-2501,S99969407,X20035036X,Mr.,Hai304,Mark765,Paucek755,,,S,white,nonhispanic,M,Billerica  Massachusetts  US,160 Larson Bypass Apt 78,Waltham,Massachusetts,Middlesex County,25017,02452,42.3683509762464,-71.29065548116333,13488.12,218830.00,20663
e3557ca7-2ce2-d96a-0843-96743cd6c35a,1998-07-19,,999-34-1335,S99934221,X81851759X,Mr.,Cortez851,Lowell343,Streich926,,,M,white,nonhispanic,M,Billerica  Massachusetts  US,723 Hintz Loaf,Ipswich,Massachusetts,Essex County,25009,01938,42.70072088761726,-70.87174695832014,44923.32,676203.46,91204
5575e55a-aa51-5b38-f051-e07902a70ea1,1998-10-01,,999-99-4637,S99965171,X28069306X,Mr.,Ramiro608,Antonio44,Segovia340,,,,black,nonhispanic,M,Ponce  Puerto Rico  PR,197 Hackett Ranch,Winthrop,Massachusetts,Suffolk County,25025,02128,42.37769495502975,-70.935269525368,9573.97,720989.69,22680
1da8442a-0c04-5cf1-12eb-80abbc1ef22d,1955-05-09,,999-89-4673,S99928113,X24672781X,Mrs.,Anitra287,Johnnie679,Hilpert278,,Mitchell808,M,black,nonhispanic,F,Taunton  Massachusetts  US,431 Shanahan Byway Unit 48,Worcester,Massachusetts,Worcester County,25027,01608,42.199151736026714,-71.81363681159162,17463.07,619944.18,13262
bd52739a-2718-8ee9-1a0c-d6ceaa48b376,1993-12-04,,999-14-6157,S99992855,X37476683X,Mrs.,Sha84,Rafaela464,Cronin387,PhD,Baumbach677,M,black,nonhispanic,F,Haverhill  Massachusetts  US,297 Klocko Fork,Dedham,Massachusetts,Norfolk County,25021,02090,42.28718653497992,-71.14954460105601,118153.66,212997.40,41594
0f925ee8-6ed0-44e2-b733-de95f67660da,1964-02-11,,999-38-5745,S99962873,X23399109X,Mr.,Dee580,Sidney996,Jacobi462,,,M,white,nonhispanic,M,Winthrop  Massachusetts  US,1077 Daniel Ville Apt 6,Raynham,Massachusetts,Bristol County,,00000,41.917333797642854,-71.05056904707534,11745.42,308386.21,16583
3ae16951-4456-1c20-5a40-f4f5874cabe3,2015-06-11,,999-65-5733,,,,Roderick835,Johnny786,Leuschke194,,,,white,nonhispanic,M,Leicester  Massachusetts  US,971 Brekke Plaza,Marlborough,Massachusetts,Middlesex County,25017,01752,42.33710429913655,-71.50929478974797,31350.80,1455.39,87108
a6d0be5a-fce0-f4e1-65d6-e1eba0b18be4,2019-03-27,,999-73-1374,,,,Halina47,Inge747,Moen819,,,,white,nonhispanic,F,Needham  Massachusetts  US,602 Walsh Terrace,Somerville,Massachusetts,Middlesex County,25017,02144,42.44329109428545,-71.14086293558456,29882.16,0.00,54725
6d80b97f-72e0-07fc-a4c6-a2e71299ff57,1995-11-18,1997-12-17,999-40-3015,,,,Monty345,Lenard338,Jacobi462,,,,white,nonhispanic,M,Winthrop  Massachusetts  US,1080 Aufderhar Fort,Walpole,Massachusetts,Norfolk County,25021,02081,42.145516449797825,-71.23460395106873,10572.81,44343.82,131490
49f30c62-57c1-0afb-d7d1-0bfd334aacb6,1973-08-08,,999-69-2412,S99975676,X26053930X,Mr.,Lynn917,Herschel574,DuBuque211,,,D,white,nonhispanic,M,Harwich  Massachusetts  US,333 Koch Wall Apt 63,Hanover,Massachusetts,Plymouth County,,00000,42.15567129742489,-70.80788682988403,99182.71,651195.38,31576
16469147-2345-f60f-f464-c530170479fe,1962-02-06,2022-05-02,999-72-2858,S99995727,X17918369X,Mrs.,Audie868,Galina98,Barrows492,,Funk324,M,white,nonhispanic,F,East Sandwich  Massachusetts  US,709 Skiles Throughway Suite 93,New Bedford,Massachusetts,Bristol County,25005,02740,41.74269816176059,-70.85564627134949,923389.73,77009.11,118689
594b88cc-d213-932f-8363-4fe4fd9aac7d,1923-01-16,1994-04-23,999-99-7501,S99987485,X22428322X,Mr.,Rex53,Shad704,Kozey370,,,M,white,nonhispanic,M,New Bedford  Massachusetts  US,365 Heller Crossroad Unit 81,Concord,Massachusetts,Middlesex County,,00000,42.43946238071146,-71.35015681807401,234551.89,157296.91,72754
2e6669d7-e615-e3af-be35-4b85484a78aa,1994-08-02,,999-22-7100,S99990913,X89643811X,Mr.,Damian46,Rodney21,Murray856,,,M,asian,nonhispanic,M,Pittsfield  Massachusetts  US,572 Ledner Junction,Natick,Massachusetts,Middlesex County,,00000,42.287376805178006,-71.39771256592329,96913.47,534097.85,737423
182422d7-c5d5-faaa-0dab-0b31a032fabb,2007-06-20,,999-96-9886,S99994508,,Ms.,Janeth814,Alyssa971,Ledner144,,,,white,nonhispanic,F,Natick  Massachusetts  US,134 Block Trafficway Apt 90,Lynn,Massachusetts,Essex County,25009,01907,42.459415429086846,-70.9927746817115,36009.31,21759.06,53217
2f495846-aa26-dcc9-5f1f-e752119de81d,1960-06-26,1994-11-17,999-80-7929,S99924590,X49469792X,Mr.,Mickey576,Delbert384,Nitzsche158,,,M,white,nonhispanic,M,Rome  Lazio  IT,296 Rau Knoll Unit 42,Middleborough,Massachusetts,Plymouth County,,00000,41.91109086466862,-70.90506360931772,198258.70,624220.10,50428
e41d13c0-c5f1-cc57-ddc4-d3fa78875977,2010-06-22,,999-58-6775,S99979653,,,Wilhemina814,Pearlie554,Romaguera67,,,,white,nonhispanic,F,Sterling  Massachusetts  US,666 McCullough Burg Unit 41,Everett,Massachusetts,Middlesex County,25017,02149,42.430317466599874,-71.03715806216262,3908.15,77802.28,15667
922a7014-10eb-f970-f972-07382aa6e8df,1995-11-18,,999-35-4167,S99955270,X68548219X,Mr.,Ivory697,Hoyt490,Heidenreich818,,,M,white,nonhispanic,M,Boston  Massachusetts  US,523 Brekke Trace Suite 85,Walpole,Massachusetts,Norfolk County,25021,02081,42.12471790767945,-71.20589827892174,97803.73,1923.22,131490
d9f49568-de69-7403-4134-919c4d61427d,1991-07-28,,999-23-5542,S99910935,X26657597X,Mr.,Doug189,Wendell199,Reichert620,,,M,white,nonhispanic,M,Beverly  Massachusetts  US,575 DuBuque Haven Unit 44,Lawrence,Massachusetts,Essex County,25009,01840,42.67693147973329,-71.13023922280314,63566.78,14288.14,91371
8467d36d-fa0f-5be9-f670-4c042d6df855,1960-12-15,,999-20-6798,S99911852,X08895317X,Mr.,Gustavo235,Duncan491,Harvey63,,,S,white,nonhispanic,M,Marlborough  Massachusetts  US,970 Fisher Heights Unit 34,Lynn,Massachusetts,Essex County,25009,01940,42.451857789035486,-70.96639702547583,196410.59,116735.58,91230
c3701420-4cdd-f459-901f-14b1192fbf71,1967-02-28,,999-63-6418,S99931858,X94836921X,Mr.,Winston220,Roger751,Paucek755,,,M,white,nonhispanic,M,Worcester  Massachusetts  US,834 Bode Manor,Conway,Massachusetts,Franklin County,,00000,42.55530051008291,-72.74440008641868,26097.70,264937.23,15002
dcae9935-c8d9-bba2-68db-71002264f399,1957-08-20,,999-48-1664,S99996231,X99427360X,Mrs.,Tina856,Joana79,O'Conner199,,Franecki195,M,white,hispanic,F,Westford  Massachusetts  US,869 Jacobson Junction Unit 49,Leverett,Massachusetts,Franklin County,,00000,42.41955690193426,-72.45450471585728,719760.29,349193.81,83197
aafa6e64-b345-0e65-5d3a-6592735c15ae,1944-10-28,,999-57-1052,S99955239,X76231522X,Mrs.,Page791,Laurice873,Simonis280,,Fisher429,M,white,nonhispanic,F,Boston  Massachusetts  US,327 Greenfelder Harbor,Yarmouth,Massachusetts,Barnstable County,,00000,41.72212845964886,-70.25432217489048,228425.82,697883.35,33481
5794b71e-111c-7941-47a4-d692e45a49e5,2006-10-15,,999-23-5802,S99977391,,Ms.,Joelle163,Erin498,Schowalter414,,,,white,nonhispanic,F,Northborough  Massachusetts  US,659 Labadie Terrace,Northampton,Massachusetts,Hampshire County,25015,01053,42.3651763709334,-72.66997463236294,63734.51,151141.99,51889
a0693c13-f00d-52a3-44f9-8dca479a830d,2020-11-12,,999-35-9577,,,,Dallas143,,Weimann465,,,,asian,nonhispanic,M,Boston  Massachusetts  US,788 Lubowitz Pathway Suite 90,Boston,Massachusetts,Suffolk County,25025,02135,42.29248269985733,-71.0533457960347,1209.09,11772.63,5590
3f8086ec-333f-9d48-279a-02ffa990eb83,2018-09-30,,999-34-1790,,,,Murray856,Benito209,Rohan584,,,,white,nonhispanic,M,Milford  Massachusetts  US,482 Will Center,Taunton,Massachusetts,Bristol County,25005,02767,41.932055538443564,-71.14157842765184,9702.10,7259.51,137992
a9274ea7-ff9c-88b0-4b88-bedda987e2d3,1986-01-27,,999-53-8875,S99931281,X42825995X,Mrs.,Hoa730,Larita511,Ledner144,,Gibson10,M,asian,nonhispanic,F,Attleboro  Massachusetts  US,490 Konopelski Highlands Apt 59,Revere,Massachusetts,Suffolk County,25025,02151,42.386269451898336,-70.98655768966435,158709.42,898046.98,104691
1fbf6ecd-5d19-36b2-7340-de64a6c2fe6c,1982-02-19,,999-19-2634,S99979542,X54617922X,Mrs.,Catrice481,Christen366,Abbott774,,Daniel959,D,white,nonhispanic,F,Marseille  Provence-Alpes-Cote d'Azur  FR,619 Reinger Estate Unit 54,Whitman,Massachusetts,Plymouth County,,00000,42.0327087799492,-70.98807645902664,176779.83,581877.67,125170
cc7a4074-a4aa-2778-bb72-a1de4d6442e6,1962-08-08,,999-70-7031,S99958498,X93843476X,Ms.,Sherlene302,,Bogisich202,,,S,white,nonhispanic,F,Yarmouth  Massachusetts  US,816 Erdman Drive Apt 65,East Longmeadow,Massachusetts,Hampden County,,00000,42.06399916285816,-72.50716387505392,33063.88,1728929.00,7165
21ced635-07fb-4314-40fd-11bed4a6f853,1962-02-06,,999-98-8733,S99981229,X45477088X,Mrs.,Leontine92,Christi444,Buckridge80,,Hauck852,D,white,nonhispanic,F,Pittsfield  Massachusetts  US,144 Tillman Boulevard,New Bedford,Massachusetts,Bristol County,25005,02745,41.68928765655999,-71.04667013332192,426149.35,154850.29,118689
f2e1c881-71b4-a246-1ce5-dde26c192292,1923-01-16,1967-09-08,999-27-2694,S99984900,X56115877X,Mr.,Neal874,Lacy523,Fay398,,,D,white,nonhispanic,M,Gardner  Massachusetts  US,365 Stehr Stravenue,Concord,Massachusetts,Middlesex County,,00000,42.49295666188526,-71.3882228930978,82356.22,54180.73,72754
f25ec840-8220-6983-862e-d13f84c00e0b,1987-09-21,,999-61-9098,S99920620,X87701301X,Mrs.,Olivia294,Anita473,Rojas511,,Reynoso837,D,black,hispanic,F,Puebla  Puebla  MX,808 Johnson Wall Suite 72,Hingham,Massachusetts,Plymouth County,25023,02043,42.23419235309241,-70.90155216422455,11992.60,802309.02,18939
722cb015-7de2-e53b-bb91-8efd36adad17,2026-05-16,,999-48-4074,,,,Dominique369,Anthony633,Bashirian201,,,,white,nonhispanic,F,Boston  Massachusetts  US,1040 Borer Terrace Apt 24,Norwood,Massachusetts,Norfolk County,25021,02062,42.17361755258093,-71.176785968665,1436.98,0.00,39651
fc54025b-57f3-0f6f-40cc-1232417d1ec0,1996-06-20,,999-88-6307,S99919992,X30432657X,Mrs.,Dee580,Elisha578,Abernathy524,,Kunde533,M,white,nonhispanic,F,Medford  Massachusetts  US,455 Block Harbor,Billerica,Massachusetts,Middlesex County,,00000,42.566181148443846,-71.21149603943765,99656.10,597148.61,27676
06103e8c-95e7-ff6a-c905-6305213aece0,1960-06-26,,999-70-5404,S99916576,X21641446X,Mr.,Noble66,Giovanni385,Zieme486,,,M,white,nonhispanic,M,Rome  Lazio  IT,761 Schimmel Underpass,Middleborough,Massachusetts,Plymouth County,,00000,41.91208100402279,-70.84122794926317,322929.08,7821.29,50428
eb7f34df-b8ce-e664-bb47-efbb1386b064,2015-06-06,,999-54-2273,,,,Nigel915,,Jenkins714,,,,white,nonhispanic,M,Eastham  Massachusetts  US,853 Waters Bay,Westford,Massachusetts,Middlesex County,,00000,42.56480335399414,-71.4044672828154,15312.36,12785.63,171340
63879f94-a566-0f9f-2536-8ef32f112a7e,1992-06-15,,999-19-1737,S99982826,X46325580X,Ms.,Teena223,,Kunde533,,,S,black,nonhispanic,F,Wareham  Massachusetts  US,219 Jerde Trailer,Westfield,Massachusetts,Hampden County,25013,01086,42.159391180318465,-72.79121077431095,154727.00,243631.72,661036
c024f97a-8986-b098-a467-6d9a59ca497c,2019-03-05,,999-51-3741,,,,Lillie543,Clarence5,Fritsch593,,,,white,nonhispanic,F,Everett  Massachusetts  US,727 Larson Rapid,Hanson,Massachusetts,Plymouth County,25023,02341,42.04385652634953,-70.83702557612655,21943.53,136.83,75679
ec2c65e3-6a11-e9dc-d94f-655294abf1ca,2024-12-16,,999-54-4488,,,,Annmarie79,Deon400,Bins636,,,,white,nonhispanic,F,North Andover  Massachusetts  US,271 Lubowitz Walk Unit 57,Foxborough,Massachusetts,Norfolk County,25021,02035,42.05281953515117,-71.2858657375032,5494.52,0.00,98669
804dfbce-f43f-36b7-f111-737f5c5c35ce,2019-03-15,,999-20-8229,,,,Maile198,Edyth30,Adams676,,,,white,nonhispanic,F,Boston  Massachusetts  US,847 Swaniawski Mission,Boston,Massachusetts,Suffolk County,25025,02115,42.28591053027528,-71.0559019679474,19135.35,0.00,83494
4364e170-de4b-06b8-b602-70abb970d749,1984-01-01,,999-53-4167,S99980933,X44923640X,Mrs.,Nedra260,Elyse324,Rowe323,,Conn188,D,asian,nonhispanic,F,New Bedford  Massachusetts  US,352 Schultz Trafficway Suite 36,Malden,Massachusetts,Middlesex County,25017,02155,42.449756453796766,-71.0707309447942,13707.04,879346.22,19362
0dd2e68c-d7a4-2f22-915a-ef97a3aec5a9,1968-07-04,,999-26-1431,S99917454,X67770821X,Mrs.,Albertha209,Merideth332,Hintz995,,Dietrich576,M,other,nonhispanic,F,Brockton  Massachusetts  US,913 Schamberger Overpass,Worcester,Massachusetts,Worcester County,25027,01610,42.41597938742147,-71.80052048722963,309425.28,114803.62,37410
eb9ad9fa-bc39-79ba-0798-8307ceb505ad,1998-03-13,,999-23-3201,S99937691,X02114148X,Mrs.,Jonell764,Anh979,Skiles927,,Farrell962,M,white,nonhispanic,F,Palermo  Sicily  IT,1083 Grimes View,Fall River,Massachusetts,Bristol County,25005,02721,41.719248410906204,-71.1650159236737,7136.74,163263.01,11852
6fb91d6b-9e40-f901-2ab3-380589cc43fc,1966-08-27,,999-82-5742,S99940520,X62076889X,Ms.,Alayna598,,Kuphal363,,,S,black,nonhispanic,F,Attleboro  Massachusetts  US,876 Crooks Row Suite 18,Great Barrington,Massachusetts,Berkshire County,25003,01230,42.12452104870909,-73.35090775976536,209722.80,1173225.02,189118
10b0bbb8-cff9-d9f2-8620-e37d1055c56d,1923-01-16,1989-05-25,999-93-4087,S99924821,X24127858X,Mr.,Donnell534,Dong972,Schroeder447,,,M,white,nonhispanic,M,Shelburne Falls  Massachusetts  US,148 Batz Esplanade,Concord,Massachusetts,Middlesex County,,00000,42.43852538230645,-71.35912349285535,35324.40,227831.45,72754
ffbcc817-3946-7225-f46d-fb04de48a9c3,1943-12-13,2012-07-02,999-36-8554,S99912538,X80577932X,Mr.,Ike571,,Schamberger479,,,M,white,nonhispanic,M,Westhampton  Massachusetts  US,753 Langworth Club,Beverly,Massachusetts,Essex County,25009,01915,42.530814679806014,-70.86932791829796,152511.37,68518.91,190751
6229acb7-d0a0-a94f-8f17-e7ebeb3b0639,1981-01-17,,999-38-9286,S99950111,X41232602X,Mrs.,Aretha897,Nilda678,Kling921,,Schamberger479,M,white,nonhispanic,F,Holyoke  Massachusetts  US,570 Pollich Parade,Danvers,Massachusetts,Essex County,25009,01937,42.62308311753937,-70.97101511989614,565586.56,652842.27,94454
213bbd94-a6d6-6f86-6615-f4f56884b08e,1938-09-17,,999-56-3873,S99961808,X63544207X,Ms.,Ana María762,Verónica383,Arreola736,,,S,white,hispanic,F,Bayamon  Puerto Rico  PR,315 Windler Branch,Haverhill,Massachusetts,Essex County,25009,01832,42.800589773508946,-71.04601916264797,371738.30,1253456.48,32089
7510b75d-f0bb-8ce6-cedc-954854792597,2002-03-08,,999-43-2652,S99944830,X82947602X,Mr.,Donnell534,Maria750,Heidenreich818,,,,black,hispanic,M,Everett  Massachusetts  US,969 Lowe Track Apt 25,Worcester,Massachusetts,Worcester County,25027,01602,42.31033612320936,-71.80340128852394,38211.40,70958.58,84672
e4f91e2f-a1d7-514c-a29c-6a20d88db053,1979-03-09,,999-60-7063,S99990568,X14009769X,Mr.,Dick869,Pat3,Davis923,,,M,white,nonhispanic,M,Newton  Massachusetts  US,557 Armstrong Well,Plymouth,Massachusetts,Plymouth County,25023,02360,41.91621625673867,-70.6812309832866,115559.53,7098.93,112373
752e3e23-a2d0-12ae-e76f-dba5b3d30b14,1958-06-22,,999-77-2426,S99990275,X66028952X,Mrs.,Opal236,Argentina169,Towne435,,Brekke496,M,white,nonhispanic,F,Harwich  Massachusetts  US,388 Sanford Skyway Suite 70,Swampscott,Massachusetts,Essex County,25009,01907,42.43675001070461,-70.86415182011473,21048.54,441124.99,17878
b4247d3e-0bc9-4ebf-5609-4ff4a994cd32,1960-12-15,,999-56-8281,S99935270,X03607301X,Mrs.,Alexander630,Polly738,Collins926,,Fritsch593,M,black,nonhispanic,F,Lowell  Massachusetts  US,885 Gislason Mews Suite 45,Chelsea,Massachusetts,Suffolk County,25025,02151,42.42232720021185,-71.0226412655929,130254.24,807198.35,24675
34649715-8526-9dc1-508f-c27391ae4dc0,1960-12-22,,999-43-1110,S99937668,X68833221X,Mr.,Ricky354,Coleman27,Kub800,,,M,white,nonhispanic,M,Methuen  Massachusetts  US,810 Gerlach Center Apt 27,Weymouth,Massachusetts,Norfolk County,25021,02188,42.17397752432682,-70.9263369527148,232393.71,94821.87,62575
05d8fbda-2aa2-abdc-c560-d1403428a2b7,1967-04-29,,999-83-6610,S99973802,X02745544X,Mr.,Dallas143,Avery919,Feest103,,,M,white,nonhispanic,M,Northbridge  Massachusetts  US,434 Brakus Vista,West Concord,Massachusetts,Middlesex County,,00000,42.411571619498126,-71.40945629486411,17555.05,112927.25,72685
46a032d4-fb0f-faef-1dde-9cd686c2fdf4,1968-05-08,,999-19-5889,S99940230,X08974614X,Mrs.,Elsa29,Patricia625,Sotelo656,,Benavides239,M,black,nonhispanic,F,San Jose  San Jose  CR,1013 Heaney Mews,Boston,Massachusetts,Suffolk County,25025,02118,42.374961564257,-71.0842792610643,597708.05,87567.95,60375
91bef086-5ce1-6049-aa25-1f0f61e3a356,2010-10-06,,999-74-1456,,,,Sebastian508,Darell496,Hermann103,,,,white,nonhispanic,M,Holden  Massachusetts  US,920 Boehm Trace Suite 92,Quincy,Massachusetts,Norfolk County,25021,02170,42.25651035995953,-71.03461619843972,78376.70,383109.83,35096
98a5e96c-106f-2f14-1aee-127f117daf46,2010-05-03,,999-51-5629,S99935194,,,Kiana854,Bernardine460,O'Connell601,,,,white,nonhispanic,F,Lexington  Massachusetts  US,746 Medhurst Trail,North Westport,Massachusetts,Bristol County,,00000,41.70638002568236,-71.14422105698573,45208.58,656.22,127078
4dd51cd4-09da-1c3c-7bb1-910664fae082,1969-06-13,,999-34-3833,S99994289,X37822736X,Mr.,Mervin111,,Tremblay80,,,M,white,nonhispanic,M,Somerville  Massachusetts  US,779 Bauch Center,Newton,Massachusetts,Middlesex County,25017,02461,42.39203162111172,-71.19163091274204,116937.98,32995.97,186643
1e75eec8-8069-a5ac-e1a4-e3515d7ff2a9,2007-01-24,,999-60-7537,S99947455,,Mr.,Kendall673,Toby274,Becker968,,,,white,nonhispanic,M,Acton  Massachusetts  US,989 Heaney Brook Unit 71,Swampscott,Massachusetts,Essex County,25009,01907,42.488072156840836,-70.91294163761995,12073.51,77553.12,87522
8a9e44ac-dbb6-5776-41c7-2970df8be60c,2019-01-18,,999-26-3522,,,,Timothy142,Korey682,O'Conner199,,,,white,nonhispanic,M,Malden  Massachusetts  US,697 Bogisich Grove,Middleton,Massachusetts,Essex County,,00000,42.652083050567605,-70.97841568920127,1269.66,21292.27,23495
2811e0b6-a3bf-ef55-9858-92e5574c4285,1985-11-27,,999-36-7740,S99913361,X14265563X,Mr.,Wilton999,,Nicolas769,,,M,white,hispanic,M,Waltham  Massachusetts  US,270 Ryan Bypass Apt 3,Chicopee,Massachusetts,Hampden County,25013,01022,42.20374141887524,-72.5747050095517,85367.95,17282.79,49817
ffcd5dd1-7769-033c-3310-56fb9a10a88d,1973-12-07,2026-05-05,999-46-8168,S99973313,X62675381X,Mr.,Ozzie259,Abe604,Effertz744,,,M,black,nonhispanic,M,Tewksbury  Massachusetts  US,342 Ullrich Grove Apt 57,Worcester,Massachusetts,Worcester County,25027,01602,42.32160696362112,-71.75081336780002,156175.99,63695.80,137451
854df111-a254-27ab-fb02-d478bc873a00,2020-02-06,,999-50-7614,,,,Vannessa721,Martine382,Johns824,,,,white,nonhispanic,F,Fall River  Massachusetts  US,516 Dach Passage,Essex,Massachusetts,Essex County,25009,01929,42.655507701355624,-70.74093939216466,12296.85,14195.37,124603
404ee31d-4456-9acc-e044-0bf99967280f,1993-05-05,,999-78-5115,S99960224,X10102428X,Mr.,Chester802,Christian753,Wolf938,,,M,white,nonhispanic,M,Tewksbury  Massachusetts  US,828 Nolan Mill,Pittsfield,Massachusetts,Berkshire County,25003,01201,42.45151157355898,-73.27358505241583,85912.86,11897.78,50780
eb48e2aa-33ec-cc8b-2325-c67da49fbc15,1987-12-06,,999-45-6071,S99941741,X33199309X,Mrs.,Lakia502,Daisy746,Crist667,,Turcotte120,M,white,nonhispanic,F,North Amherst  Massachusetts  US,1028 Leuschke Lock Unit 16,West Newbury,Massachusetts,Essex County,,00000,42.78409902697873,-70.99221499962741,101291.26,444450.44,906827
ab3ce150-d2ab-06d0-d5ae-5379e11fcb96,1954-06-18,2017-07-30,999-34-6379,S99934610,X72535909X,Mr.,Joaquin141,Davis923,Kunde533,,,M,asian,nonhispanic,M,Seoul  Seoul  KR,252 Weissnat Frontage road Apt 17,Wakefield,Massachusetts,Middlesex County,25017,01880,42.55044100909139,-71.038328026153,129113.42,1473827.80,133068
96cbbb9b-4858-3fe8-8ed8-d9d2a9ce0054,1981-11-08,,999-37-1479,S99991997,X36114490X,Mrs.,Fumiko79,Rivka589,Runolfsson901,,Dooley940,M,white,nonhispanic,F,Concord  Massachusetts  US,789 Schuster Dale Suite 7,Belmont,Massachusetts,Middlesex County,25017,02478,42.37393168837983,-71.19469746829908,181114.31,707325.67,95531
7d2a4d12-9979-2372-3e12-d76a1233d47e,2009-11-16,,999-87-2185,S99911576,,,Merle11,Mercy752,Dare640,,,,white,nonhispanic,F,Gloucester  Massachusetts  US,316 Koepp Union Apt 49,Tewksbury,Massachusetts,Middlesex County,,00000,42.58656980046533,-71.25439871755934,32744.12,39153.32,131926
197c94ce-d2d4-949d-9f19-7915c9586293,1996-11-10,,999-97-8107,S99990298,X30059882X,Mr.,Dexter530,Ted955,Yost751,,,M,white,nonhispanic,M,Burlington  Massachusetts  US,414 Hackett Forge,Fairhaven,Massachusetts,Bristol County,,00000,41.620891103363284,-70.91265480377537,87754.55,11221.13,102459
cf4bdd9d-a239-ecfd-2747-55598d1656be,1969-02-10,,999-88-9849,S99921668,X32988885X,Mrs.,Hannah56,Xenia801,Dach178,,Rowe323,M,white,nonhispanic,F,New Bedford  Massachusetts  US,697 Nader Parade,Marshfield,Massachusetts,Plymouth County,25023,02050,42.077634395972694,-70.68565983059327,296646.58,669208.22,122996
45da1836-ed53-d65c-db9a-7ceb5be10b5a,1976-09-14,,999-44-5163,S99977535,X33011736X,Ms.,Charity776,Lynne528,Boyle917,,,S,white,nonhispanic,F,North Attleborough  Massachusetts  US,609 King Arcade,Somerville,Massachusetts,Middlesex County,25017,02138,42.43794569839053,-71.06220917839723,364885.51,628873.22,132638
0210cdc6-f11e-7882-1ce6-0c348e9be4bd,1923-01-16,2008-09-13,999-37-4098,S99941040,X70017655X,Mr.,Wm806,,Kling921,,,S,white,nonhispanic,M,Bridgewater  Massachusetts  US,774 Yundt Ferry,Concord,Massachusetts,Middlesex County,,00000,42.412962029825074,-71.40667732315859,205235.52,2155785.77,72754
96489e70-330f-c883-aa41-c4bb8da8fc90,1961-04-23,2025-05-20,999-66-5043,S99946822,X93481858X,Mr.,Kennith515,Jarod376,Hackett68,,,W,white,nonhispanic,M,Arlington  Massachusetts  US,745 Hackett Alley Suite 69,Chicopee,Massachusetts,Hampden County,25013,01013,42.16867280833918,-72.52986779970672,201124.69,231464.23,56791
ab639439-b6ba-a071-9448-9bf1706b117c,2012-10-17,,999-50-8764,,,,Kathy623,Afton574,Predovic534,,,,white,nonhispanic,F,Rockport  Massachusetts  US,283 Price Spur,Fall River,Massachusetts,Bristol County,25005,02720,41.66208204281359,-71.22145090296596,3683.84,223653.68,22770
44c03460-9616-005c-c0cc-88820f976fa8,1988-12-02,1990-12-20,999-63-5591,,,,Doris153,Arielle168,Kreiger457,,,,asian,nonhispanic,F,Ashfield  Massachusetts  US,607 Fadel Esplanade Apt 39,Taunton,Massachusetts,Bristol County,25005,02718,41.89249794289192,-70.97850138995435,16600.54,12938.13,70885
8312a626-c967-2173-8ab9-b1ec2312bbfc,1943-12-13,,999-82-6780,S99927510,X43198817X,Mr.,Ellsworth48,Stanley702,Steuber698,,,M,white,nonhispanic,M,Millbury  Massachusetts  US,532 Wilderman Burg Suite 58,Beverly,Massachusetts,Essex County,25009,01915,42.60331811134322,-70.90381578181916,150318.10,1272372.18,190751
608b52d9-b59e-2978-efc8-d852a48347b5,1973-12-07,,999-18-8285,S99992654,X08654421X,Mr.,Lamar193,Mauricio81,Bergnaum523,,,S,black,nonhispanic,M,Boston  Massachusetts  US,1042 MacGyver Glen,Worcester,Massachusetts,Worcester County,25027,01608,42.333286418107875,-71.83055437319582,153983.94,40486.66,137451
8db84f9a-2157-d0c9-74e9-8c3e470f6cfd,1976-12-02,,999-99-2962,S99966375,X32557260X,Mr.,Isaias604,Patrick786,Bogan287,,,M,white,nonhispanic,M,Shrewsbury  Massachusetts  US,349 Gerlach Lane,Brockton,Massachusetts,Plymouth County,25023,02301,42.110657968195625,-70.9357129895964,10780.34,136222.32,12223
2c290c8e-7540-e66d-0478-9d0de4a725ce,1972-08-28,,999-42-6150,S99916875,X08729674X,Mr.,Derek111,Basil991,Homenick806,,,D,white,nonhispanic,M,Frankfurt  Hesse  DE,244 Rolfson Byway Apt 25,East Longmeadow,Massachusetts,Hampden County,,00000,42.04540693409439,-72.51544839875203,151397.49,19152.56,123411
4b321d04-9bb5-681c-bea3-38110302747a,1971-10-16,,999-13-8228,S99916821,X26253491X,Mr.,Gayle448,Gail741,Kulas532,,,S,white,nonhispanic,M,Sandwich  Massachusetts  US,244 Greenholt Walk Apt 12,Springfield,Massachusetts,Hampden County,25013,01104,42.13966065401194,-72.55468888049879,9355.89,203151.13,17614
ab6b661d-8dc9-545f-cbaf-8a390ab7ffd2,1988-12-02,,999-28-8340,S99947017,X70984241X,Ms.,Jerrica452,Maegan141,Haley279,,,S,asian,nonhispanic,F,Wilbraham  Massachusetts  US,774 Hahn Light Apt 73,Taunton,Massachusetts,Bristol County,25005,02780,41.83735421629938,-70.96733096813186,199852.22,188287.55,70885
dc50b6fd-625d-c5d8-bcaf-3a796996fc65,1982-10-29,2020-02-13,999-89-6286,S99974343,X77307914X,Ms.,Ceola914,Pamella8,Wilderman619,,,S,white,nonhispanic,F,Clinton  Massachusetts  US,338 Swift Gate Suite 51,Weymouth,Massachusetts,Norfolk County,25021,02189,42.24140243777035,-70.95488874942818,107932.75,184411.02,27420
340992d0-c07e-0b4c-36e9-95d9a590dbe5,1994-04-24,,999-79-6980,S99985957,X88875482X,Mrs.,Dalene805,Bethann490,Dickens475,,Stroman228,M,white,nonhispanic,F,Walpole  Massachusetts  US,467 Bednar Row,Seekonk,Massachusetts,Bristol County,,00000,41.832570666285044,-71.30526051450747,163974.30,650920.28,79074
9a9f6138-b1a6-26c7-1597-39f71015e8eb,1983-04-15,,999-47-4660,S99968490,X04826994X,Mr.,Elijah719,Bennett146,Runolfsdottir785,,,M,white,nonhispanic,M,Lynn  Massachusetts  US,438 Thiel Trace Suite 43,Lynn,Massachusetts,Essex County,25009,01940,42.49499993301182,-70.99107896341438,110647.30,14673.30,54248
57d9b083-e0ca-191a-b946-60031cef08f2,2002-10-20,,999-98-8491,S99980665,X27306847X,Mr.,Mateo562,,Reynoso837,,,,white,hispanic,M,Marigot  Saint Andrew Parish  DM,851 Hegmann Crossroad,Springfield,Massachusetts,Hampden County,25013,01103,42.12405126976351,-72.53311670717254,3935.55,77884.48,4736
0bbf0a83-016c-d75f-b296-6a7f397e2c54,1922-11-28,2010-06-02,999-29-5367,S99978988,X74984206X,Mr.,Dominique369,Joshua658,Towne435,,,S,white,nonhispanic,M,Eastham  Massachusetts  US,422 McKenzie Track,Brockton,Massachusetts,Plymouth County,25023,02351,42.07479842983695,-70.98119215047114,272928.36,1310420.25,51837
4c5a3e8c-4552-4ebf-796e-96c1c44c207b,1954-06-18,,999-20-5492,S99969446,X69308814X,Mr.,Carroll471,German382,Ferry570,,,M,asian,nonhispanic,M,Daegu  Daegu  KR,653 Walter Hollow,Wakefield,Massachusetts,Middlesex County,25009,01940,42.50606014046742,-71.06429354564892,210721.97,323374.75,133068
98a43f4b-f195-ee73-beb7-dbf935e14d35,2005-12-22,,999-57-3671,S99982900,X49098851X,Ms.,Vina438,Patience161,Bechtelar572,,,,white,nonhispanic,F,Lowell  Massachusetts  US,490 Quigley Heights Suite 67,Dalton,Massachusetts,Berkshire County,,00000,42.45366427469995,-73.17463648964723,105572.75,333681.28,67138
39d0d110-11c4-2c75-6b75-d30b4e0eca24,1982-10-29,,999-54-5917,S99912857,X19634514X,Mrs.,Maritza144,Genna99,Leuschke194,,Eichmann909,M,white,nonhispanic,F,Northampton  Massachusetts  US,820 Mitchell Drive Suite 48,Weymouth,Massachusetts,Norfolk County,25021,02190,42.206867996448146,-70.90294330888402,169855.51,1146339.60,27420
d58d977b-90bd-45fa-4663-901be047ad75,1989-05-15,2008-02-05,999-81-7267,S99957215,,Mr.,Mason910,,Feil794,,,,white,nonhispanic,M,Malden  Massachusetts  US,602 Mohr Ville Suite 16,Harwich,Massachusetts,Barnstable County,,00000,41.74484291594196,-70.05433365685894,63966.53,0.00,46747
764a554a-dc8a-1a4e-d505-d64f78e57c1d,1971-05-30,2000-06-16,999-80-2978,S99949023,X03305036X,Mr.,Son314,Marc757,Kozey370,,,M,white,nonhispanic,M,West Springfield  Massachusetts  US,930 Nader Bay,Fall River,Massachusetts,Bristol County,25005,02723,41.73004122512311,-71.08645890898117,133468.91,137546.95,33386
6fd3a659-7c1b-c0a8-9bca-7995848b1dc9,2021-10-26,,999-26-2164,,,,Elizabet136,Etta748,Spencer878,,,,white,nonhispanic,F,Grafton  Massachusetts  US,534 Konopelski Manor Unit 66,Belmont,Massachusetts,Middlesex County,25017,02478,42.38307165070707,-71.08794681314944,8988.89,0.00,316488
21d07623-a417-6e21-522d-80811d3fe365,1992-11-22,,999-54-9518,S99912030,X74335946X,Mrs.,Jacquelin132,Hortense60,Steuber698,,Ryan260,M,white,nonhispanic,F,Nantucket  Massachusetts  US,543 Lang Ranch,Sherborn,Massachusetts,Middlesex County,,00000,42.25068386624621,-71.36027215867183,206126.58,446468.89,135456
22222924-9333-e4bb-50fc-0fff354412b0,1992-10-01,,999-54-3196,S99915186,X24339415X,Mrs.,Lashaun800,Enid644,Littel644,,Johnson679,M,white,nonhispanic,F,Wayland  Massachusetts  US,183 Kris Ramp,Medford,Massachusetts,Middlesex County,25017,02155,42.42115083492202,-71.14941337286018,447284.58,9754.27,115980
cd59d64c-9c45-bb57-0d06-0cf979c7fcbc,2026-05-18,,999-58-7190,,,,Zenia843,Lien262,Crist667,,,,white,nonhispanic,F,Lynn  Massachusetts  US,1065 Wilkinson Promenade,Mashpee,Massachusetts,Barnstable County,,00000,41.57316318622295,-70.45066711036235,100.00,2473.62,17198
63209215-f118-7906-3768-d65e8975c0a4,1961-04-23,,999-53-7964,S99985933,X93431490X,Mr.,Ramiro608,,Gulgowski816,,,D,white,nonhispanic,M,Wareham  Massachusetts  US,720 Pouros Green Suite 74,Chicopee,Massachusetts,Hampden County,25013,01022,42.20991825276175,-72.57484576591139,141559.92,1332259.88,56791
d9841092-8500-64e9-efbe-f24b4131b913,1981-07-18,,999-47-2370,S99944793,X97503948X,Mr.,Jerrell6,Clarence5,McLaughlin530,,,M,white,nonhispanic,M,Milton  Massachusetts  US,280 Runolfsson Port,North Attleborough,Massachusetts,Bristol County,,00000,41.99557069814664,-71.29712317386242,349825.44,346142.62,65701
65d0fa4d-e2ea-7264-ea05-1f1815b6b964,1989-05-15,2023-07-05,999-13-3490,S99937255,X54322522X,Mr.,Elvis145,Darren774,Kuvalis369,,,S,white,nonhispanic,M,Franklin  Massachusetts  US,892 Krajcik Corner,Harwich,Massachusetts,Barnstable County,,00000,41.68942997353713,-70.0274384260066,163539.85,598744.34,46747
b6392198-5954-42aa-ec82-74ba2ef01da4,1974-05-30,,999-35-1494,S99942128,X54128750X,Mrs.,Annamae625,Verona337,Lang846,,Keeling57,M,white,nonhispanic,F,Newton  Massachusetts  US,1072 Robel Stravenue Unit 92,Sudbury,Massachusetts,Middlesex County,,00000,42.3789800729594,-71.44493386157623,576595.34,416623.91,63607
58b40cd2-adff-ef4f-c01f-c1c3906d7763,1923-01-16,2017-04-15,999-76-6243,S99992993,X55758902X,Mr.,Gayle448,Warner493,Klocko335,,,W,white,nonhispanic,M,Boston  Massachusetts  US,194 Kunze Divide,Concord,Massachusetts,Middlesex County,,00000,42.43123975034069,-71.39028479596563,199785.26,223835.40,72754
b3e5ee4a-453b-859e-7c1d-066bf8ba647a,1971-05-30,,999-66-7653,S99928250,X44848348X,Mr.,Andrea7,Aldo414,Hyatt152,,,M,white,nonhispanic,M,Canton  Massachusetts  US,432 Prosacco Row Apt 4,Fall River,Massachusetts,Bristol County,25005,02747,41.694163201265546,-71.2179650151258,194537.61,186314.67,33386
bbccaf44-0329-4e0c-3953-a485b8c9a2be,2022-11-26,,999-52-4617,,,,Maragaret140,,Runolfsdottir785,,,,white,nonhispanic,F,Townsend  Massachusetts  US,658 Baumbach Port,Boston,Massachusetts,Suffolk County,25025,02199,42.430762745877665,-70.97012320322433,500.00,18566.38,5171
e717d171-c95d-9a62-b817-6c9c5162b2ef,1981-09-09,,999-56-1399,S99973635,X47330008X,Mr.,Jame231,,Connelly992,,,D,white,nonhispanic,M,Westport  Massachusetts  US,1070 Larkin Green,Taunton,Massachusetts,Bristol County,25005,02780,41.82719109484584,-71.0302633191302,9642.34,109118.84,7484
5b634376-07dd-bd71-dc64-9eed6e3e447c,1967-11-23,,999-94-8191,S99969847,X26217491X,Mr.,Elbert916,Kelly223,Price929,,,S,white,nonhispanic,M,West Springfield  Massachusetts  US,883 King Highlands,Arlington,Massachusetts,Middlesex County,25017,02476,42.44152479415255,-71.12351019013816,137329.13,111460.18,108824
83b52d6d-fb3a-f077-e573-12cf41ff3f82,1957-12-23,,999-99-6782,S99916227,X10820014X,Mr.,Andrew29,Florencio463,Purdy2,,,M,white,hispanic,M,Brockton  Massachusetts  US,798 Aufderhar Flat Unit 21,Springfield,Massachusetts,Hampden County,25013,01109,42.13974019818241,-72.53400628280306,199223.84,17606.66,72122
692207e6-3867-eaac-3bdb-feb1fa90a715,1993-08-29,,999-68-4934,S99943694,X73794204X,Ms.,Kristan816,Caryl47,Dach178,,,S,white,nonhispanic,F,Gardner  Massachusetts  US,878 Spinka Loaf,Franklin,Massachusetts,Norfolk County,25021,02038,42.07053553790008,-71.37255347643968,140417.98,472043.92,96241
347e0fe5-56e5-2267-f6b8-3affa26e9539,1989-05-15,2008-03-17,999-95-2375,S99943249,,Mr.,Renaldo199,Robby860,Reichert620,,,,white,nonhispanic,M,Revere  Massachusetts  US,707 Purdy Bay,Harwich,Massachusetts,Barnstable County,,00000,41.6847521953395,-70.03442012356851,134912.76,27991.53,46747
c2ac8cd9-06e5-14c8-c162-4b82a36a2508,2006-08-06,,999-59-1253,S99950353,,Mr.,Brian582,Mack300,Koelpin146,,,,white,nonhispanic,M,Lynn  Massachusetts  US,860 Romaguera Esplanade Apt 18,Boston,Massachusetts,Suffolk County,25025,02118,42.39439763343279,-71.05973576324722,23554.47,585076.64,146944
fea35054-835f-e26e-a1ab-bda3b5617511,2014-01-03,,999-67-3109,,,,Luis Miguel102,Julio César525,Salcido465,,,,black,hispanic,M,Kingston  Kingston  JM,392 Corwin Lodge,Boston,Massachusetts,Suffolk County,25025,02114,42.37580300525073,-71.0788514776153,2965.33,44725.12,12792
cf5943fc-5157-68d4-2a2c-e2931e582137,1972-05-22,1988-04-25,999-36-3124,,,,Nanci249,Margit604,McClure239,,,,white,nonhispanic,F,Beverly  Massachusetts  US,414 Brown Boulevard Apt 30,Williamstown,Massachusetts,Berkshire County,25003,01267,42.637768225524546,-73.26271667290652,35824.04,0.00,62183
32571dbc-54e2-faea-4919-a7ba2016334b,2016-05-16,,999-20-4269,,,,Tegan755,Florine959,Kiehn525,,,,white,nonhispanic,F,Somerville  Massachusetts  US,785 Dare Park,Stoughton,Massachusetts,Norfolk County,,00000,42.157500639890856,-71.11006952448038,2791.72,65957.24,15031
94f37789-e19d-01f7-cb47-2b94a1a0948d,2007-11-05,,999-53-8885,S99929804,,Mr.,Milford485,,Dibbert990,,,,white,hispanic,M,Auburn  Massachusetts  US,330 Torp Hollow,Malden,Massachusetts,Middlesex County,25017,02148,42.44379992052078,-71.06369242630791,45326.96,0.00,439906
b1435617-e4fb-7cbe-124c-cd2ef01bdc5a,1960-12-08,,999-32-6205,S99952511,X47067467X,Mr.,Delmar187,Scottie437,Kutch271,,,D,white,nonhispanic,M,Methuen  Massachusetts  US,960 Romaguera Vale Apt 82,Chatham,Massachusetts,Barnstable County,25001,02633,41.71698390289158,-70.00145569565392,182861.13,76828.53,127330
b9daa1b4-ad9f-c227-afc0-d36dbdcc5098,1989-05-15,,999-37-3032,S99991078,X92669767X,Mr.,Winford225,Sidney996,Monahan736,,,M,white,nonhispanic,M,Medfield  Massachusetts  US,161 O'Keefe Underpass Suite 54,Harwich,Massachusetts,Barnstable County,,00000,41.69890999775867,-70.05701847930595,120892.49,67724.63,46747
3b4608f9-9a73-b69a-f37c-a8fed6eddc31,1963-02-16,,999-35-9897,S99973051,X23427764X,Ms.,Mana631,,Thompson596,,,S,white,nonhispanic,F,New Bedford  Massachusetts  US,1017 Mante Route,Falmouth,Massachusetts,Barnstable County,25001,02540,41.63215656265905,-70.606588309916,740396.20,173079.94,42030
74f56c9e-474a-1c83-316b-dc8755e292ca,1923-01-16,1985-05-16,999-17-7333,S99958451,X16078712X,Mr.,Neville893,Merrill415,Kautzer186,,,S,white,nonhispanic,M,Brockton  Massachusetts  US,149 McDermott Lodge,Concord,Massachusetts,Middlesex County,,00000,42.47667005739114,-71.36356846064993,753058.00,2151685.37,72754
e6758f34-66fe-d53b-8a21-4680908099e4,2004-12-12,,999-66-6127,S99977153,X83783692X,Ms.,Felicidad691,,Zieme486,,,,white,nonhispanic,F,Amherst  Massachusetts  US,1093 Beahan Spur,Rutland,Massachusetts,Worcester County,25027,01543,42.42494231267259,-71.95790995480064,106504.60,102606.84,183765
3dddc57b-e54a-b20a-c717-a37b1f0d17d4,1961-11-16,,999-67-4594,S99931900,X67498511X,Mr.,Alvaro283,,Kautzer186,,,S,black,nonhispanic,M,Haverhill  Massachusetts  US,397 Fisher Union Apt 84,Belmont,Massachusetts,Middlesex County,25017,02138,42.41958797880012,-71.22051508376767,166891.45,32939.68,161951
f0af774d-3414-033e-086a-d39b9adf1002,1943-01-05,1996-12-30,999-81-1453,S99982981,X95336744X,Mrs.,Roxane435,Elana101,Gusikowski974,,Durgan499,D,white,nonhispanic,F,Springfield  Massachusetts  US,803 Crist Plaza,Longmeadow,Massachusetts,Hampden County,25013,01106,42.0412914850789,-72.56523024690487,1232030.54,369571.05,59289
9b32bf50-25e5-a3d1-3a0d-de151c148071,1972-05-22,,999-55-1668,S99938205,X89758819X,Ms.,Daisey627,Crista774,Green467,,,S,white,nonhispanic,F,Mashpee  Massachusetts  US,228 Kunze Mall Apt 47,Williamstown,Massachusetts,Berkshire County,25003,01267,42.689764484625755,-73.24241671491168,201927.24,61418.09,62183
c0f19be1-3cf3-e96b-8cdd-e52fa314a759,2004-04-19,,999-65-7053,S99914912,X62500342X,Mr.,Jamie386,Florencio463,Walsh511,,,,white,nonhispanic,M,Boston  Massachusetts  US,1022 Koelpin Tunnel Unit 9,Malden,Massachusetts,Middlesex County,25017,02148,42.47356729230061,-71.02338014194952,4495.86,57050.19,20612
10f6053c-35da-1758-b8e9-5dd686168efa,1995-06-11,,999-92-2226,S99964253,X91293119X,Mr.,Harland508,Blaine377,Wolf938,,,M,asian,nonhispanic,M,Shanghai  Shanghai Municipality  CN,441 Nolan Manor,Needham,Massachusetts,Norfolk County,25021,02494,42.30416354983123,-71.20600989861377,77013.93,5350.90,92521
dee727f8-3e02-044e-836a-25527136cf00,1980-08-01,,999-75-6021,S99926483,X48892266X,Mrs.,Shawanda667,Carita426,O'Hara248,,Larson43,M,white,nonhispanic,F,Melrose  Massachusetts  US,971 Jakubowski Route,Wenham,Massachusetts,Essex County,,00000,42.595293270634066,-70.84132564979564,153914.96,809419.12,459999
6e7016f5-4a7a-49a3-96b8-b5036889eea1,1973-12-30,,999-24-6384,S99958923,X78937161X,Ms.,Elvina437,Trena506,Williamson769,,,S,white,nonhispanic,F,Somerville  Massachusetts  US,247 Dickens Boulevard Unit 94,Leyden,Massachusetts,Franklin County,,00000,42.66545748150396,-72.64547874911777,1332847.85,341492.10,90091
aac50c7b-30b8-fc0e-3822-0f6ea23eeb14,1994-01-05,,999-85-3765,S99970574,X98702708X,Mr.,Pedro316,,Klein929,,,M,white,nonhispanic,M,Pittsfield  Massachusetts  US,976 Jenkins Rest,Braintree,Massachusetts,Norfolk County,25021,02184,42.15826718270339,-71.01008136897244,58638.60,7671.02,612186
22d02bdf-7abd-40c9-3adf-0cd13d6ba8c8,1974-11-09,,999-77-9273,S99923331,X42917453X,Ms.,Demetria799,Cheyenne169,McDermott739,,,S,black,nonhispanic,F,Boston  Massachusetts  US,1036 Kunze Esplanade Unit 52,Chicopee,Massachusetts,Hampden County,25013,01013,42.13911273619728,-72.5937137158883,732928.95,934327.44,57950
640cf57d-9432-bdbe-132b-d07321f8c735,2007-09-04,,999-66-1269,S99954739,,Ms.,Signe792,Concepcion673,Ondricka197,,,,white,nonhispanic,F,Wakefield  Massachusetts  US,773 Gerlach Common Apt 72,Westport,Massachusetts,Bristol County,,00000,41.55678881092053,-71.03494490184784,63123.99,145025.12,67796
54d058a2-015c-bafd-1679-b9982d446559,1982-09-18,,999-65-4080,S99974420,X10603134X,Mr.,Lauren941,Harvey63,Smith67,,,M,white,nonhispanic,M,Newton  Massachusetts  US,243 Daniel Gateway Suite 8,Woburn,Massachusetts,Middlesex County,25017,01801,42.49154973928553,-71.11576169035997,80125.33,3496.14,139055
3ab07bf6-5bac-01c1-fa9f-be4dbc61152a,1957-04-30,2020-09-01,999-21-1055,S99936683,X79542619X,Ms.,Margherita470,Keeley419,Streich926,,,S,white,nonhispanic,F,Springfield  Massachusetts  US,889 Roob Vale Unit 14,Wilbraham,Massachusetts,Hampden County,25013,01095,42.164772086647744,-72.37369802071676,283735.61,738308.95,125447
1dfb7ef4-edd6-c3bd-6e10-6dff62575c3d,2024-05-02,,999-77-6055,,,,Darron84,,Hagenes547,,,,white,nonhispanic,M,Haverhill  Massachusetts  US,566 Schumm Wynd,Maynard,Massachusetts,Middlesex County,25017,01754,42.436551802251074,-71.44555839014419,7863.96,502.25,817501
c6ebebe7-8a5d-a16d-95d4-d8b872415181,1966-05-15,,999-26-7503,S99956151,X58350088X,Mr.,Javier97,Cristian531,Quintana711,,,S,white,hispanic,M,Caguas  Puerto Rico  PR,615 O'Hara Union Apt 54,Boston,Massachusetts,Suffolk County,25025,02151,42.351514641456625,-71.11877661562353,133928.08,77085.88,32091
5322ea55-e663-e681-f600-94c41f6a61a1,2015-11-27,,999-23-2877,,,,Piedad413,Kimbra238,Nolan344,,,,white,nonhispanic,F,Bridgewater  Massachusetts  US,650 Little Branch,Westhampton,Massachusetts,Hampshire County,,00000,42.276940860239456,-72.74407495751245,35298.56,0.00,94616
ebf64d43-2c76-b6a1-db85-a34c403fa7b2,1921-10-04,1970-11-25,999-90-4921,S99979674,X31756898X,Mr.,Aron520,Berry486,Schowalter414,,,S,white,nonhispanic,M,Hingham  Massachusetts  US,859 Sporer Crossroad,Malden,Massachusetts,Middlesex County,25017,02148,42.42326866799082,-71.05964874304263,239924.86,178894.58,130279
76de8edf-9ca0-cd97-3576-b3efe3146ce2,1922-11-28,1993-02-15,999-58-7522,S99986199,X07390893X,Mr.,Devin82,,Prosacco716,,,M,white,nonhispanic,M,West Springfield  Massachusetts  US,900 Blick Mews Apt 74,Brockton,Massachusetts,Plymouth County,25023,02351,42.082475010331805,-71.04419809873254,236996.53,743897.06,51837
19204a23-8d67-fd34-010d-e04139ac0133,1952-10-29,,999-20-2712,S99948509,X18135969X,Mrs.,Annalee788,Flora200,Schmidt332,,Waelchi213,W,white,nonhispanic,F,Boston  Massachusetts  US,1073 Hills Neck Unit 66,Charlton,Massachusetts,Worcester County,,00000,42.164442575106854,-71.92337198877962,1027903.39,746895.52,61653
8408f5d8-af43-68ba-df1c-c83f203b3793,1979-06-01,,999-42-9958,S99947506,X09958381X,Mr.,Von197,Reggie481,Wintheiser220,,,M,white,nonhispanic,M,Worcester  Massachusetts  US,522 Collins Underpass,Franklin,Massachusetts,Norfolk County,25021,02038,42.091152775490364,-71.4582109642378,133457.58,42901.56,59885
fb85e9ec-9d61-4442-030d-89314f724e0d,2017-04-18,,999-18-2022,,,,Cheyenne169,,Romaguera67,,,,white,nonhispanic,F,Northborough  Massachusetts  US,564 Harvey Spur,Agawam,Massachusetts,Hampden County,25013,01001,42.03956850243613,-72.59115830337979,15203.95,14694.25,186443
d72feb4d-4ff5-ce0d-3f06-dc860c6d9581,1982-11-20,,999-82-2539,S99945604,X75468366X,Mr.,Willy639,Zachary28,Lueilwitz711,,,M,white,nonhispanic,M,Auburn  Massachusetts  US,448 Trantow Tunnel Suite 48,Somerville,Massachusetts,Middlesex County,25017,02140,42.359284413629176,-71.17163079926569,46240.64,65637.05,23619
a8b2016c-c9d2-a249-963d-eb323b465c0b,1993-11-06,,999-28-7084,S99933358,X45503192X,Mr.,Franklyn361,Brendan864,Fritsch593,,,M,white,nonhispanic,M,Brewster  Massachusetts  US,702 Moen Quay,Newton,Massachusetts,Middlesex County,25017,02462,42.374163353815014,-71.16494360219433,88025.58,0.00,67687
4e7e2907-abfa-c0c1-0f32-96d67f88082b,1972-11-13,,999-30-4421,S99946806,X84329729X,Mrs.,Janice500,Alexis664,Volkman526,JD,Crooks415,M,white,nonhispanic,F,Needham  Massachusetts  US,803 Lindgren Run Unit 82,Westfield,Massachusetts,Hampden County,25013,01086,42.11896098380409,-72.79905478660352,978964.27,519410.23,111379
46c8c79c-0d40-3724-ed27-d2a9ca4f37fa,1943-01-05,,999-46-3518,S99950679,X68257734X,Mrs.,Olympia319,Daysi106,Shields502,,O'Connell601,M,white,nonhispanic,F,Lenox  Massachusetts  US,101 Smith Station Suite 14,Longmeadow,Massachusetts,Hampden County,25013,01106,42.03866861165736,-72.53153968424768,728522.23,478448.39,59289
6e9a8650-c353-33db-1a57-a9bf2ce4a90e,2010-03-21,,999-44-8821,S99973503,,,Benton624,Hans694,Larson43,,,,white,hispanic,M,Middleton  Massachusetts  US,321 Funk Stravenue Apt 95,Methuen,Massachusetts,Essex County,25009,01844,42.75423363878415,-71.1184767779547,21182.09,523779.01,92861
7e3b3e6f-f793-1fa8-ab12-a0358c873169,1989-12-28,,999-57-7057,S99924881,X78424570X,Mr.,Barry322,Jeffery551,Hintz995,,,M,hawaiian,nonhispanic,M,Quincy  Massachusetts  US,326 Barton Vale Unit 88,Chatham,Massachusetts,Barnstable County,25001,02633,41.728940394628076,-70.00996152578651,125554.00,0.00,69322
6cc85f6e-1e1b-c764-1fc2-a804ecfd75ff,1923-01-16,2010-05-10,999-69-8097,S99938449,X66657084X,Mr.,Preston275,,Klocko335,,,M,white,nonhispanic,M,Rowley  Massachusetts  US,522 Strosin Mews Unit 77,Concord,Massachusetts,Middlesex County,,00000,42.45414237605261,-71.41227114117027,412930.90,2347797.70,72754
7018e088-b221-2b67-e615-470d763f9e0f,1977-01-03,,999-31-6362,S99951982,X67161741X,Mrs.,Particia365,Tu721,Carroll471,,Hermiston71,M,white,nonhispanic,F,New Bedford  Massachusetts  US,1074 Schultz Promenade,North Andover,Massachusetts,Essex County,,00000,42.70019275530044,-71.06238363007813,249357.88,127494.93,65364
da319156-c20b-a8c2-c869-8b6222a7805f,1921-10-04,1992-02-25,999-94-7036,S99959345,X71310674X,Mr.,Gregg522,Ezra452,Senger904,,,S,white,nonhispanic,M,Worcester  Massachusetts  US,895 Douglas Branch Suite 57,Malden,Massachusetts,Middlesex County,25017,02148,42.3819442691775,-71.04731495949419,127977.90,153532.67,130279
8a633f6b-c542-39a7-fca2-2647d7ae105f,2000-08-09,,999-41-4381,S99946231,X57067812X,Ms.,Syreeta495,Palmira118,Ratke343,,,,white,nonhispanic,F,Worcester  Massachusetts  US,961 Marks Promenade,Falmouth,Massachusetts,Barnstable County,25001,02540,41.58114672658642,-70.62411715370179,61378.88,154275.22,114410
3bd73e88-99a3-7cd6-9deb-c77528019ebf,1976-12-04,,999-77-8170,S99933429,X34308612X,Mrs.,Piedad413,Jannette265,Jast432,,Mante251,M,white,nonhispanic,F,Whitman  Massachusetts  US,169 Jacobi Mews,Mansfield,Massachusetts,Bristol County,,00000,42.00448832099792,-71.18653443097678,362983.99,300802.06,46633
fa99eb24-5cba-ab57-4aef-73042d3d2fd6,1957-04-30,,999-87-6524,S99943538,X06255958X,Mrs.,Maida946,,Pollich983,,Rohan584,D,white,nonhispanic,F,Taunton  Massachusetts  US,498 Tromp Camp Unit 95,Wilbraham,Massachusetts,Hampden County,25013,01095,42.12536126413629,-72.38443719463751,388441.69,683659.91,125447
913de150-2e84-c044-9b91-61826ab47dcb,1965-12-14,,999-32-9507,S99971577,X02830834X,Mr.,Jerald662,Gregory545,Dickens475,,,S,white,nonhispanic,M,Springfield  Massachusetts  US,1010 Wilderman Walk Apt 88,Cambridge,Massachusetts,Middlesex County,25017,02138,42.36425689891835,-71.15613114203009,226123.20,713971.85,29716
ea9ffd63-e6c6-1609-814a-750151eda34c,2025-08-18,,999-72-6578,,,,Shemika942,Telma919,O'Kon634,,,,white,nonhispanic,F,Milton  Massachusetts  US,706 Medhurst Ville,North Attleborough,Massachusetts,Bristol County,,00000,41.9862742841163,-71.35915880505456,6110.96,25.45,98396
f1e692a6-5d86-61ab-e01d-dca3e08b42e7,2007-11-04,,999-10-4425,S99944781,,Ms.,Daisy746,Joy676,O'Kon634,,,,white,nonhispanic,F,Marion  Massachusetts  US,758 Sanford Fort Suite 53,Chelsea,Massachusetts,Suffolk County,25025,02150,42.45283087725292,-71.05035691876381,56769.36,0.00,108853
48362a78-dbab-6a47-f108-504bdcef87a6,1977-09-20,,999-16-5620,S99983022,X78977553X,Mrs.,Dannette613,Juliane376,Haag279,,Satterfield305,M,white,nonhispanic,F,Whitman  Massachusetts  US,533 McLaughlin Meadow,Barre,Massachusetts,Worcester County,25027,01005,42.42547425037107,-72.14814601735537,311535.69,64453.19,83169
eca211dc-4021-5987-13ac-87e09c134662,1948-12-09,,999-49-3671,S99922926,X70606672X,Mrs.,Rory188,,Kemmer137,,McDermott739,M,white,nonhispanic,F,Boston  Massachusetts  US,846 Monahan Path Unit 87,Brookline,Massachusetts,Norfolk County,25017,02467,42.28083132127066,-71.1150084979769,314851.92,516861.31,159770
51862614-29e9-3890-65f1-b534a030b688,1988-09-02,,999-80-9560,S99994734,X86167035X,Mr.,Cameron381,,Herzog843,,,M,white,nonhispanic,M,Revere  Massachusetts  US,517 Little Grove,Braintree,Massachusetts,Norfolk County,25021,02184,42.19241853905135,-70.99579029992837,53979.95,44453.64,902797
626efff2-576d-959e-415b-f842bbac8f07,1963-01-20,,999-31-6310,S99989149,X93180571X,Mr.,Felton646,Tommy814,Marvin195,,,S,white,nonhispanic,M,Porto  Douro Litoral  PT,198 Gulgowski Forge Apt 59,Medford,Massachusetts,Middlesex County,25017,02145,42.41907012797369,-71.12527811633433,131792.12,247162.43,29978
3fdc81f6-e090-efe2-bb94-2b4dee80a6ac,2020-02-03,,999-78-1618,,,,Lonnie913,,Hagenes547,,,,white,nonhispanic,M,Cordaville  Massachusetts  US,742 Padberg Underpass Unit 65,Seekonk,Massachusetts,Bristol County,,00000,41.85836701966056,-71.33920225749141,28409.15,4125.75,531740
af35a612-238b-8310-6d57-6d9d3748987a,1982-02-25,,999-85-8022,S99925890,X43066757X,Mrs.,Norma469,Lucia634,Jurado563,,Valadez233,M,black,nonhispanic,F,Wesley  Saint Andrew Parish  DM,344 Carroll Extension Apt 12,Chelsea,Massachusetts,Suffolk County,25017,02149,42.3707795902131,-71.03764769345922,324474.19,28990.75,103467
7f6c57e4-45d6-6eda-067c-c9a6e657bf33,2021-02-24,,999-58-9916,,,,Stevie682,,Schuster709,,,,asian,nonhispanic,M,Wakefield  Massachusetts  US,209 Mosciski Lodge,Weymouth,Massachusetts,Norfolk County,25021,02189,42.29035307153841,-70.95464429979212,17990.20,4170.94,953429
e4070592-bc2a-7142-a207-0c97ab322703,1955-01-30,,999-38-5559,S99957822,X19953492X,Mr.,Jeremiah751,Norberto865,Friesen796,,,S,white,nonhispanic,M,New Bedford  Massachusetts  US,121 Kutch Park Unit 23,Methuen,Massachusetts,Essex County,25009,01844,42.74153852872697,-71.1893623033989,30342.34,1279450.66,12704
a6c24588-64b2-0674-2fa9-78bdd25fc998,1960-08-13,,999-25-4747,S99914358,X38740224X,Mrs.,Trudie215,Vina438,Stiedemann542,,Hackett68,D,white,nonhispanic,F,Boston  Massachusetts  US,461 Rath Approach Apt 33,Saugus,Massachusetts,Essex County,25009,01906,42.49172206829143,-70.98897303381652,451331.16,111059.94,59662
3de04b06-7a7e-cce3-6cec-fe73ec092b80,1976-11-30,,999-70-6855,S99968747,X30805869X,Ms.,Danita413,,Barrows492,,,S,white,nonhispanic,F,Tewksbury  Massachusetts  US,826 Parker Gate,Natick,Massachusetts,Middlesex County,,00000,42.2438037342535,-71.30284452010346,124112.32,62705.85,151043
0486827e-93f5-149e-f498-241f4ef4ae67,2008-03-06,,999-97-3132,S99937662,,Mr.,Glen190,Dominick530,Berge125,,,,white,nonhispanic,M,Adams  Massachusetts  US,228 Smitham Parade Unit 32,Taunton,Massachusetts,Bristol County,25005,02718,41.85530776968166,-71.05683185262981,42007.98,5807.22,66253
48c95879-1186-5b22-2e1d-5b95f920a869,1948-02-13,,999-47-8569,S99987513,X06224797X,Mr.,Neil122,Jeremy766,Jenkins714,,,S,asian,nonhispanic,M,Cantho  Cần Thơ  VN,1008 Leffler Promenade,Sharon,Massachusetts,Norfolk County,25021,02067,42.11439583588015,-71.1581977610312,102498.43,307917.63,501456
e0ab4cc4-9308-c783-257d-08ff71744a2e,2006-03-07,,999-33-9411,S99992817,X17873400X,Mr.,Antwan357,Richie600,Welch179,,,,white,hispanic,M,Springfield  Massachusetts  US,320 Murray Run Suite 80,Chicopee,Massachusetts,Hampden County,25013,01022,42.1306083250807,-72.57919724797641,3340.44,51591.43,22214
14e6564d-5a40-3984-4ccb-85fe4e4557de,1998-04-05,,999-28-7374,S99939107,X41216629X,Mr.,Stan246,Claud279,Feil794,,,M,white,nonhispanic,M,Lexington  Massachusetts  US,638 Hickle Run,Watertown,Massachusetts,Middlesex County,25017,02472,42.36471955438713,-71.1986665948545,38254.37,28873.50,86811
40390780-2922-1a78-297f-15bc4503e1ea,1989-08-07,,999-74-7229,S99911126,X79848738X,Mr.,Joey457,Darren774,Brekke496,,,M,white,nonhispanic,M,Sturbridge  Massachusetts  US,737 Robel Skyway Apt 77,Agawam,Massachusetts,Hampden County,25013,01001,42.07019494792389,-72.67376202348986,69882.17,0.00,83805
6f9dd7bd-f40a-a4f2-6267-4634a2c030de,1987-01-10,,999-12-9851,S99974072,X86849649X,Mrs.,Jann271,Leanora120,Skiles927,,King743,M,white,nonhispanic,F,Boston  Massachusetts  US,564 Von Burg Unit 15,Cambridge,Massachusetts,Middlesex County,25017,02141,42.41557931533902,-71.20586371521154,12531.63,680867.88,19373
5fe50b36-e843-3afa-8255-8f7b2fc92dce,1988-07-07,2010-08-15,999-93-2382,S99923685,X23207211X,Mr.,Dominique369,Garfield38,Kemmer137,,,,white,nonhispanic,M,Melrose  Massachusetts  US,168 Bechtelar Skyway Suite 28,Clarksburg,Massachusetts,Berkshire County,,00000,42.729461468055334,-73.07058599063724,77258.76,11709.97,72340
f697c2e5-4e33-6eb3-f281-4496439f6470,1995-06-03,,999-85-6954,S99987938,X82798858X,Ms.,Shakira391,Ossie995,Hauck852,,,S,white,nonhispanic,F,Boston  Massachusetts  US,636 Cole Esplanade,New Bedford,Massachusetts,Bristol County,25005,02746,41.603646196123066,-70.9758458231864,369414.43,146484.42,85900
1d5b5024-4925-9526-ae26-54e9508ee586,1985-01-19,,999-60-2153,S99999239,X46103958X,Mr.,Jermaine675,Leandro563,Runte676,,,M,white,nonhispanic,M,Worcester  Massachusetts  US,196 Murphy Trail Unit 65,Palmer,Massachusetts,Hampden County,25013,01009,42.145310748569955,-72.37783717333517,9354.31,158471.76,10226
1fc3678b-1c26-04e3-874a-25988fe049db,2003-12-06,,999-15-9637,S99977993,X31946250X,Mr.,Claudio955,Elliot577,Hackett68,,,,white,nonhispanic,M,Middleborough  Massachusetts  US,552 Kunde Annex Suite 17,Scituate,Massachusetts,Plymouth County,25023,02066,42.2080778931388,-70.74188703924098,70592.65,3375.05,146397
733dd3a2-e9b5-9a6f-15b5-1b01a6b56735,1958-02-11,2023-04-04,999-85-9190,S99965642,X66598632X,Mrs.,Toi270,Renda520,Corkery305,,Powlowski563,M,white,nonhispanic,F,Medfield  Massachusetts  US,148 Kautzer Parade Apt 32,Milton,Massachusetts,Norfolk County,25021,02186,42.255149767899944,-71.05067060460836,600815.49,1971040.30,84397
816e1483-5f44-694a-249a-15a952db27fd,1988-07-07,,999-33-2338,S99962677,X73905532X,Mr.,Porfirio146,Emmitt44,Carroll471,,,M,white,nonhispanic,M,Chester  Massachusetts  US,858 Pfannerstill Annex Unit 10,Clarksburg,Massachusetts,Berkshire County,,00000,42.70892284784693,-73.089606002762,103347.49,2394.39,72340
fb93c108-165d-5b05-7087-ab3457338c8c,1988-03-23,,999-36-3139,S99979988,X92906509X,Mrs.,Sherley266,Janel230,Kub800,,Grant908,D,white,nonhispanic,F,Pittsfield  Massachusetts  US,263 Jerde Track Unit 26,Agawam,Massachusetts,Hampden County,25013,01030,42.09261351526107,-72.6363304339505,13129.28,830290.35,11910
b8bf6578-fd1e-9031-16ae-221df1f66f96,1988-01-07,,999-22-4175,S99987190,X45781742X,Mrs.,Lianne167,Corinna386,Upton904,,Watsica258,M,white,nonhispanic,F,Boston  Massachusetts  US,578 Wehner Mews Suite 94,Acton,Massachusetts,Middlesex County,,00000,42.472499400813355,-71.4759983007512,262776.10,1044385.02,120892
490f1675-8dd3-d196-eda7-d7a40df9fd60,1923-01-16,1987-02-09,999-20-9133,S99957970,X73505703X,Mr.,Jamey282,Cyrus914,Walker122,,,S,white,nonhispanic,M,Franklin  Massachusetts  US,909 Kohler Hollow,Concord,Massachusetts,Middlesex County,,00000,42.43330071694754,-71.35776372098182,184461.35,60373.05,72754
c673bf70-578a-ee5c-6fb3-386020ea3fca,1973-01-12,,999-74-3198,S99971171,X64623186X,Mrs.,Leena55,,Olson653,,Skiles927,M,white,nonhispanic,F,Saugus  Massachusetts  US,291 Bins Heights Suite 25,Milford,Massachusetts,Worcester County,25027,01757,42.11258561673184,-71.47967086088553,384876.37,1372389.55,161679
e1139b04-e6c7-d1ea-8ed9-6246408c14ce,2024-06-08,,999-41-5963,,,,Gregg522,Newton741,Johnston597,,,,white,nonhispanic,M,Ashland  Massachusetts  US,147 Roob Extension,Wellesley,Massachusetts,Norfolk County,25021,02482,42.27300541692104,-71.28051211636681,3802.72,3546.93,94267
215e66d2-55f5-d785-ab5c-77a8a6e34d01,2011-06-15,,999-83-2320,,,,Janett802,,Carter549,,,,white,nonhispanic,F,Sharon  Massachusetts  US,300 Torp Viaduct Apt 4,Dartmouth,Massachusetts,Bristol County,,00000,41.59129076083573,-70.9119435309634,21908.58,15884.83,887007
26f56c0c-246a-3575-59c8-6c39e4917674,2002-11-11,,999-79-2148,S99968478,X66826644X,Mr.,Ward668,Alton320,Eichmann909,,,,white,nonhispanic,M,Worcester  Massachusetts  US,888 Harris Wall Unit 75,Boston,Massachusetts,Suffolk County,25025,02113,42.300746141749485,-71.16781534169138,55000.51,36639.79,30258
34cb3d6c-4d32-cf36-e6f0-581a66424cea,1999-01-03,,999-46-2789,S99936537,X81905993X,Ms.,Adah626,,Adams676,,,,other,nonhispanic,F,North Attleborough  Massachusetts  US,743 Lebsack Plaza,Lynn,Massachusetts,Essex County,25009,01902,42.457653828709205,-70.95569934345447,7559.27,332146.67,8955
489d2d56-3bb2-ae6b-f11c-d743f2441cc3,1984-05-18,,999-34-1409,S99935455,X83799949X,Mrs.,Dung738,Lynne528,Rippin620,,Haag279,M,white,nonhispanic,F,Chelsea  Massachusetts  US,212 Brakus Corner Apt 77,Somerset,Massachusetts,Bristol County,25005,02726,41.803738940545436,-71.1154723436627,164642.98,862401.76,124535
1b01c518-021f-bf33-4714-366d071ca9a3,2010-02-13,,999-65-4112,S99931164,,,Madaline59,,Labadie908,,,,white,nonhispanic,F,Marlborough  Massachusetts  US,961 Nikolaus Crossing,Belchertown,Massachusetts,Hampshire County,25015,01007,42.25488642493481,-72.4238604041265,51954.31,3870.16,163555
8a869339-0c8b-080f-0265-98440701d6e7,2000-10-24,,999-27-3548,S99957168,X93182938X,Mr.,Aldo414,,Wilkinson796,,,,white,nonhispanic,M,West Yarmouth  Massachusetts  US,554 Friesen Stravenue Apt 72,Stow,Massachusetts,Middlesex County,,00000,42.42756208177583,-71.46709684903331,59397.26,1885.46,172561
f1a5f365-c124-d5bd-5e96-e7fe25e91ecd,2004-03-12,,999-21-4277,S99948388,X63013452X,Mr.,Arnulfo253,Tuan998,Gleason633,,,,black,nonhispanic,M,Quincy  Massachusetts  US,1042 Roob Mission Unit 48,Boston,Massachusetts,Suffolk County,25025,02210,42.26772001450557,-71.14065351262653,63879.32,1717.61,92011
cf9c97cf-c226-acde-1352-cf8aa68ee874,1991-09-16,,999-77-9646,S99984486,X44163114X,Mrs.,Rebecca981,,Goldner995,,Hills818,M,white,hispanic,F,North Brookfield  Massachusetts  US,326 Koepp Corner Apt 66,Revere,Massachusetts,Suffolk County,25025,02151,42.46039175852553,-71.02023188623012,10857.01,621664.20,6624
4e4e6f36-e9ac-86d3-3787-b2b56788255f,1922-11-28,2011-02-01,999-17-7791,S99950294,X54422634X,Mr.,Ralph813,Franklyn361,Gusikowski974,,,S,white,nonhispanic,M,Somerville  Massachusetts  US,602 Schoen Trafficway Unit 87,Brockton,Massachusetts,Plymouth County,25023,02301,42.09378649340495,-70.9551872424249,718395.15,1054431.97,51837
3854ef10-d7b7-79f4-1924-52c5f8a12790,1986-04-12,,999-26-7578,S99953547,X91920809X,Mr.,Oswaldo857,Jude172,Emard19,MD,,M,white,nonhispanic,M,Norfolk  Massachusetts  US,930 Lockman Club Unit 87,Worcester,Massachusetts,Worcester County,25027,01606,42.32937144071747,-71.80256487342474,421494.24,329904.89,53345
c5b205ab-967e-51d0-adbc-c29cea982c99,1941-12-06,,999-46-9538,S99993956,X98742871X,Mr.,Federico589,Earle679,Connelly992,,,S,white,nonhispanic,M,Melrose  Massachusetts  US,1069 Hansen Rue,Lawrence,Massachusetts,Essex County,25009,01840,42.663669542599386,-71.1681120743463,25046.15,716570.33,11091
5518829a-02c9-2f23-b220-f9406e1c79bd,2011-05-29,,999-37-3309,,,,Graham902,Richard937,Rippin620,,,,white,nonhispanic,M,Bellingham  Massachusetts  US,575 Lubowitz Fort Apt 10,Worcester,Massachusetts,Worcester County,25027,01603,42.22251819772921,-71.77810360602142,2511.38,43640.30,17357
91d84de7-3835-5f70-5166-d840db99764e,2018-01-15,,999-75-2259,,,,Mike230,,Gerhold939,,,,white,nonhispanic,M,Wayland  Massachusetts  US,511 Runolfsson Alley Apt 80,Southbridge,Massachusetts,Worcester County,25027,01550,42.061916099114576,-72.05656541752386,14835.89,129.88,48840
76d3bbd0-b6a1-623a-f73e-ca9217537747,2025-01-16,,999-83-8620,,,,Lola232,Ruthanne627,Schuppe920,,,,white,nonhispanic,F,Somerville  Massachusetts  US,506 Wyman Bay Suite 13,Medford,Massachusetts,Middlesex County,25017,02145,42.41008144356564,-71.12408921544692,6650.84,0.00,92744
7081140a-63ec-2e53-c5e1-cfa40d24b74b,1966-05-21,,999-96-1063,S99945733,X74059302X,Mr.,Jc393,Eduardo902,Harvey63,,,M,white,nonhispanic,M,Plymouth  Massachusetts  US,960 Volkman Fork Unit 17,Natick,Massachusetts,Middlesex County,,00000,42.26044361216554,-71.36810583355637,120960.39,48491.09,66440
0a917278-62e9-eaac-21bc-3c33c225a36f,1921-10-04,,999-15-6996,S99933765,X08861405X,Mr.,Lavern240,,Prosacco716,,,D,white,nonhispanic,M,Sandwich  Massachusetts  US,500 Lehner Neck Suite 99,Malden,Massachusetts,Middlesex County,25017,02148,42.46082377452027,-71.02813965522952,122293.31,2930008.04,130279
4eb6d8e9-d762-ce27-8a54-6f7e18c1df04,1923-01-16,1995-08-03,999-35-2402,S99913281,X12007130X,Mr.,Ronnie7,Brendan864,Parisian75,,,M,white,nonhispanic,M,Worcester  Massachusetts  US,155 Torphy Parade Apt 34,Concord,Massachusetts,Middlesex County,,00000,42.423779672606045,-71.35300928764144,266925.02,2790739.27,72754
b27d3a29-3b87-3c3c-140b-2dd42b848ea1,1966-05-14,,999-62-7962,S99923040,X34302077X,Mr.,Jorge203,Rodrigo242,Vanegas191,,,M,black,hispanic,M,Tegucigalpa  Francisco Morazán  HN,1020 Weimann Forge Apt 84,Milton,Massachusetts,Norfolk County,25021,02186,42.25308721533738,-71.06773466573497,11217.24,225272.31,11794
12e58e30-fb69-605f-c523-e2024e80806a,1999-12-07,,999-82-2640,S99985340,X75644351X,Mr.,Sydney660,Chadwick722,Towne435,,,,white,nonhispanic,M,Grafton  Massachusetts  US,706 Champlin Gate,Sudbury,Massachusetts,Middlesex County,,00000,42.359530081777166,-71.406544663912,79795.54,5490.36,829848
d66c3c79-ca5b-8e79-9657-2ab74077a9ed,1974-06-05,2025-12-12,999-37-2598,S99984574,X40070725X,Mrs.,Lonna614,Bonita405,Wintheiser220,,Macejkovic424,M,white,nonhispanic,F,Westwood  Massachusetts  US,237 Reichert Mill Unit 39,Melrose,Massachusetts,Middlesex County,25017,02176,42.417188250769854,-71.0508526647512,623227.15,320376.61,89988
176cc6c8-e1e0-d6a4-4bff-6131762526d3,2012-10-21,,999-79-9746,,,,Issac619,King743,Parisian75,,,,white,nonhispanic,M,Munich  Bavaria  DE,733 West Alley,Malden,Massachusetts,Middlesex County,25017,02148,42.45410721263876,-71.07321337061879,33963.11,1913.68,143948
80abd2fd-3f95-540a-0ecf-bd5e250f21a9,1958-02-11,,999-33-4565,S99947210,X28008960X,Mrs.,Alla648,Yuriko393,Rowe323,,Koss676,M,white,nonhispanic,F,Tewksbury  Massachusetts  US,506 Balistreri Union Apt 72,Milton,Massachusetts,Norfolk County,25021,02186,42.22917603733028,-71.07980774352481,284362.69,139399.92,84397
ec706857-4dbb-0932-9409-498f80d254fc,2022-05-29,,999-54-6622,,,,Quinn173,Felipe97,Kuhic920,,,,white,nonhispanic,M,Braintree  Massachusetts  US,629 Nader Rest,Walpole,Massachusetts,Norfolk County,25021,02081,42.16546750290077,-71.24851328580786,7279.34,0.00,136311
e21fb623-b830-9b94-8c02-7f8db64266e9,2009-07-15,,999-82-7287,S99917620,,,Reginald96,Andy346,Botsford977,,,,white,nonhispanic,M,Chelsea  Massachusetts  US,792 Fadel Ranch Suite 89,Holyoke,Massachusetts,Hampden County,25013,01040,42.22664317596971,-72.66665953169756,45575.07,9085.96,43996
98657a66-6754-002b-2289-edbf844600af,1952-08-27,,999-60-9831,S99931181,X61472052X,Mrs.,Blanca837,Carmen818,Leal292,,Delacrúz637,W,white,hispanic,F,Ponce  Puerto Rico  PR,374 Becker Well Apt 87,Newton,Massachusetts,Middlesex County,25017,02459,42.318764201462166,-71.22257590941547,819846.43,285687.80,50431
7315fd12-773a-8b08-35e9-955815b74ae7,2014-06-08,,999-28-9141,,,,Britta584,Elna874,O'Kon634,,,,white,nonhispanic,F,Pittsfield  Massachusetts  US,1017 Schowalter Gardens,Plymouth,Massachusetts,Plymouth County,25023,02360,41.84267144420598,-70.66437490598818,38912.22,6067.81,39045
3602ac00-f220-8f07-c7f1-f889109171d9,2023-02-13,,999-84-5421,,,,Gregg522,Josue598,Nienow652,,,,white,nonhispanic,M,Amherst  Massachusetts  US,278 O'Reilly Run Unit 37,Shrewsbury,Massachusetts,Worcester County,,00000,42.259554012386516,-71.7504585492544,7310.63,6992.91,73877
028801af-3114-4476-a0dc-704856ceda17,2002-02-15,,999-87-2665,S99950746,X70262788X,Ms.,Leisha308,Bronwyn77,Bins636,,,,white,nonhispanic,F,Shrewsbury  Massachusetts  US,219 Stokes Camp Suite 29,Pembroke,Massachusetts,Plymouth County,,00000,42.08737562302848,-70.77766733331427,106652.74,146013.80,90194
ea7b6548-3ce6-29fe-6d68-d5bc28ba26c3,2021-11-12,,999-17-3605,,,,Rocky100,Christoper325,Hartmann983,,,,white,nonhispanic,M,Sterling  Massachusetts  US,669 Howell Passage Suite 7,Boston,Massachusetts,Suffolk County,25025,02152,42.399304003169526,-71.14777378200394,6802.23,5566.34,34123
d15f989a-8a98-0cdf-6872-5b38f34ff9e4,1978-09-05,,999-34-4607,S99973449,X44016930X,Mrs.,Cyndi533,Sharmaine326,D'Amore443,,Beer512,M,white,nonhispanic,F,Taunton  Massachusetts  US,118 Beer Loaf,Boston,Massachusetts,Suffolk County,25025,02111,42.26028584711689,-71.19946695537932,334747.28,183366.37,108938
ce83725d-3c05-66ca-5d44-af035c2d5da4,1974-06-05,,999-85-4802,S99982969,X01511937X,Mrs.,Lupe126,Alishia395,Hyatt152,,Erdman779,M,white,nonhispanic,F,Rehoboth  Massachusetts  US,983 Lindgren Plaza Apt 41,Melrose,Massachusetts,Middlesex County,25017,02176,42.428228732097125,-71.03985771581416,888798.74,14228.24,89988
323dcc02-d0a8-f852-ca96-973d38a90347,2015-10-23,,999-66-8882,,,,Tamica785,,Johnston597,,,,white,nonhispanic,F,North Andover  Massachusetts  US,466 Quigley Terrace Suite 89,Monument Beach,Massachusetts,Barnstable County,25001,02553,41.76065313638057,-70.62623396451828,37293.50,3240.56,46048
afef6606-63bd-2faf-efab-c4959797cce8,1916-10-08,2000-05-19,999-76-5993,S99946196,X49912782X,Mr.,Les282,Raul814,Parker433,,,S,white,nonhispanic,M,Lawrence  Massachusetts  US,934 Durgan Common,Wayland,Massachusetts,Middlesex County,,00000,42.400399621625276,-71.39901411793964,301083.36,378457.95,137946
0ffc5d9f-8a60-d0db-2721-a6a16b976cfd,1947-12-03,2002-10-05,999-93-4571,S99990196,X83988354X,Mrs.,Ewa95,Gloria696,Stamm704,,Hilll811,W,white,nonhispanic,F,Southbridge  Massachusetts  US,853 Kuhlman Annex,Montague,Massachusetts,Franklin County,,00000,42.58210014852435,-72.53683495567901,1128784.47,253038.71,99872
b8ef288c-f577-5628-6e98-6e90ca2908ff,1999-07-08,,999-81-1923,S99918626,X50787363X,Ms.,Kelsie51,Reva678,Volkman526,,,,white,nonhispanic,F,Gloucester  Massachusetts  US,1097 Schaden Drive,Leicester,Massachusetts,Worcester County,,00000,42.21760766654947,-71.94264690295792,305442.50,0.00,91576
46a1ceee-cf3f-ff06-66c5-979a723a6f59,1922-11-28,1985-06-03,999-99-4563,S99967344,X73743430X,Mr.,Norberto865,Christopher407,Moore224,,,W,white,nonhispanic,M,Boston  Massachusetts  US,257 Senger Path,Brockton,Massachusetts,Plymouth County,25023,02351,42.0837585886905,-71.00255838810129,324509.17,355357.36,51837
e50c0af5-07c0-b499-4387-c43231e4a424,1938-10-14,,999-32-1294,S99966914,X31538600X,Mr.,Ike571,,Gusikowski974,,,D,white,nonhispanic,M,Arlington  Massachusetts  US,306 Mayert Harbor,Bourne,Massachusetts,Barnstable County,25001,02532,41.74146676545694,-70.5500904139182,198632.67,1423428.22,256503
6d9182ba-3940-ffde-c9ef-9a9f3f1f7ddd,1997-09-29,,999-97-2838,S99923193,X77675900X,Mrs.,Alicia629,,Piña753,,Romero158,M,white,hispanic,F,Guatemala City  Guatemala  GT,355 Block Common,Danvers,Massachusetts,Essex County,25009,01937,42.56941795906289,-70.90514472607212,65140.93,823558.60,181208
2f13e342-d5d6-dcdf-1280-269d6693c6a8,1923-06-30,,999-17-5164,S99938674,X40261567X,Ms.,Nam74,,Schmidt332,,,S,white,nonhispanic,F,Worcester  Massachusetts  US,835 Kessler Camp Unit 72,Pittsfield,Massachusetts,Berkshire County,25003,01201,42.48998257994232,-73.2859424034091,326605.39,1301061.71,331248
c46c0ec1-a12a-4829-41c0-49918f426b61,1987-10-26,,999-25-1200,S99946475,X71369928X,Mr.,Jefferey580,,Russel238,,,D,white,nonhispanic,M,Agawam  Massachusetts  US,590 Kertzmann Byway Unit 16,Gardner,Massachusetts,Worcester County,25027,01440,42.55208419377236,-72.03204239010789,13298.48,248998.65,2947
e101e13e-d45f-b001-adc4-68f4b1c0d40e,1949-08-04,2017-07-10,999-46-6326,S99960822,X56307752X,Mrs.,Joleen561,Sheridan30,Schimmel440,,Weber641,D,white,nonhispanic,F,Arlington  Massachusetts  US,567 Champlin Row,West Dennis,Massachusetts,Barnstable County,25001,02670,41.66040848375732,-70.12550751788375,667674.94,789097.84,58161
f96a356f-fadf-e298-30ff-b2d052149945,2022-05-13,,999-63-8918,,,,Phillis443,Robbie31,Tromp100,,,,asian,nonhispanic,F,Saugus  Massachusetts  US,799 Hagenes Spur,Brockton,Massachusetts,Plymouth County,25023,02301,42.10248900649419,-70.99576173263203,6409.46,5096.57,107918
d9e5b504-b26b-3fa4-20e0-97f76f1b4cce,1986-04-30,,999-15-5658,S99915714,X42776532X,Mrs.,Tillie335,Taisha184,McCullough561,,Heller342,M,white,nonhispanic,F,Acton  Massachusetts  US,765 Muller Stravenue Suite 12,Tewksbury,Massachusetts,Middlesex County,,00000,42.602261288863374,-71.27662457505377,229455.72,761808.59,60947
31b0aa90-311e-7a19-b9cd-04e088732fd1,1936-11-13,,999-66-9500,S99925104,X58225164X,Mr.,Felipe97,Don899,Konopelski743,,,M,white,nonhispanic,M,Concord  Massachusetts  US,673 Brekke Green,Concord,Massachusetts,Middlesex County,,00000,42.427694532683034,-71.3491158490507,214874.74,294756.72,72754
55751919-10aa-03aa-593c-a03c20f66bae,1956-02-26,,999-37-1473,S99996303,X01205098X,Mr.,Harland508,,Rippin620,,,M,white,nonhispanic,M,Dracut  Massachusetts  US,283 Mertz Pathway,Haverhill,Massachusetts,Essex County,25009,01832,42.82335646568295,-71.03869099280632,11460.12,323381.62,4993
e9ff384e-c02a-45d4-99ce-0b7ea9321b66,2007-12-24,2009-05-26,999-88-8860,,,,Barney639,,Bradtke547,,,,white,nonhispanic,M,Randolph  Massachusetts  US,1030 Sipes Track Apt 13,Pembroke,Massachusetts,Plymouth County,,00000,42.109477132797295,-70.83562001012112,7835.28,17893.59,396809
9333b63d-4556-a605-874b-7a59ea61839d,2024-07-23,,999-64-5687,,,,Gayle448,Erich201,McClure239,,,,white,nonhispanic,M,Gardner  Massachusetts  US,277 Corkery Bypass,Lynn,Massachusetts,Essex County,25009,01904,42.550420451660244,-71.00057385293985,6511.77,0.00,50270
8d2d9f9d-a574-83d2-2786-f7854c670e81,1916-10-08,1999-07-28,999-82-2141,S99916755,X47129267X,Mr.,Taylor21,Jorge203,Nicolas769,,,M,white,nonhispanic,M,Oxford  Massachusetts  US,575 Fay Dale,Wayland,Massachusetts,Middlesex County,,00000,42.351312958111265,-71.37676765480195,155405.88,199874.54,137946
1967fac4-6ee6-fe0f-9d62-cb98582d3511,1971-04-15,,999-34-3884,S99932099,X73658437X,Mr.,Vincent299,Wilfred787,Schmidt332,,,S,white,nonhispanic,M,Lawrence  Massachusetts  US,450 Marvin Alley,Sudbury,Massachusetts,Middlesex County,,00000,42.37868903822453,-71.4601192332095,171041.52,21614.17,147846
ac58b76f-c6ab-4c41-8b13-15fb1f8f437e,1947-12-03,,999-44-5970,S99961117,X25679357X,Mrs.,Lavera253,Nilda678,Weimann465,,Hilpert278,M,white,nonhispanic,F,Haverhill  Massachusetts  US,792 Olson Gardens,Montague,Massachusetts,Franklin County,,00000,42.5679378589878,-72.5228132321402,1130589.58,285323.93,99872
9907320f-2c39-9150-d0f7-0ee3bd28e2f8,2007-12-24,,999-29-1419,S99988849,,Mr.,Darius626,Gregorio366,Maggio310,,,,white,nonhispanic,M,Springfield  Massachusetts  US,942 Dietrich Spur,Pembroke,Massachusetts,Plymouth County,,00000,42.107204053490825,-70.83240235913875,54993.43,0.00,396809
423551ca-3bd2-10e9-9ba9-b0647000601b,1956-07-31,,999-94-2992,S99939249,X44007827X,Mrs.,Merna69,Alysa236,O'Connell601,,Miller503,M,white,nonhispanic,F,Agawam  Massachusetts  US,670 Veum Viaduct Suite 64,Middleborough,Massachusetts,Plymouth County,,00000,41.925957221810485,-70.91283967427039,662357.64,108518.69,117987
0224d2e8-ec20-4bda-d4fe-bdca8ac6983c,1949-02-21,2008-12-10,999-92-7885,S99934817,X09419813X,Mrs.,Renda520,Jacalyn740,McKenzie376,,Cassin499,M,white,hispanic,F,Boston  Massachusetts  US,362 Romaguera Lock,Revere,Massachusetts,Suffolk County,25025,02151,42.45854492626464,-70.97246608000931,16989.39,833201.91,16510
7b664482-d01a-027b-9d88-4b251a20b546,1997-12-05,,999-72-4012,S99997851,X06388427X,Mrs.,Verónica383,Carolina179,Duarte203,,Delatorre612,M,white,hispanic,F,San Jose  San Jose  CR,118 Corkery Estate,Springfield,Massachusetts,Hampden County,25013,01199,42.0387300281896,-72.54820513419992,132375.08,736284.62,27573
c657c3c7-1fde-6f51-8f00-97fe57b2b92f,2019-09-29,,999-17-8416,,,,Chas63,Sherwood961,O'Kon634,,,,white,nonhispanic,M,Ashland  Massachusetts  US,846 Krajcik Flat,Boston,Massachusetts,Suffolk County,25025,02118,42.328813473886534,-71.1638147469295,13498.77,0.00,102752
a59d362c-d18e-53d5-3545-ad8438a3afad,1922-11-28,2001-07-10,999-38-8912,S99921403,X32539060X,Mr.,Kurtis994,Berry486,Lynch190,,,M,white,nonhispanic,M,Springfield  Massachusetts  US,730 Gerlach Road,Brockton,Massachusetts,Plymouth County,25023,02351,42.05374356880549,-71.0121114526087,300176.54,147321.78,51837
8bf5b366-5abb-ab7b-678e-4d5d31c07a0a,2004-01-27,,999-62-7937,S99964878,X18585936X,Mr.,Rolf983,,Kerluke267,,,,white,nonhispanic,M,North Attleborough  Massachusetts  US,968 Nitzsche Esplanade Suite 26,Egremont,Massachusetts,Berkshire County,,00000,42.18547788574031,-73.43954485808261,40374.29,12512.97,44635
4224e8c8-d6d4-5245-74d2-bfdcdeec57dd,2001-01-12,,999-46-3883,S99932537,X99502180X,Ms.,Candance389,Janessa317,Zemlak964,,,,white,nonhispanic,F,Boston  Massachusetts  US,150 Rohan Dale,Barnstable,Massachusetts,Barnstable County,25001,02635,41.62373687704329,-70.42647028626936,122836.83,266228.94,24018
0f50620f-ead3-e83c-e737-142bbe7f9f4e,2009-07-23,,999-57-8886,S99961037,,,Maida946,Wilda367,Rosenbaum794,,,,white,nonhispanic,F,Braintree  Massachusetts  US,767 Stoltenberg Rue Apt 87,Wareham Center,Massachusetts,Plymouth County,,00000,41.712339667279515,-70.71510572358652,3287.03,33505.64,17209
b6c69dfb-21e2-9af6-124e-e58949bb4ace,1994-09-22,1997-10-14,999-71-8384,,,,Vincenzo126,Delmer311,Ritchie586,,,,asian,nonhispanic,M,Beijing  Beijing Municipality  CN,896 Strosin Spur,Dartmouth,Massachusetts,Bristol County,,00000,41.57157430427234,-70.91278586017282,1200.00,5674.84,19158
1761fb84-f1f5-0689-effb-9c5a3499a670,1922-11-28,1954-09-15,999-80-4332,S99971755,X07130918X,Mr.,August363,Tyler508,Wintheiser220,,,S,white,nonhispanic,M,Acushnet  Massachusetts  US,361 Langosh Ramp Unit 85,Brockton,Massachusetts,Plymouth County,25023,02301,42.08710556217323,-70.97813138084902,165296.57,0.00,51837
3c985b7d-79c3-6b6d-8a78-36ca43fd048c,1972-01-21,,999-97-5427,S99996468,X47611088X,Mr.,Sung603,Ezra452,Marks830,,,S,white,nonhispanic,M,New Bedford  Massachusetts  US,749 Frami Course Unit 24,Needham,Massachusetts,Norfolk County,25021,02494,42.27760096761992,-71.25940103283709,96632.88,78147.18,44705
49554b45-2f2c-9309-80ee-50844961bcfa,1994-09-22,,999-34-1120,S99996747,X22152000X,Mr.,Jamie386,Hung902,Brekke496,,,M,asian,nonhispanic,M,Macau  Macao Special Administrative Region of the People's Republic of China  CN,459 Funk Bypass Unit 96,Dartmouth,Massachusetts,Bristol County,,00000,41.54640171982241,-70.97911134849541,5891.72,82959.71,19158
3fcf040a-76a4-86a1-2e3a-1677e1db5b03,1960-08-06,,999-16-7562,S99971406,X36153597X,Mr.,Zachary28,,Hamill307,,,D,white,nonhispanic,M,Worcester  Massachusetts  US,572 Rice Tunnel Suite 56,Pittsfield,Massachusetts,Berkshire County,25003,01201,42.4468208899578,-73.2121246854883,11666.68,208470.88,2981
8161bee0-c371-3610-2607-1e70c80761d5,1984-06-20,,999-46-4919,S99956935,X76097033X,Mr.,Denver542,Seymour882,Goodwin327,,,S,white,nonhispanic,M,Athol  Massachusetts  US,347 Moore Ramp Suite 13,Acton,Massachusetts,Middlesex County,,00000,42.4555257504477,-71.39231148032805,428957.68,343851.83,107559
53b02ccf-571b-3021-91f7-ae9b5f14d110,1962-04-21,,999-63-2446,S99988619,X81969824X,Mr.,Luis923,Reginald96,Zulauf375,,,M,white,nonhispanic,M,Natick  Massachusetts  US,1094 Hills Spur Unit 63,Wareham,Massachusetts,Plymouth County,,00000,41.74188861405381,-70.69111969258992,192784.04,136478.21,28608
bd787b3d-86c4-e878-6180-e73adfdca196,1916-10-08,1999-06-06,999-96-1490,S99913914,X32193038X,Mr.,Conrad619,Barry322,Hyatt152,,,D,white,nonhispanic,M,Brookline  Massachusetts  US,364 Gleason Dam,Wayland,Massachusetts,Middlesex County,,00000,42.41019867205923,-71.38804685002917,158957.72,142973.23,137946
142ac38c-2ac5-0913-eb1e-eaaa2cf14c10,1995-07-17,,999-34-2489,S99948989,X28671581X,Mrs.,Silvana620,Dotty422,Conroy74,,Daniel959,M,asian,nonhispanic,F,Malden  Massachusetts  US,476 Brown Wall,Stoneham,Massachusetts,Middlesex County,25017,02180,42.436940982261625,-71.13628008453793,173695.07,630389.28,63954
4cdb8714-cce2-c33c-b0a6-6db93f5d5ea1,1982-04-15,,999-52-2162,S99916210,X20798575X,Ms.,Carman694,Jessie665,Gorczany269,,,S,hawaiian,nonhispanic,F,Boston  Massachusetts  US,809 Hilll Forge Unit 62,Randolph,Massachusetts,Norfolk County,25021,02368,42.15950536510595,-71.10034120374938,375294.32,471445.17,43342
293f4a60-43d3-bbad-d331-6f7dc564a12f,1977-10-07,,999-81-8500,S99970948,X90709886X,Mrs.,Laquanda221,Larue605,Swaniawski813,,Shanahan202,M,white,nonhispanic,F,Fitchburg  Massachusetts  US,673 Russel Park,Waltham,Massachusetts,Middlesex County,25017,02453,42.43076171414242,-71.2625317769146,335341.52,1134616.28,136876
a1c0b0bf-53f7-e0c5-5c93-b6d178e8b637,1983-05-31,,999-50-5278,S99973305,X38325474X,Mr.,Eldon28,,Runolfsdottir785,,,D,white,nonhispanic,M,Dracut  Massachusetts  US,612 Keeling View Unit 50,Chelmsford,Massachusetts,Middlesex County,,00000,42.55845624784965,-71.36237835347697,55934.19,61794.87,180988
dfb189c5-0d3b-98ae-2309-a8b1a3898fc8,1949-02-21,,999-35-6211,S99964655,X74965450X,Mrs.,Versie644,Darcey370,Mertz280,,Simonis280,M,white,hispanic,F,Marlborough  Massachusetts  US,1008 Hayes Skyway Apt 59,Revere,Massachusetts,Suffolk County,25025,02151,42.444911564660636,-71.03852090849321,28659.21,1251118.29,16510
152e94a9-de88-2f60-b782-e640f500535f,1946-09-03,2013-06-12,999-88-6606,S99971204,X31947640X,Mr.,Josue598,Freddy176,DuBuque211,,,M,white,nonhispanic,M,Lyon  Auvergne-Rhone-Alpes  FR,940 Frami Lock,Chelsea,Massachusetts,Suffolk County,25017,02149,42.450749588418574,-71.0167860674319,494747.26,492557.75,65809
5f90ad56-c009-f822-e43b-1e3d9ab685a5,1964-10-26,,999-89-1947,S99944480,X57281921X,Mrs.,Flora200,Hiedi833,Marquardt819,,Von197,D,other,nonhispanic,F,Worcester  Massachusetts  US,916 Ratke Track Suite 16,Westwood,Massachusetts,Norfolk County,,00000,42.25333565009605,-71.22322954669696,625218.92,330871.41,116602
b9c9f483-c261-9f41-94a4-4742edf2150a,2006-01-10,,999-65-5744,S99927452,X82106140X,Mr.,Alva958,Jason347,Gorczany269,,,,white,hispanic,M,Taunton  Massachusetts  US,745 Jones Gate Suite 65,Boston,Massachusetts,Suffolk County,25025,02210,42.39716365536442,-70.9881450509332,61141.72,15067.36,32994
befbadd1-acf6-3cec-cbaf-b0944c7736c7,1922-11-28,1987-06-26,999-62-2810,S99916324,X57841938X,Mr.,Lynn917,Darryl392,King743,,,M,white,nonhispanic,M,Kingston  Massachusetts  US,933 Dickens Union,Brockton,Massachusetts,Plymouth County,25023,02301,42.05521327337556,-71.08395909599307,222827.68,33331.24,51837
3e84ac97-f192-bd70-104b-bc36059f9171,1988-04-19,2012-09-23,999-38-1017,S99948830,X24828196X,Ms.,Leilani136,Priscila9,Kuhlman484,,,,white,hispanic,F,Newburyport  Massachusetts  US,938 Lynch Overpass Unit 3,Boston,Massachusetts,Suffolk County,25025,02110,42.394952312505005,-71.10960240419885,8061.44,427466.51,10316
e8c477cb-c457-63ee-5d42-a9a03e08e0e9,2022-06-23,,999-84-5897,,,,Adrian111,Eugenio846,Carroll471,,,,white,nonhispanic,M,Bourne  Massachusetts  US,724 Lubowitz Stravenue,Paxton,Massachusetts,Worcester County,,00000,42.29550142207566,-71.94047061696168,7244.33,0.00,117702
6e6c7571-a9ef-9ccc-3ecd-34aa2f7f3068,1944-10-15,,999-34-3424,S99972055,X22280332X,Mrs.,Margeret29,Valarie790,DuBuque211,,Kub800,D,white,hispanic,F,Holland  Massachusetts  US,301 Lehner Gate,Lynn,Massachusetts,Essex County,25009,01907,42.43757342690159,-71.01190343177007,88823.51,2239363.34,10309
a0fe0464-c492-2e8c-b50c-d9217ab5c896,1998-05-07,,999-39-5369,S99935630,X08295684X,Mr.,Joseph689,,Schuppe920,,,M,white,nonhispanic,M,Rockland  Massachusetts  US,1063 Batz Skyway Suite 87,Bridgewater,Massachusetts,Plymouth County,25023,02324,41.935364518446306,-70.97496546895476,89233.65,45978.31,939196
cadd05e1-6bc5-2d83-ee96-649d1190d8a4,1953-04-05,,999-14-6618,S99991632,X40587822X,Mrs.,Blondell454,Florence828,Bruen238,,Ritchie586,M,white,nonhispanic,F,Northbridge  Massachusetts  US,313 Schumm Tunnel Apt 82,Duxbury,Massachusetts,Plymouth County,25023,02332,42.09036600407903,-70.68932153604548,788666.03,860754.60,110929
63b6ccda-daa9-0551-3562-8506cc86f904,1949-08-04,,999-24-7274,S99949617,X54502565X,Mrs.,Nancie476,,Dickens475,,O'Hara248,M,white,nonhispanic,F,Monson  Massachusetts  US,1026 Senger Parade Apt 58,West Dennis,Massachusetts,Barnstable County,25001,02670,41.614043858369016,-70.20312160032474,732977.23,1043396.81,58161
f9c366ab-9fed-8314-d541-5cdc3e37c811,1990-07-26,,999-49-6580,S99961917,X20540012X,Mrs.,Gabriele201,Sandie760,Bashirian201,,Greenholt190,M,white,nonhispanic,F,Franklin  Massachusetts  US,661 Leannon Crossroad Unit 57,Milton,Massachusetts,Norfolk County,25021,02186,42.2892324381179,-71.03581907348045,11900.12,500612.13,17201
63460ec4-855a-e3d5-b3f0-f50e17877c9f,1916-10-08,1975-06-01,999-49-3772,S99913219,X24106698X,Mr.,Renato359,Jamison785,Howe413,,,M,white,nonhispanic,M,Boston  Massachusetts  US,769 Ziemann Avenue,Wayland,Massachusetts,Middlesex County,,00000,42.33652907115596,-71.38092899633605,142892.05,44308.41,137946
57b393bf-cb4b-8361-ea88-b24e670e6ba6,2016-09-26,,999-38-5306,,,,Antonio44,Ehtel928,Dicki44,,,,white,nonhispanic,F,Yarmouth  Massachusetts  US,539 Bogan Camp,North Adams,Massachusetts,Berkshire County,25003,01247,42.67777188642418,-73.0645557946635,14757.46,23506.16,27252
b677266b-41e6-04aa-bf07-5efcdd75f6c1,1988-04-19,,999-81-5928,S99955372,X66766883X,Mrs.,Cathie710,Chris95,Okuneva707,,Jacobs452,M,white,hispanic,F,Plymouth  Massachusetts  US,480 Feeney Harbor Suite 14,Boston,Massachusetts,Suffolk County,25025,02130,42.26479918330387,-71.14226876155341,10976.73,538425.89,10316
1a3f5fbb-f0a8-c035-8dd4-9e7aaab96755,2012-02-03,,999-92-6930,,,,Theda286,Tobi258,Jones311,,,,white,nonhispanic,F,Burlington  Massachusetts  US,139 Hartmann Route,Middleton,Massachusetts,Essex County,,00000,42.650881564414966,-71.01486966236162,48327.03,4025.69,360111
72359899-9dac-b1c0-a2ff-cc771d09b648,1962-01-24,,999-27-6105,S99924181,X85622368X,Mrs.,Alise864,Holli554,Harber290,,Klein929,M,white,hispanic,F,Boston  Massachusetts  US,229 Mertz Frontage road Unit 67,Springfield,Massachusetts,Hampden County,25013,01128,42.15948362299139,-72.54164196044776,389995.96,228796.18,116236
e10ebae8-9d64-64a3-6022-7c80d91a0e5b,1993-08-13,,999-62-1437,S99941612,X97677130X,Ms.,Debera99,Tomasa683,Von197,,,S,white,nonhispanic,F,Danvers  Massachusetts  US,223 Volkman Vale,Boston,Massachusetts,Suffolk County,25025,02199,42.30533214336248,-71.10853609980575,128044.50,252406.09,89416
c6e92b18-9ba6-e835-e0cc-94e08eac5bf7,1932-08-04,2018-05-01,999-63-1882,S99932874,X27471618X,Mr.,Donovan745,Lauren941,Walsh511,,,M,white,nonhispanic,M,Marblehead  Massachusetts  US,379 Osinski Passage,Dunstable,Massachusetts,Middlesex County,,00000,42.66068053904486,-71.4753965193731,295766.71,4430315.45,86423
d7be8092-3fd5-221b-f0c5-b9e2fe655f61,1983-07-16,,999-28-8213,S99942363,X18445243X,Mrs.,Shirleen968,Dann525,Kling921,,Buckridge80,M,white,nonhispanic,F,Everett  Massachusetts  US,333 Weber Hollow Unit 11,Newton,Massachusetts,Middlesex County,25017,02462,42.296636788925404,-71.23308778574987,227400.82,477113.78,93364
88053a6d-c356-70ad-d865-5e7d89afcf15,1926-09-07,,999-98-9930,S99919563,X43317467X,Mrs.,Daisey627,Dorie139,Heaney114,,Douglas31,W,white,nonhispanic,F,West Springfield  Massachusetts  US,461 Wyman Light,Westfield,Massachusetts,Hampden County,25013,01086,42.17190061745945,-72.78071280135748,552016.17,229891.97,61766
d869ab6a-8c10-881f-c0a7-a01ee7649ee0,1993-01-14,,999-34-9624,S99988862,X35620042X,Mr.,Tyler508,Von197,Greenholt190,,,M,white,nonhispanic,M,Larissa  Larissa Prefecture  GR,433 Mosciski Dam,Billerica,Massachusetts,Middlesex County,,00000,42.53914265540815,-71.21450376603036,96150.13,12439.54,131657
49df51cf-d1e2-17e6-6d34-2ca0fc87ce67,1946-09-03,2009-12-21,999-44-5288,S99979582,X38856123X,Mr.,Jarrett354,,Walter473,,,M,white,nonhispanic,M,Marseille  Provence-Alpes-Cote d'Azur  FR,507 Gibson Wall,Chelsea,Massachusetts,Suffolk County,25025,02150,42.39908376994338,-71.010146341583,186772.80,81617.82,65809
6d6fba7d-f3ac-86b6-d817-a0a28e4d99cf,1916-10-08,1972-09-16,999-47-3371,S99996822,X25265867X,Mr.,Barrett790,Greg949,Sanford861,,,S,white,nonhispanic,M,Quincy  Massachusetts  US,913 Kunde Loaf Unit 32,Wayland,Massachusetts,Middlesex County,,00000,42.38927572263123,-71.3407907510995,194142.77,621125.00,137946
0a834798-4391-5937-48f9-e061f426661d,1984-06-20,,999-55-8990,S99915625,X12143817X,Mr.,Renato359,Josef103,Kuhlman484,,,S,white,nonhispanic,M,Springfield  Massachusetts  US,232 Schiller Rapid Apt 58,Southampton,Massachusetts,Hampshire County,,00000,42.195819601121855,-72.74941126875477,130469.12,17260.33,53024
f6ef43e0-ad51-4c38-38d6-d4c12950a62d,2002-08-20,,999-25-8156,S99975385,X71704758X,Mr.,Deangelo7,Samual455,Farrell962,,,,white,nonhispanic,M,Belmont  Massachusetts  US,534 Ward Flat Suite 78,Beverly,Massachusetts,Essex County,25009,01915,42.61351677362039,-70.86453156680552,5613.05,77417.10,20906
355d4074-f25f-e934-fdc0-413d1c8d6819,1975-11-23,,999-29-1297,S99914815,X96507276X,Mr.,Allen322,,Bradtke547,,,M,white,nonhispanic,M,Northborough  Massachusetts  US,1094 Hermiston Path Unit 69,Worcester,Massachusetts,Worcester County,25027,01609,42.26407084923939,-71.78235839981268,50797.56,97466.47,211253
7271ba7d-5949-0667-505a-f77ce97b78da,1980-04-10,,999-39-9548,S99993200,X49470506X,Mr.,Ronnie7,Darrick836,Wolff180,,,M,white,nonhispanic,M,Reading  Massachusetts  US,1036 Witting View,Boston,Massachusetts,Suffolk County,25025,02152,42.324756250703395,-71.068445776356,99518.83,609.92,59929
0acae6c0-432f-b8b2-5b1f-7b7967330225,2011-04-19,,999-66-9537,,,,Darci883,Sheryll569,Lindgren255,,,,asian,nonhispanic,F,Bangalore  Karnataka  IN,565 Fritsch Wall Apt 12,Braintree,Massachusetts,Norfolk County,25021,02184,42.17586989392784,-70.98794219942023,33328.97,47759.61,85564
ee94ebe1-99a5-b555-c98b-4ee845cb36c9,2002-03-12,,999-74-4127,S99960608,X99498025X,Ms.,Kassandra256,Vinita997,Macejkovic424,,,,white,nonhispanic,F,Marlborough  Massachusetts  US,289 Heathcote Ramp Unit 75,Tewksbury,Massachusetts,Middlesex County,,00000,42.63296892089031,-71.23803275987703,93509.69,186260.72,90793
3df45e57-a9aa-db33-fc37-704aeb936cc0,2005-04-05,,999-81-8288,S99986448,X80067766X,Ms.,Tarsha65,Nerissa37,Stark857,,,,white,nonhispanic,F,Marlborough  Massachusetts  US,281 Dach Knoll Suite 6,Amherst Center,Massachusetts,Hampshire County,,00000,42.39219791522396,-72.48528794451423,4795.86,91317.16,13012
6b22d3b1-982a-ef06-21b4-91e3d16774d9,1944-07-22,,999-88-7299,S99969093,X95231800X,Mrs.,Hannelore734,Maricela194,Leuschke194,,Kerluke267,D,asian,nonhispanic,F,Daegu  Daegu  KR,677 Hayes Drive,Foxborough,Massachusetts,Norfolk County,25021,02035,42.038484059385915,-71.22610841590183,258053.91,490271.86,122243
012e0be2-e959-0ac6-7672-314de01a3168,1967-12-20,2022-12-06,999-74-4289,S99943601,X35891981X,Mrs.,Bernadine674,Lisandra920,Lowe577,,Hartmann983,M,white,nonhispanic,F,Mansfield Center  Massachusetts  US,488 Hermiston Run,Fitchburg,Massachusetts,Worcester County,25027,01420,42.63171077239243,-71.83917618916891,197410.18,592526.58,28032
09f74d4a-5896-baa8-7a70-4feb326715c6,1922-11-28,,999-28-6253,S99961526,X72807216X,Mr.,Samual455,,Wilkinson796,,,S,white,nonhispanic,M,Athol  Massachusetts  US,388 Larkin Lock,Brockton,Massachusetts,Plymouth County,25023,02302,42.051480444251354,-71.00121626215741,215465.22,972671.66,51837
9cc94a2f-280b-e606-fde9-13e02e77fbd8,2005-09-18,,999-87-5273,S99910099,X19347063X,Ms.,Socorro465,Sharice315,Johns824,,,,white,nonhispanic,F,Saugus  Massachusetts  US,900 Eichmann Pathway Unit 21,Salisbury,Massachusetts,Essex County,25009,01952,42.80626489087405,-70.80487287120752,99337.04,614553.18,82667
77aa1974-9417-67d1-5f33-e3ea9660be8f,1989-11-18,,999-98-7644,S99925017,X02387130X,Mrs.,Ora550,Lashay246,Ward668,,Kulas532,M,white,nonhispanic,F,Cambridge  Massachusetts  US,636 Hauck Vista Apt 1,Reading,Massachusetts,Middlesex County,25017,01801,42.48984126132853,-71.12419015116942,190430.04,174894.84,137656
38475fc1-983a-f284-d37f-f4ab755294d2,1981-11-08,,999-50-1002,S99916121,X06259335X,Mr.,Eugene421,Carlo647,Crona259,,,M,white,nonhispanic,M,Abington  Massachusetts  US,1064 Miller Union Apt 50,Franklin,Massachusetts,Norfolk County,25021,02038,42.10538130608153,-71.36581204464851,165205.90,646022.18,126563
d821ce64-82d1-8036-6eae-60e74eaa60b5,1997-10-29,,999-32-1628,S99929450,X47618349X,Mrs.,Evangeline16,Lien262,Dach178,,Aufderhar910,M,white,nonhispanic,F,Acton  Massachusetts  US,878 Waelchi Alley,Methuen,Massachusetts,Essex County,25009,01844,42.72171056822603,-71.1754128342376,168455.17,168230.19,107349
be319332-6416-380e-647f-de664140763f,1946-09-03,,999-46-6413,S99953143,X52803439X,Mr.,Kenneth671,Sergio619,Erdman779,,,M,white,nonhispanic,M,Lyon  Auvergne-Rhone-Alpes  FR,420 Welch Flat,Chelsea,Massachusetts,Suffolk County,25025,02150,42.411531403850624,-71.01030102844271,159288.08,408686.13,65809
3e4fc731-5d10-d9f8-794f-a6f7f9fc416c,1964-02-17,2009-11-03,999-44-8296,S99995741,X48545697X,Mr.,Eldridge510,Hosea56,Metz686,,,S,white,nonhispanic,M,Malden  Massachusetts  US,917 Schaefer Wall Suite 50,Taunton,Massachusetts,Bristol County,25005,02718,41.926163550547,-71.04371244542394,844161.62,0.00,118722
765ef181-43d8-cab2-5111-9b40bb0a9e1c,2003-01-19,,999-86-9961,S99944557,X19225389X,Mr.,Wilburn655,,Bechtelar572,,,,white,nonhispanic,M,Westport  Massachusetts  US,771 Kautzer Course,Monument Beach,Massachusetts,Barnstable County,25001,02553,41.68480820270025,-70.65691200543097,91099.63,12658.97,495745
7a4d83c6-01e1-09a2-98ab-91d5632e4bad,1999-11-12,,999-36-3354,S99995241,X54972168X,Ms.,Trena506,Eddie505,Wuckert783,,,,asian,nonhispanic,F,Daegu  Daegu  KR,1081 Vandervort Course,Lexington,Massachusetts,Middlesex County,25017,02420,42.45562969719668,-71.24435023959192,350992.74,30405.76,78308
a07bd706-c495-35ce-406f-cb3cd5308ad0,1995-07-13,,999-45-7706,S99967569,X61155009X,Mr.,Collin529,,Murphy561,,,M,white,nonhispanic,M,Taunton  Massachusetts  US,816 Jacobson Green Apt 39,Chelsea,Massachusetts,Suffolk County,25017,02149,42.43413512238021,-71.01307063463629,39403.83,741069.56,41885
ccf5840c-42e3-02cc-1d8c-4bc4920c8de8,2011-02-11,,999-44-7450,,,,Neil122,Markus389,Nader710,,,,black,nonhispanic,M,Agawam  Massachusetts  US,215 Lindgren Heights Apt 62,Boston,Massachusetts,Suffolk County,25025,02128,42.355432988995226,-71.02834411892267,2964.42,63335.00,22112
520fbebc-c4c5-8ae9-6504-698088bbd0db,1996-09-16,,999-79-7798,S99911492,X98419556X,Mr.,Shayne60,Anibal473,Skiles927,,,M,asian,nonhispanic,M,Newton  Massachusetts  US,184 Schulist Run,Medford,Massachusetts,Middlesex County,25017,02145,42.44298388343357,-71.10033091658757,56346.20,24190.30,48082
c43fe38c-a4fe-fe38-9b23-4bdddf6285b6,1967-12-20,,999-45-6425,S99942366,X53600776X,Mrs.,Tillie335,Dania217,Baumbach677,,Ledner144,M,white,nonhispanic,F,Pittsfield  Massachusetts  US,813 Kling Quay Suite 37,Fitchburg,Massachusetts,Worcester County,25027,01420,42.548353987955096,-71.8458556436913,278908.55,319337.42,28032
e59c6c8e-14f8-19a1-9420-da62c89edc5d,2004-06-27,,999-28-8262,S99946447,X78266995X,Ms.,Lezlie553,Dalila583,Farrell962,,,,white,nonhispanic,F,Waltham  Massachusetts  US,327 Quitzon Corner Suite 0,Bourne,Massachusetts,Barnstable County,25001,02532,41.75035531965757,-70.54760008569188,100496.06,116005.80,82897
fab05dde-111c-4f1c-185c-831ed067a957,1964-07-05,,999-78-5398,S99990422,X14765756X,Mr.,Abdul218,Faustino767,Rodriguez71,,,M,white,nonhispanic,M,Springfield  Massachusetts  US,602 Schmidt Meadow Suite 11,Lakeville,Massachusetts,Plymouth County,,00000,41.82279896253256,-70.94656836700156,147811.60,56599.54,94542
85ca60e9-94cd-1d5a-6efb-ab0f792c5288,2006-07-22,,999-90-3411,S99998284,X67631156X,Mr.,Eldon28,Yong583,Smith67,,,,white,nonhispanic,M,Quincy  Massachusetts  US,540 Nolan Arcade Suite 70,South Hadley,Massachusetts,Hampshire County,,00000,42.230039266796126,-72.53431506709603,83502.28,29505.50,145153
2a2ebc58-1c5b-1be6-8888-3309fc612b83,1974-06-12,,999-20-8432,S99930513,X16202755X,Mr.,Ollie731,Geraldo282,Toy286,,,M,white,nonhispanic,M,Chicopee  Massachusetts  US,542 Lesch Orchard Suite 77,Gloucester,Massachusetts,Essex County,25009,01930,42.641197693891556,-70.73361969888934,477132.62,244530.28,71909
4f636649-194d-d874-45df-c47b04cbcfac,1975-11-01,,999-50-8460,S99985059,X78230054X,Mrs.,Iris667,Vivien121,Rohan584,,Sanford861,M,white,nonhispanic,F,Wayland  Massachusetts  US,305 Maggio Rue Suite 36,Everett,Massachusetts,Middlesex County,25017,02148,42.41494696014054,-71.038095993474,509979.60,290566.40,99079
9d31c93a-6fa9-dc7a-5003-7d63aae6745d,2007-09-19,,999-16-1274,S99940544,,Ms.,Latarsha812,Elease461,Padberg411,,,,white,nonhispanic,F,Taunton  Massachusetts  US,203 Donnelly Bay Suite 13,Chelmsford,Massachusetts,Middlesex County,,00000,42.5963842004681,-71.39605582149484,39639.54,75463.72,126229
bbbc4fb4-d8c1-f8a1-8547-be5ed3a1be2b,2005-01-03,,999-28-5809,S99961816,X22768063X,Mr.,Hershel911,Benito209,Cole117,,,,white,nonhispanic,M,Plymouth  Massachusetts  US,891 Lesch Arcade Apt 67,Bridgewater,Massachusetts,Plymouth County,25023,02324,42.02155850937089,-71.00462080482116,66186.62,35980.17,73318
320b1722-f1cc-b4bd-84dc-703a41896fdb,2016-09-13,,999-11-2198,,,,Laurence43,Li461,Hamill307,,,,white,nonhispanic,F,Springfield  Massachusetts  US,149 Leannon Way,Lakeville,Massachusetts,Plymouth County,,00000,41.83107966379654,-70.99159232819157,7255.58,35407.01,100477
aad5967a-a2d8-1d40-eedc-f0266f1625f3,1999-09-05,,999-39-1136,S99964402,X15282388X,Ms.,Lilia791,Lola232,Garrido242,,,,white,hispanic,F,Panama City  Panama  PA,307 Schulist Trail,Boston,Massachusetts,Suffolk County,25025,02122,42.22875506716932,-71.14425528255485,85050.85,27734.85,60781
4cf1cff5-98d1-0e6b-cc10-f743bcd35991,1979-03-04,,999-48-3756,S99947760,X88773592X,Mr.,Rogelio17,Eldridge510,Pollich983,,,M,white,nonhispanic,M,Holyoke  Massachusetts  US,617 Hansen Overpass,Belmont,Massachusetts,Middlesex County,25017,02478,42.439073013835994,-71.19879454238098,128507.83,24184.20,63704
20467dc8-54fd-dec4-2756-f6f3e97a522f,1944-08-30,2005-11-20,999-50-4011,S99936175,X49053113X,Mr.,Johnie961,Gerard367,Roberts511,,,D,white,nonhispanic,M,Raynham  Massachusetts  US,1027 Dooley Viaduct,Fitchburg,Massachusetts,Worcester County,25027,01420,42.56763209454878,-71.86507378994607,182549.22,47814.84,80760
9d72d1d9-3b9e-0280-4fb3-067f7326bab9,1991-10-24,,999-81-5265,S99997967,X78354354X,Mr.,Kent912,Jamie386,Kling921,,,M,white,nonhispanic,M,Lawrence  Massachusetts  US,509 Grimes Mews,Norwood,Massachusetts,Norfolk County,25021,02062,42.18614325508605,-71.15325820258626,71940.82,4680.81,61425
42f68969-0bbd-c4aa-a1a7-b9cf99956e34,1973-08-29,,999-73-1908,S99959179,X18279363X,Mr.,Bernardo699,Bernardo699,Funk324,,,M,white,nonhispanic,M,New Marlborough  Massachusetts  US,698 Mayert Highlands Suite 35,Boston,Massachusetts,Suffolk County,25025,02136,42.34947502398712,-71.09229244960387,83780.78,11780.46,30976
f6b8bf23-54db-073c-015a-bafc675c675e,2003-09-04,,999-23-8422,S99962373,X54086926X,Mr.,Manuel446,,Johnson679,,,,white,nonhispanic,M,Weymouth  Massachusetts  US,635 Beier Annex,Scituate,Massachusetts,Plymouth County,25023,02066,42.19716040218776,-70.72080634499041,63474.43,22859.02,612191
c5ff4499-af62-8699-6a79-4394f80f8a49,2018-01-01,,999-53-1564,,,,Marshall526,Terrance440,Halvorson124,,,,white,nonhispanic,M,Stoneham  Massachusetts  US,1038 Yost Manor,Brockton,Massachusetts,Plymouth County,25023,02351,42.127420091630206,-70.91670943166021,16639.52,19655.61,60862
c323def7-5df6-c81d-1895-cd0e2fe29020,1976-03-26,,999-15-4769,S99956592,X47110435X,Mrs.,Augusta206,Janean397,Grimes165,,Davis923,M,white,nonhispanic,F,Woburn  Massachusetts  US,290 Waters Alley Suite 2,Newburyport,Massachusetts,Essex County,25009,01951,42.807318529672976,-70.84798573066371,568985.13,553143.50,50625
c6a6100d-1f9b-5c2f-99d3-d93278d50793,1916-10-08,2006-05-15,999-30-7422,S99914686,X11090777X,Mr.,Tim88,,Torp761,,,S,white,nonhispanic,M,Boston  Massachusetts  US,839 Morar Stravenue Apt 81,Wayland,Massachusetts,Middlesex County,,00000,42.38209566956138,-71.39590366970494,262189.61,997130.98,137946
e53db8c6-698d-e02b-9c50-2f53368527dd,2022-11-30,,999-28-1893,,,,Erna640,Lana840,Marks830,,,,white,nonhispanic,F,Watertown  Massachusetts  US,493 Homenick Rest,Brockton,Massachusetts,Plymouth County,25023,02351,42.06630004053468,-71.06670395278971,6725.09,8515.02,67877
380c9b1e-50a9-3b0f-b2d4-67cdca1c6691,1950-10-09,,999-40-4982,S99925211,X90079216X,Ms.,George991,Vicky438,Bogisich202,,,S,white,nonhispanic,F,Devens  Massachusetts  US,670 Windler Forge,Springfield,Massachusetts,Hampden County,25013,01199,42.13523218580834,-72.58676415588516,703566.00,309250.47,74554
01aaf102-a5d9-bf33-d97c-ce574dd99445,2024-07-15,,999-72-4350,,,,Gonzalo160,Vicente970,Correa904,,,,white,hispanic,M,San Jose  San Jose  CR,312 Turner Arcade Apt 43,Boston,Massachusetts,Suffolk County,25025,02151,42.28445035302021,-71.07357624102983,500.00,9192.95,12809
efecab71-6465-a9ec-a0e4-43bf60c06afb,1932-08-04,2011-02-11,999-26-7084,S99941132,X93413454X,Mr.,Garfield38,Solomon675,Bahringer146,,,W,white,nonhispanic,M,Carver  Massachusetts  US,293 Huels Ferry Unit 90,Dunstable,Massachusetts,Middlesex County,,00000,42.679810076069415,-71.54661397118184,340489.63,563056.67,86423
6ad86f81-7932-c3ff-e55c-e1b36d6051de,2013-02-02,,999-80-7670,,,,Melda993,Christin490,Kuhn96,,,,white,nonhispanic,F,Fall River  Massachusetts  US,848 Hilll Rapid,Quincy,Massachusetts,Norfolk County,25021,02186,42.25351527619619,-71.04426088393268,39496.06,19769.08,97554
234b8f00-68b4-337d-037a-68ba90d9b980,1990-08-16,,999-84-9308,S99987396,X33732529X,Mrs.,Emmie273,Paul232,Kshlerin58,,Kris249,D,hawaiian,nonhispanic,F,Pepperell  Massachusetts  US,691 Zieme Path Apt 39,Marblehead,Massachusetts,Essex County,25009,01945,42.53723823089248,-70.8334554115097,135178.73,463161.20,861535
7530083b-85d0-42fe-0401-b605f0b86e5d,2010-11-01,,999-67-6433,,,,Hassie51,,Kshlerin58,,,,white,nonhispanic,F,Wilmington  Massachusetts  US,746 Bosco Crossroad Apt 55,Norwood,Massachusetts,Norfolk County,25021,02062,42.25681411254322,-71.17191344294152,33195.03,49207.40,826093
e635c4af-eb50-b5a2-65c5-1b1401b8744f,1956-06-08,1999-07-02,999-89-4857,S99935893,X81728186X,Mrs.,Alisia5,Mable471,Lind531,,Purdy2,M,white,nonhispanic,F,Chicopee  Massachusetts  US,900 Smitham Brook Suite 45,Holbrook,Massachusetts,Norfolk County,25021,02343,42.16454303616367,-71.06942147724375,752011.93,358801.98,60385
88a003e3-1562-fa31-3a0e-7b2ffaba4b40,1964-02-17,,999-81-9925,S99967058,X57068044X,Mr.,Markus389,Lorenzo669,Greenholt190,,,M,white,nonhispanic,M,Fall River  Massachusetts  US,454 Walsh Forge,Taunton,Massachusetts,Bristol County,25005,02718,41.98375828665198,-70.99996966771874,22554.29,188811.55,118722
1b6da59d-0575-acad-beec-08a7986078f6,1991-12-22,,999-32-3503,S99989484,X01211576X,Mrs.,Mollie266,Tarsha65,Waelchi213,,Frami345,M,white,nonhispanic,F,Ayer  Massachusetts  US,464 Dickinson Stravenue,Plymouth,Massachusetts,Plymouth County,25023,02360,41.910514065475844,-70.63327654769397,163501.91,836178.42,120005
ebe78e29-55a6-0aff-aec1-8eba839ec360,2018-08-19,,999-83-7165,,,,Kandis954,Marietta439,Corkery305,,,,white,nonhispanic,F,Sutton  Massachusetts  US,248 Considine Drive,Beverly,Massachusetts,Essex County,25009,01915,42.555014263536755,-70.84130498289332,23000.42,1891.14,108822
4a88e80c-97d6-f900-f497-cae551187f63,2011-12-31,,999-87-6716,,,,Roberta529,Lorna458,Hudson301,,,,white,nonhispanic,F,North Amherst  Massachusetts  US,369 Wunsch Key,Taunton,Massachusetts,Bristol County,25005,02718,41.88704699716193,-71.04639026882435,27268.07,17609.68,26916
126358a4-bbfb-4a6f-7a29-e4473bdd2f9c,2022-10-06,,999-71-1063,,,,Carlos172,,Schmitt836,,,,white,hispanic,F,Bellingham  Massachusetts  US,611 Luettgen Lodge,Brockton,Massachusetts,Plymouth County,25023,02351,42.06595104628318,-71.02757330656293,8874.85,2523.03,47118
e99667e4-9576-fcd2-f022-7213f74fd9e5,2016-12-03,,999-85-3279,,,,Hazel720,Sheena120,Donnelly343,,,,white,nonhispanic,F,Boston  Massachusetts  US,619 Beatty Ranch,Chelmsford,Massachusetts,Middlesex County,,00000,42.62598573422145,-71.33328199259185,22361.94,0.00,129740
d544af0d-13f6-9827-3797-b79b54a822c1,1916-10-08,1965-05-24,999-87-4213,S99947174,X43867880X,Mr.,Rickie717,,Beahan375,,,S,white,nonhispanic,M,Methuen  Massachusetts  US,231 Fisher Avenue Apt 52,Wayland,Massachusetts,Middlesex County,,00000,42.3520918158664,-71.3865473236425,95714.62,7568.96,137946
bd190da1-d096-86b4-f612-7573e22a6577,1944-08-30,,999-34-1994,S99952366,X67385412X,Mr.,Elroy493,Billy698,Bruen238,,,D,white,nonhispanic,M,Boston  Massachusetts  US,846 Okuneva Vale Apt 5,Fitchburg,Massachusetts,Worcester County,25027,01420,42.64152607737678,-71.82301048228359,299469.80,331690.69,80760
adeababf-bfb8-ffae-5ec0-6af36f6cca92,1967-07-01,,999-55-2903,S99930951,X35419721X,Ms.,Magen68,Garnet389,Rice937,,,S,white,nonhispanic,F,Danvers  Massachusetts  US,364 Ruecker Mews,Rutland,Massachusetts,Worcester County,25027,01543,42.429028102569646,-71.96329220509105,944216.01,63162.08,102067
ada89525-ac89-fae0-fbed-84f10c40ad47,1982-04-14,,999-56-4668,S99989223,X20050717X,Mrs.,Demetrice140,Sophia44,Pagac496,,Sauer652,M,white,nonhispanic,F,Bourne  Massachusetts  US,599 Jakubowski Well Suite 8,Hingham,Massachusetts,Plymouth County,25023,02043,42.257452168594604,-70.84358664914805,222778.41,629648.49,128224
ffb5f4ec-d3c7-ccac-3099-39104985b41a,2006-06-21,,999-46-3612,S99995132,X74610876X,Mr.,Melvin857,Franklin857,Pouros728,,,,white,nonhispanic,M,Dartmouth  Massachusetts  US,905 Keebler Burg Apt 8,Mendon,Massachusetts,Worcester County,,00000,42.119329965157355,-71.52095299933077,51384.20,7255.33,85098
6cd0f51d-c550-e251-692b-64c5f793a970,1965-11-03,,999-54-1336,S99920546,X86418556X,Mrs.,Jeneva675,,Romaguera67,,Grady603,D,asian,nonhispanic,F,Springfield  Massachusetts  US,437 Pacocha Mall,Waltham,Massachusetts,Middlesex County,25017,02452,42.374502224787626,-71.22312186081578,301348.36,505156.27,161231
57bbc57c-ccdc-800f-261a-12a386772dc6,1917-09-15,,999-74-5797,S99989385,X12996330X,Mrs.,Kimbra238,Juliette736,Breitenberg711,,Kozey370,D,white,nonhispanic,F,Greenfield  Massachusetts  US,654 Raynor Ville,Attleboro,Massachusetts,Bristol County,25005,02703,41.85557528310198,-71.33020139600146,1203831.24,871266.11,102160
84c4161d-5d98-b658-0d66-a9b13a9857e9,1967-07-17,,999-84-8281,S99994203,X35683864X,Mr.,Vince741,Darren774,Gleichner915,,,M,asian,nonhispanic,M,Clinton  Massachusetts  US,434 Kassulke Annex,North Brookfield,Massachusetts,Worcester County,25027,01535,42.23262072998015,-72.11456522092814,9475.44,203086.75,20126
a43dceeb-ea7e-54eb-e261-ba0b71eb2853,1994-05-22,,999-78-6443,S99918125,X85412200X,Mr.,Antone63,,Deckow585,,,M,white,nonhispanic,M,Boston  Massachusetts  US,878 Leuschke Port,Pembroke,Massachusetts,Plymouth County,,00000,42.06238913111357,-70.76384155308901,53511.45,6505.52,917401
be10302d-9c0b-0943-4c1d-9a025ff72cac,1986-11-26,,999-57-6186,S99971572,X02810603X,Mrs.,Wai719,Taren286,Weissnat378,,Becker968,D,white,nonhispanic,F,Boston  Massachusetts  US,1059 Legros Brook Apt 96,Dudley,Massachusetts,Worcester County,,00000,42.093935798353264,-71.95689546164851,246201.66,584325.19,146087
70bf85d6-d547-dfd7-7c8b-3722451d353f,1967-11-27,,999-82-6330,S99919242,X85131650X,Mr.,Rey54,,Wuckert783,,,W,white,nonhispanic,M,Belmont  Massachusetts  US,310 Sauer Forge,Boston,Massachusetts,Suffolk County,25025,02108,42.338615984966495,-71.0850600285963,10158.68,159856.77,3978
2a5e281c-94c4-5a97-00d8-2051c27fdbea,1916-10-08,1968-02-08,999-83-4097,S99971449,X73517222X,Mr.,Sal878,Alden634,Wintheiser220,,,M,white,nonhispanic,M,Falmouth  Massachusetts  US,933 Ortiz Avenue,Wayland,Massachusetts,Middlesex County,,00000,42.33352500683769,-71.37085536898772,139653.04,44700.14,137946
e73431ab-162a-c0b3-8a89-c25bfb8607f4,1965-04-09,2003-11-24,999-91-4061,S99996464,X14806483X,Mr.,Jerónimo599,,Esparza426,,,M,white,hispanic,M,Tegucigalpa  Francisco Morazán  HN,989 Gottlieb Crossroad Unit 80,Springfield,Massachusetts,Hampden County,25013,01109,42.079752498259836,-72.63348669707813,10571.69,789296.63,3437
966d9f6e-bfde-4b24-baeb-7843a9d03159,1987-02-23,,999-69-1516,S99984045,X21621491X,Mrs.,Lashaunda155,,Satterfield305,,Renner328,M,white,nonhispanic,F,Mansfield Center  Massachusetts  US,403 Morissette Skyway Apt 65,Pembroke,Massachusetts,Plymouth County,,00000,42.035341392101195,-70.7842947953411,203070.01,610824.15,162972
66a6c64f-03ef-04a7-6045-3fd3bc44cc15,1959-10-29,2016-11-21,999-22-4273,S99959580,X96805893X,Mrs.,Emilie407,Adella39,Schaden604,,Berge125,M,hawaiian,nonhispanic,F,Somerville  Massachusetts  US,716 Prosacco Lane Unit 19,Easthampton,Massachusetts,Hampshire County,25015,01027,42.267522699512135,-72.66158380028966,492224.23,149646.96,46974
fd60a27d-1fef-84ab-1709-f1c687c02719,1932-08-04,1993-10-18,999-92-2652,S99986294,X44755345X,Mr.,Alphonse92,Julius90,Mills423,,,M,white,nonhispanic,M,Weymouth  Massachusetts  US,223 Lowe Throughway,Dunstable,Massachusetts,Middlesex County,,00000,42.71080597577036,-71.49608471446207,772118.36,309864.10,86423
cbc39d90-6c8a-9401-0c92-bf1554aa9416,2019-07-22,,999-88-3272,,,,Delaine470,Heather971,Funk324,,,,white,nonhispanic,F,Peabody  Massachusetts  US,712 Feeney Bypass,Townsend,Massachusetts,Middlesex County,25017,01469,42.631106361005756,-71.65404792493224,13790.52,18780.50,76005
f062630c-a4c9-9985-3a0e-6b13026d1dbc,1958-12-15,2022-05-31,999-44-5712,S99911819,X38085611X,Mrs.,Iraida50,Tawnya388,Leffler128,,Little434,M,white,nonhispanic,F,Brockton  Massachusetts  US,792 O'Connell Ranch Unit 83,Westborough,Massachusetts,Worcester County,25027,01581,42.24161258981349,-71.63678760531518,255216.39,522282.88,32165
430b65f8-6117-b4ee-30ba-385d923830b0,1969-01-25,,999-84-9237,S99999066,X02721653X,Mrs.,Jill895,Kelsey155,Ortiz186,,Abernathy524,D,asian,nonhispanic,F,Provincetown  Massachusetts  US,1002 Stracke Center,Boston,Massachusetts,Suffolk County,25025,02125,42.28440638833258,-71.11684347472006,515887.62,157380.44,75366
6e92415b-cf06-03df-ec99-eb886e790169,1956-06-08,,999-13-2013,S99939379,X66582498X,Ms.,Laine739,Jaleesa813,Dach178,,,S,white,nonhispanic,F,Shrewsbury  Massachusetts  US,477 Halvorson Crossing,Holbrook,Massachusetts,Norfolk County,25021,02368,42.182027288781754,-70.96977184478528,774599.26,357049.47,60385
259135ef-eed5-cc17-41c2-6c7747f53207,1948-09-22,,999-93-8183,S99958819,X24735634X,Mrs.,Debbie941,Aurea194,Shanahan202,,Ortiz186,M,white,nonhispanic,F,Winchendon  Massachusetts  US,187 Kiehn Rest,Whitman,Massachusetts,Plymouth County,,00000,42.06185754399663,-70.95662685669718,918218.99,118689.42,93245
e231e9bf-de15-33c0-d8a1-d281aa054d29,1971-01-25,,999-82-3435,S99917658,X10291878X,Mr.,Horacio317,Sam879,Konopelski743,,,W,white,nonhispanic,M,Wareham  Massachusetts  US,795 Jones Frontage road,Acton,Massachusetts,Middlesex County,,00000,42.510288546745,-71.42099372989337,394036.37,345637.28,74238
d28bbc31-984d-e4a4-6b86-f007538474ef,1964-05-10,,999-34-2695,S99970187,X47323321X,Mr.,Bert917,Darrel772,Miller503,,,M,white,nonhispanic,M,Athol  Massachusetts  US,622 Nolan Estate Unit 46,Worcester,Massachusetts,Worcester County,25027,01606,42.27260805446848,-71.80835698596933,186279.93,60197.67,126888
6afdacb4-a682-4391-d621-d73062b4ed0d,1965-04-09,,999-46-3128,S99915757,X24759505X,Mr.,Pablo44,Alfonso758,Corral791,,,S,white,hispanic,M,Port-au-Prince  Haiti  HT,649 Bruen Ranch,Springfield,Massachusetts,Hampden County,25013,01128,42.13189477089586,-72.55138067733351,10610.03,167107.81,3437
eea06cc9-1404-376a-72b8-93f36ccacbd0,1954-06-20,2022-02-24,999-66-8254,S99991131,X04351533X,Mr.,Jacques50,Daniel959,Effertz744,,,M,white,nonhispanic,M,Worcester  Massachusetts  US,912 Ledner Branch Suite 99,Acton,Massachusetts,Middlesex County,,00000,42.5107681162366,-71.44480145005092,171642.48,197952.41,78141
5d3b1f70-fa8a-d2aa-f1f7-37baf1f99fdc,2018-11-16,,999-25-3645,,,,Flo729,Sheree902,Heidenreich818,,,,asian,nonhispanic,F,Beverly  Massachusetts  US,1027 Ferry Dale,Lowell,Massachusetts,Middlesex County,25017,01851,42.67475890047259,-71.34287222236388,1268.23,26951.74,24083
c8ffc5ce-71a0-ad8f-492f-4467883c1e94,1995-04-11,,999-56-6240,S99937372,X42233913X,Mr.,Winfred745,Ralph813,Kirlin939,,,M,white,nonhispanic,M,Duxbury  Massachusetts  US,331 Keebler Rue,Tewksbury,Massachusetts,Middlesex County,,00000,42.563130755786744,-71.21927540311013,64820.32,19656.64,53565
598dae2c-8ffc-06fe-17d6-9be65dfb0cbd,1995-09-13,,999-16-4405,S99965591,X16685369X,Mrs.,Lea264,Shawana711,Hyatt152,,Waters156,M,white,nonhispanic,F,West Springfield  Massachusetts  US,725 Hansen Parade,Dennis Port,Massachusetts,Barnstable County,25001,02639,41.629784193268726,-70.11472350004112,160605.82,333015.77,88470
6ba18f92-dd6f-3c66-e726-5f4591d071b0,2003-05-23,,999-40-3213,S99934651,X29534460X,Mr.,Bobby524,Kerry175,Wintheiser220,,,,white,nonhispanic,M,Boston  Massachusetts  US,598 Lakin Row Apt 83,Chicopee,Massachusetts,Hampden County,25013,01022,42.21556977745524,-72.53325705981153,4695.86,46261.70,14804
6c1f2b61-3758-1256-6fb9-ea556cf9a0dd,1968-06-18,,999-38-5001,S99973618,X04452204X,Mrs.,Maris768,Emogene884,Crona259,,Wehner319,M,white,hispanic,F,Boston  Massachusetts  US,483 Kautzer Glen,Newburyport,Massachusetts,Essex County,25009,01950,42.73792127541042,-70.86854098799654,64615.02,299583.54,27141
2747f9dd-5f04-cb0c-4b1d-6ed9e5a0316a,1959-10-29,,999-86-6586,S99914271,X84677401X,Mrs.,Ellie521,Dionne995,Kessler503,,Schulist381,D,hawaiian,nonhispanic,F,Freetown  Massachusetts  US,508 Padberg Orchard,Easthampton,Massachusetts,Hampshire County,25015,01027,42.33665727460366,-72.76919419141922,936376.46,428060.09,46974
c3301f7d-f115-c1cd-eb0a-12524676d3c5,2011-01-12,,999-53-7959,,,,Cecelia952,Hollis7,Hand679,,,,white,nonhispanic,F,Boston  Massachusetts  US,1015 Skiles Arcade Suite 87,Norwood,Massachusetts,Norfolk County,25021,02090,42.19924032763546,-71.189517441066,49354.37,11092.35,85332
e232cfd4-3538-5d6d-626e-d3363f0b6d8a,1975-04-27,,999-53-9614,S99985282,X86337652X,Ms.,Machelle279,,Hudson301,,,S,hawaiian,hispanic,F,Cambridge  Massachusetts  US,873 Bailey Quay,Methuen,Massachusetts,Essex County,25009,01841,42.69524822211846,-71.20901381577923,234975.64,656802.67,706210
1c5400ca-2c06-7674-8498-c93ea50c9b54,2016-06-14,,999-80-6589,,,,Morton637,Keenan632,Mohr916,,,,white,nonhispanic,M,Lakeville  Massachusetts  US,570 Marks Key,Winchester,Massachusetts,Middlesex County,25017,01890,42.4205068190988,-71.10672455860417,23873.74,39561.75,368197
b580831a-daa8-48d8-c93a-03f839c0f893,1916-10-08,,999-28-4690,S99974757,X65220366X,Mr.,Leo278,Jonas187,Anderson154,,,M,white,nonhispanic,M,Concord  Massachusetts  US,715 Berge Corner Apt 13,Wayland,Massachusetts,Middlesex County,,00000,42.321317280879896,-71.39716845883615,205597.78,1006699.44,137946
acd95007-5359-9695-b79d-f1cff7f70ba6,1970-02-06,,999-29-9352,S99937145,X74169341X,Mrs.,Tabatha105,Genie948,Cremin516,,Kub800,M,white,nonhispanic,F,Fall River  Massachusetts  US,391 Heathcote Heights,Fitchburg,Massachusetts,Worcester County,25027,01420,42.584189605273146,-71.78055895328075,156923.15,700792.27,28331
c8deb72d-d511-bdbd-1df6-3293bb79457a,1957-05-07,,999-64-6440,S99988703,X24290656X,Mr.,Lane844,Abel832,Marquardt819,,,M,white,nonhispanic,M,Brockton  Massachusetts  US,269 Stoltenberg Well Suite 63,Braintree,Massachusetts,Norfolk County,25021,02184,42.20426754728889,-70.95343828270728,238199.18,584573.56,123036
eab1a40b-7cc8-e95e-cc0b-4053b8a45a4b,2019-03-09,,999-72-6713,,,,Hunter736,,Hagenes547,,,,white,nonhispanic,M,Beverly  Massachusetts  US,925 Jast Heights Suite 32,Turners Falls,Massachusetts,Franklin County,25011,01376,42.61445649967857,-72.57755790569742,1574.23,20144.68,4278
9253a1a7-a990-14cb-33b8-166b518f5244,1988-06-11,,999-21-6653,S99980976,X37956058X,Mrs.,Jeanene972,Marth98,Roberts511,,Braun514,M,white,nonhispanic,F,Dartmouth  Massachusetts  US,1078 Blick Arcade Unit 43,East Sandwich,Massachusetts,Barnstable County,25001,02537,41.74338340098431,-70.4564001767652,181922.54,471096.46,795564
7a81ec08-eb0d-f416-1886-d2600a58abe3,1991-08-20,,999-10-1447,S99951075,X95891221X,Mrs.,Joana79,Albertine688,McClure239,,Heller342,M,white,nonhispanic,F,Marlborough  Massachusetts  US,400 Reynolds Brook Suite 54,Salem,Massachusetts,Essex County,25009,01970,42.51246582438991,-70.82671423374343,16002.97,1278784.73,12125
08e3b8e0-d722-3873-5478-8dfcfebda583,1988-07-29,,999-90-5671,S99985328,X00083121X,Mrs.,Dayna943,,Hansen121,,Williamson769,M,asian,nonhispanic,F,Everett  Massachusetts  US,822 Feeney Corner,South Hadley,Massachusetts,Hampshire County,,00000,42.2209218733451,-72.53580071764495,155306.92,187259.06,199555
3327608a-26bb-b117-bfe0-8d49f0badc5d,1992-07-02,,999-44-5198,S99947705,X84071124X,Mr.,Roosevelt595,,Rath779,,,M,white,nonhispanic,M,Amherst  Massachusetts  US,489 Green Highlands,Lowell,Massachusetts,Middlesex County,25017,01852,42.614138337855564,-71.30610573525954,6145.42,83742.70,7711
9150b5a8-f930-9938-29d1-93bc2439c524,1958-12-15,,999-67-1012,S99917621,X47984643X,Mrs.,Ashlyn643,,Reichert620,,Brekke496,W,white,nonhispanic,F,Easton  Massachusetts  US,943 Stokes Trace,Westborough,Massachusetts,Worcester County,25027,01581,42.25862856517805,-71.60588169047543,258665.22,1126697.30,32165
bcb28db8-cb6b-ab0e-07e8-54e0b9592d51,1972-08-25,,999-40-3022,S99945925,X48869397X,Ms.,Charlott617,Mayola305,Ernser583,,,S,black,nonhispanic,F,Westport  Massachusetts  US,194 Parker Wall Suite 29,Boston,Massachusetts,Suffolk County,25025,02110,42.34601333988764,-71.00705964265475,264341.84,1417316.86,30268
1bc315de-a998-aab6-7ab9-0c691f949d7f,2012-04-28,,999-88-5337,,,,Lakeisha206,,Quigley282,,,,white,nonhispanic,F,Hingham  Massachusetts  US,167 Lindgren Terrace,Boston,Massachusetts,Suffolk County,25025,02163,42.283675507390534,-71.11751850459841,24076.98,19757.77,177079
b0be185e-e53b-e876-0f65-48a9fc79b76a,1954-06-20,,999-90-5254,S99913475,X82173369X,Mr.,Sherwood961,Danilo179,Tillman293,,,M,white,nonhispanic,M,North Adams  Massachusetts  US,582 Hilpert Path Suite 84,Acton,Massachusetts,Middlesex County,,00000,42.513460787653344,-71.4301044559499,557263.55,475525.28,78141
ea655a76-6438-cc06-58f7-c01ac0a75e5d,1983-02-13,,999-76-7705,S99986207,X04756244X,Mr.,Ashley34,Rolando809,Ratke343,,,S,white,nonhispanic,M,Andover  Massachusetts  US,203 Little Gardens Suite 59,Marlborough,Massachusetts,Middlesex County,25017,01752,42.35096216181323,-71.55679037705863,104478.96,13942.11,130676
665d460c-fbc1-1229-2ddd-650057b14d05,2009-07-18,,999-67-2381,S99926972,,,Annabel185,Wilhemina814,Rice937,,,,white,nonhispanic,F,Hudson  Massachusetts  US,1062 Shields Lodge Unit 45,Boston,Massachusetts,Suffolk County,25025,02134,42.334306706960405,-71.03515263046778,2812.82,57564.66,13051
4e1ae7c7-4eca-d1bd-2f5d-ce4d7d7de40c,2008-09-05,,999-23-8706,S99947180,,,Elliot577,Eli762,Spinka232,,,,white,nonhispanic,M,Lexington  Massachusetts  US,457 Moore Green Unit 80,Barnstable,Massachusetts,Barnstable County,25001,02637,41.65627559955921,-70.4316141405802,3036.91,57548.31,22453
7de767a0-182f-e9db-487f-f6acdc0c51cc,2007-12-19,,999-86-3562,S99953288,,Mr.,Art115,,Schneider199,,,,white,nonhispanic,M,Patras  Achaea  GR,1054 Beer Union Unit 30,Newton,Massachusetts,Middlesex County,25017,02468,42.290683625005414,-71.22025942691917,3495.86,65566.43,2039
3caf368c-6350-37d4-9ffe-4ad0dc409de5,1967-09-05,,999-29-5249,S99986092,X49873545X,Mrs.,Taren286,Isidra572,Johnson679,,Schimmel440,W,white,nonhispanic,F,Wellesley  Massachusetts  US,134 Feest Frontage road,Framingham,Massachusetts,Middlesex County,25017,01702,42.29916790373859,-71.3956588192062,151137.70,67133.16,111924
0f335e6d-fea0-ffab-1e9b-5a7541ec80b4,1969-06-25,,999-69-4897,S99974258,X90614259X,Mrs.,Necole468,Dorthea49,Williamson769,,Considine820,D,white,nonhispanic,F,Falmouth  Massachusetts  US,267 Rogahn Port,Holland,Massachusetts,Hampden County,25013,01521,42.005028740899654,-72.2199766159185,425734.58,205848.83,48641
4bbae4e7-ca5f-061c-bd90-dc7b03357764,1970-12-30,,999-76-1041,S99940249,X09899220X,Mr.,Osvaldo336,Lesley194,Schuppe920,,,W,white,nonhispanic,M,Boston  Massachusetts  US,1050 Medhurst Key,Hatfield,Massachusetts,Hampshire County,25015,01038,42.41183381316916,-72.6516218596758,467172.98,294812.26,55670
d4675a8f-eebf-d637-a977-eea67624a4c8,1932-08-04,,999-16-9736,S99914877,X13908964X,Mr.,Derick144,,Grant908,,,D,white,nonhispanic,M,Dartmouth  Massachusetts  US,882 Boyer Heights,Dunstable,Massachusetts,Middlesex County,,00000,42.66227571737102,-71.48995292273918,570928.13,281370.94,86423
cdc96c67-8cd7-76fa-421d-2216561e55cc,1955-10-05,,999-39-1593,S99944182,X68250080X,Mrs.,Terica746,Julianna856,Hansen121,,Kulas532,M,white,nonhispanic,F,Millbury  Massachusetts  US,725 Corwin Street Unit 2,Newton,Massachusetts,Middlesex County,25017,02465,42.36237490380372,-71.21760087180402,350300.28,1290944.17,141056
4658ff7a-cbd4-891d-aeab-6f5ed25954bb,1983-09-08,,999-55-3880,S99974287,X58112324X,Mr.,Jamie386,,Kiehn525,,,M,white,nonhispanic,M,Wrentham  Massachusetts  US,834 Hauck Brook,Weymouth,Massachusetts,Norfolk County,25021,02189,42.26383932618476,-70.93859681007844,107082.18,4891.72,38345
38937956-26f5-1a6b-41f5-9ccf65ef94f0,1977-12-27,,999-92-5653,S99950294,X19576027X,Mr.,Miquel905,Mose244,Beier427,,,M,white,nonhispanic,M,Sandisfield  Massachusetts  US,498 Kozey Crossroad,South Hadley,Massachusetts,Hampshire County,,00000,42.29738834726033,-72.5519079896594,91068.95,3972.55,72546
9c13b59a-a695-22a9-64d5-0c70335673f0,1930-06-11,1987-06-21,999-27-3974,S99936265,X06874585X,Mrs.,Ja391,Monica757,Morar593,,Thompson596,M,white,nonhispanic,F,Middleborough  Massachusetts  US,741 McKenzie Forge,Hamilton,Massachusetts,Essex County,,00000,42.61464966784134,-70.87650591391531,390882.09,860342.52,135607
59318c03-9e8c-b52e-9e20-c27b256cfea1,1996-08-15,,999-85-3761,S99941050,X90945266X,Mrs.,Jani266,,Gibson10,,Krajcik437,M,white,nonhispanic,F,Wilmington  Massachusetts  US,1096 Hammes Flat Apt 59,Somerville,Massachusetts,Middlesex County,25017,02145,42.35370816889332,-71.16931051077054,158719.07,449943.69,715309
936b628e-c469-a53d-38aa-06c17f9c1d95,1960-04-09,,999-79-8945,S99934692,X90508859X,Mrs.,Miss492,Jesenia223,Okuneva707,,Nienow652,M,white,nonhispanic,F,Hadley  Massachusetts  US,416 Bednar Stravenue Unit 30,Webster,Massachusetts,Worcester County,25027,01570,42.039417098043394,-71.84224299550942,743933.45,97292.96,86203
98c00320-cba5-a973-3c95-490a65d40bc3,1986-04-09,,999-57-3031,S99943680,X56082405X,Mr.,Sid118,Jessie665,Dach178,,,M,white,nonhispanic,M,Easthampton  Massachusetts  US,485 Dietrich Bay Unit 39,Milton,Massachusetts,Norfolk County,25021,02186,42.267831156881144,-71.1258318179413,6718.71,92088.36,20386
0ed64a27-b214-711f-4a74-c08da0ea7174,1989-04-07,,999-80-1471,S99973295,X03088928X,Ms.,Jolyn4,Keesha623,Gusikowski974,,,S,asian,nonhispanic,F,Chelmsford  Massachusetts  US,392 Grant Wall Suite 87,Randolph,Massachusetts,Norfolk County,25021,02368,42.17872080888773,-71.07715314925628,225580.26,396179.08,109994
060650ee-4a78-1d91-4a5a-a66dfbe64643,1955-01-19,,999-67-2731,S99950069,X42885587X,Mr.,Bryce11,Winford225,Bosco882,,,M,white,nonhispanic,M,Sheffield  Massachusetts  US,261 Stoltenberg Village Apt 14,Oxford,Massachusetts,Worcester County,25027,01540,42.09971476322814,-71.87050446603989,219750.79,1334206.69,97118
bbc8dec5-9680-4f33-df83-3994b28f4cdb,2019-08-02,,999-13-1139,,,,Gonzalo160,Mitchel812,Gutmann970,,,,white,nonhispanic,M,Haverhill  Massachusetts  US,512 Jast Row,Worcester,Massachusetts,Worcester County,25027,01583,42.35802405328696,-71.79677240189352,1866.96,54545.26,14714
4508cda7-4d00-b1c9-5e79-7813c3eced34,1983-04-01,,999-43-2852,S99978481,X61726409X,Mr.,Buddy254,Richard937,Trantow673,,,S,white,nonhispanic,M,New Bedford  Massachusetts  US,993 Kassulke Vale Suite 38,Chicopee,Massachusetts,Hampden County,25013,01013,42.195117451630665,-72.5080235029143,437697.89,279389.14,65215
71f2c324-18e0-636a-c042-f4056e4b3fe5,1997-04-08,,999-43-5237,S99944434,X19621054X,Mrs.,Aretha897,Isadora719,Miller503,,Wuckert783,M,white,nonhispanic,F,Boston  Massachusetts  US,834 Barton Key,Needham,Massachusetts,Norfolk County,25021,02494,42.24490787481074,-71.19643414068481,84554.67,458096.85,119130
c321d545-d2ad-9529-236d-7ab390ff26f1,1957-10-16,,999-54-7883,S99995031,X73196583X,Mr.,Danial835,Gordon377,Cummings51,,,W,white,nonhispanic,M,Boston  Massachusetts  US,758 Cole Tunnel Apt 14,Chicopee,Massachusetts,Hampden County,25013,01013,42.203829758696095,-72.54965324174272,152895.21,260584.59,34030
67341a37-7293-9424-b445-711f6707131a,1970-05-29,,999-45-3206,S99978648,X61787379X,Mrs.,Lorette239,,Stanton715,,Gislason620,M,white,nonhispanic,F,Wellfleet  Massachusetts  US,751 Abshire Crossing,Gloucester,Massachusetts,Essex County,25009,01930,42.66032802682849,-70.71402505266953,79542.18,380945.99,466
46b3495c-2911-5ab2-60f0-258d983c43b1,1971-09-23,,999-85-1208,S99964103,X51963252X,Ms.,Yuonne878,,Flatley871,,,S,white,hispanic,F,Plymouth  Massachusetts  US,953 Klein Terrace Suite 43,Saugus,Massachusetts,Essex County,25009,01906,42.475075223874796,-71.00103905605918,350594.68,888153.57,181074
e1adddca-0536-4f90-d71a-2cde646ad032,1963-03-24,,999-96-3633,S99949718,X36052115X,Mrs.,Maximina916,Ardelle563,Nitzsche158,,Block661,M,white,nonhispanic,F,Hull  Massachusetts  US,1043 Eichmann Divide Suite 63,New Bedford,Massachusetts,Bristol County,25005,02746,41.61635823384143,-70.99229750862612,726136.83,217202.54,57383
0c0bfe40-3736-04f5-0331-8b214445f623,2020-02-22,,999-16-6328,,,,Olivia294,Sandi885,Farrell962,,,,white,nonhispanic,F,Bellingham  Massachusetts  US,686 Smitham Rapid,Worcester,Massachusetts,Worcester County,25027,01610,42.30796226779789,-71.81311047130991,9515.16,21163.05,97191
ff8586bf-7a03-98f1-892d-58831fb184b8,1950-12-08,,999-78-9122,S99950958,X82628606X,Mrs.,Danyelle408,Karen597,Fritsch593,,Champlin946,M,white,nonhispanic,F,Leominster  Massachusetts  US,840 Kozey Mission,Webster,Massachusetts,Worcester County,25027,01570,42.038542653594476,-71.82622292171737,874103.89,627240.91,101225
33a5f25e-7e8e-9dcc-b3bd-23fb5a5b8467,2001-01-08,,999-47-7874,S99974290,X82577421X,Mr.,Willis868,Evan94,Robel940,,,,white,nonhispanic,M,Brockton  Massachusetts  US,900 Crona Trafficway,Kingston,Massachusetts,Plymouth County,25023,02364,42.032152145003195,-70.77292653448347,67969.19,38065.64,107614
41e2440a-1b50-07d6-fda4-4ea710242359,1981-05-22,,999-91-8034,S99961020,X30818717X,Mr.,Levi940,Normand813,Grimes165,,,S,white,hispanic,M,Pittsfield  Massachusetts  US,415 Runolfsdottir Overpass,Weymouth,Massachusetts,Norfolk County,25021,02191,42.252008564169905,-70.93389707037767,85732.36,16987.71,113436
da55f6da-6b28-31ed-407e-91fa7d8467a8,1930-06-11,1984-12-31,999-21-9870,S99935757,X18069845X,Mrs.,Amberly552,Jacqueline49,Monahan736,,Pouros728,D,white,nonhispanic,F,Winchester  Massachusetts  US,1090 Kohler Ramp Unit 88,Hamilton,Massachusetts,Essex County,,00000,42.57890181212362,-70.81381837243184,292063.64,676981.04,135607
2553f6f9-317e-be3b-df05-68ac439e6f7b,2007-10-05,,999-37-3458,S99987598,,Mr.,Shaun461,,Prohaska837,,,,white,nonhispanic,M,Halifax  Massachusetts  US,293 Ledner Spur Apt 8,Worcester,Massachusetts,Worcester County,25027,01610,42.25750959484637,-71.71725895145977,51674.24,10667.29,47303
82afbc2e-c73d-bf96-f7f7-3c74a7782af8,1981-06-19,,999-57-8955,S99986634,X85638284X,Mr.,Shayne60,Allen322,Feil794,,,M,asian,nonhispanic,M,Chicopee  Massachusetts  US,370 Schneider Quay,Boston,Massachusetts,Suffolk County,25025,02136,42.45956347569741,-70.98798567597608,404203.18,268457.04,43365
7412a903-1230-b0f8-9250-b32a087f4f00,2024-07-30,,999-94-4323,,,,Rhett759,,Kub800,,,,white,nonhispanic,M,Boston  Massachusetts  US,150 Cole Light,Haverhill,Massachusetts,Essex County,25009,01835,42.77715083624474,-71.02207847416071,6880.30,0.00,189146
65b81a1a-3436-1f04-307c-ef06472eef69,1995-12-01,,999-40-2143,S99956346,X10248441X,Mrs.,Tiana543,Novella551,Wolff180,,O'Reilly797,M,white,nonhispanic,F,Middleton  Massachusetts  US,770 Hettinger Rapid,Mendon,Massachusetts,Worcester County,,00000,42.05381896451005,-71.55176005745201,294506.62,24873.47,48132
40686813-6d9b-6841-e591-87398b09c0e8,2003-01-13,,999-45-9355,S99944241,X95325512X,Mr.,Derrick232,Neil122,Harber290,,,,white,nonhispanic,M,Ashby  Massachusetts  US,413 Green Divide Apt 80,Everett,Massachusetts,Middlesex County,25017,02149,42.40044897911898,-71.08784511448994,109725.89,660961.33,67867
428731f2-139c-a437-5884-8539741345f8,2016-08-29,,999-28-1316,,,,Simon598,,Homenick806,,,,asian,hispanic,M,Spencer  Massachusetts  US,572 Lockman Bay,Boston,Massachusetts,Suffolk County,25025,02127,42.355742767383376,-71.03835614507888,1829.78,24219.57,4875
14a32294-8f37-e14b-2609-978367c40aee,2002-10-26,,999-39-9563,S99984484,X49812548X,Ms.,Paige606,,Ferry570,,,,white,nonhispanic,F,Weymouth  Massachusetts  US,744 Swaniawski Dam,Brockton,Massachusetts,Plymouth County,25023,02301,42.088395454701896,-71.06107406704866,5675.24,288245.35,1742
63ffbcc8-d034-ca6f-37d0-243220411574,1999-06-09,,999-59-8490,S99974618,X15568152X,Mr.,Lupe126,Raphael767,Hayes766,,,,white,nonhispanic,M,Cambridge  Massachusetts  US,327 Pacocha Frontage road,Peabody,Massachusetts,Essex County,25009,01960,42.49269423073835,-71.08411583694429,48211.17,7518.45,27409
a05ba7c6-bf31-68f4-a388-fcc4669df29f,1970-11-05,,999-71-5589,S99939028,X28582934X,Mrs.,Maragret485,Ashton21,VonRueden376,,Wunsch504,D,other,nonhispanic,F,Barnstable  Massachusetts  US,470 Wilderman Vale,Lancaster,Massachusetts,Worcester County,,00000,42.48377159038239,-71.72075458257599,12000.39,612759.96,15231
561b826e-fee0-be12-bb0a-f9c4dfcdd7ee,1969-05-03,,999-88-6138,S99995612,X41659179X,Mr.,Sidney996,Octavio643,Green467,,,M,white,nonhispanic,M,Fitchburg  Massachusetts  US,312 Purdy Ferry,Fall River,Massachusetts,Bristol County,25005,02720,41.60653804581908,-71.11695738511405,16024.12,289091.09,22967
57a01bd9-1647-329b-ae88-2785d531f59e,2025-06-23,,999-60-4316,,,,Brant303,,Reichel38,,,,white,nonhispanic,M,Boston  Massachusetts  US,698 Nienow Throughway Suite 35,Marshfield,Massachusetts,Plymouth County,25023,02050,42.156382418801805,-70.74305433942858,419.89,7047.51,9564
ee4646fb-a25a-9207-c4ad-6dbfacd24e95,2004-05-25,,999-50-7067,S99952680,X10433358X,Ms.,Catrice481,Raylene798,Fay398,,,,white,nonhispanic,F,Pittsfield  Massachusetts  US,1057 Macejkovic Track Unit 41,Wareham,Massachusetts,Plymouth County,,00000,41.794612963746175,-70.66335361786416,84370.48,124830.22,135328
b01fecaa-06ca-64b6-08d7-cd58d797bb7b,2011-03-28,,999-18-3205,,,,Michal596,,Howell947,,,,asian,nonhispanic,M,Lynn  Massachusetts  US,468 Russel Knoll,Boston,Massachusetts,Suffolk County,25025,02114,42.35294890096698,-71.09427144030117,46887.53,4907.28,161201
c4584d2d-166c-99d7-8f84-2e15b3eaf2f2,2013-01-08,,999-65-9746,,,,Cammie978,Jennine355,Frami345,,,,white,nonhispanic,F,Ipswich  Massachusetts  US,443 Brekke Light,Bellingham,Massachusetts,Norfolk County,25021,02019,42.02969526972383,-71.47903812512756,39592.79,3407.76,79355
87313b4e-809e-c22f-1dfd-d6529617b9a1,1956-08-23,,999-80-7819,S99952139,X30292155X,Mr.,Humberto482,Raymond398,Denesik803,,,M,white,nonhispanic,M,Boston  Massachusetts  US,830 Hartmann Promenade Apt 26,Framingham,Massachusetts,Middlesex County,25017,01701,42.30639356786183,-71.40833205867338,196136.68,138808.27,130419
a33b311e-9a6a-e511-9146-6142ec586d7e,2000-06-15,,999-40-4288,S99983982,X45606021X,Mr.,Robt687,Chang901,Walsh511,,,,other,nonhispanic,M,Middleborough  Massachusetts  US,636 Hartmann Village,Springfield,Massachusetts,Hampden County,25013,01020,42.11605146203022,-72.53491586821782,53277.30,5730.52,46723
1211018a-0924-323e-273d-0f7fa09f9dfe,2026-03-06,,999-12-8318,,,,Alissa315,Pamela954,Harvey63,,,,white,nonhispanic,F,Bedford  Massachusetts  US,365 Legros Mission Suite 68,Southwick,Massachusetts,Hampden County,,00000,42.00709842139456,-72.77670612131064,3332.28,0.00,70758
6fd93d5b-a08a-03cf-8df7-5d27440f0198,1997-11-07,,999-87-1902,S99918352,X57581551X,Mrs.,Arlette667,Pa577,Pfannerstill264,,Hegmann834,M,white,nonhispanic,F,Marblehead  Massachusetts  US,358 Hilpert Ville,Foxborough,Massachusetts,Norfolk County,25021,02035,42.01961238587912,-71.24799366049349,181735.93,339778.33,109495
13b2625e-dd01-a527-9b8b-87f39922f928,2021-12-01,,999-37-9044,,,,Cedrick207,Rosario163,Auer97,,,,white,nonhispanic,M,Dartmouth  Massachusetts  US,269 Mertz Tunnel,Wareham,Massachusetts,Plymouth County,,00000,41.73296282203564,-70.65668088847069,11275.48,3198.49,38293
10fb70e9-cada-dd93-315b-8de9e8302892,1946-01-17,,999-99-4561,S99973381,X50538258X,Mrs.,Queenie922,Venetta859,Stehr398,,McCullough561,M,white,nonhispanic,F,Athol  Massachusetts  US,840 Carter Course,Williamsburg,Massachusetts,Hampshire County,,00000,42.44459482071067,-72.73430917305765,648925.58,115999.82,89870
8ba404a0-115f-ff75-1f62-c211b0988cce,1930-06-11,1988-03-28,999-21-5979,S99993523,X65383757X,Ms.,Vida128,Deidra675,Hoppe518,,,S,white,nonhispanic,F,Somerset  Massachusetts  US,550 Nienow Trafficway Apt 3,Hamilton,Massachusetts,Essex County,,00000,42.67457598572609,-70.83992761354654,289087.62,1319199.66,135607
526cd2d0-ca15-aef2-f022-052a36f1c362,1963-01-17,,999-63-3641,S99973491,X79187118X,Mr.,Nicolas769,Gordon377,Emard19,,,M,black,nonhispanic,M,Manchester-by-the-Sea  Massachusetts  US,403 Schaefer Harbor Apt 47,Hull,Massachusetts,Plymouth County,25023,02045,42.339348555035734,-70.88613567658014,226751.57,75084.34,73525
0c32d0bf-a7bd-33f3-e80c-43e655fc8aad,2020-11-03,,999-56-1002,,,,Abe604,,Tromp100,,,,white,nonhispanic,M,Springfield  Massachusetts  US,705 Von Key Unit 77,Marshfield,Massachusetts,Plymouth County,25023,02050,42.07249753357001,-70.67781257999341,1241.45,15000.51,9712
ecfbe07d-2418-7c37-f524-3e3b57fbc3cd,2011-04-12,,999-95-4699,,,,Arnold338,Ali918,Wunsch504,,,,black,nonhispanic,M,Needham  Massachusetts  US,495 Schumm Neck Apt 12,Fall River,Massachusetts,Bristol County,25005,02747,41.5925887003651,-71.08916794746807,52250.73,9325.81,85596
353a93b9-2a30-c965-3d63-342dce4157fe,1988-11-20,,999-30-2850,S99963271,X12688801X,Mr.,Jorge Luis88,Ricardo560,Cerda549,,,D,black,nonhispanic,M,Bayamon  Puerto Rico  PR,452 Powlowski Green Unit 39,Bellingham,Massachusetts,Norfolk County,25021,02019,42.03462596280876,-71.45623424843498,95174.85,0.00,52636
72662b28-fffa-2cc6-191b-2a2b2fdb2152,2026-03-13,,999-86-6680,,,,Chung121,,Cummerata161,,,,white,nonhispanic,M,Fall River  Massachusetts  US,523 Green Road Suite 42,Wrentham,Massachusetts,Norfolk County,,00000,42.03400183249456,-71.370436678563,1660.30,809.18,183693
957f0a04-750e-c8c1-862f-56c46b490bb9,1991-07-23,,999-31-6329,S99992747,X50072541X,Ms.,Toshia520,,Kutch271,,,S,white,nonhispanic,F,Boston  Massachusetts  US,620 Keeling Annex,Ashland,Massachusetts,Middlesex County,,00000,42.219378196883724,-71.51994098631785,47719.55,616183.69,289403
991ff603-c80d-2d98-09aa-7cc27adf9669,1991-04-30,,999-84-1800,S99921880,X99635513X,Mr.,Keenan632,Desmond566,Kutch271,,,M,white,nonhispanic,M,Granby  Massachusetts  US,440 Powlowski Rue Apt 45,Hamilton,Massachusetts,Essex County,,00000,42.61863536498541,-70.82865938741136,5610.46,81588.55,17799
765651c3-d1cf-5d2d-f4cf-94a1e3cc6ddd,1950-03-26,2013-05-19,999-52-7829,S99970602,X39484150X,Mr.,Lane844,Franklin857,Stoltenberg489,,,M,white,nonhispanic,M,Salem  Massachusetts  US,1096 Spinka View,Westford,Massachusetts,Middlesex County,,00000,42.55231291773204,-71.45680644034452,309229.27,587991.05,971255
2676bf55-81ff-0b6f-ef91-b74e87de35b4,1979-03-30,,999-75-8233,S99950914,X52514582X,Mr.,Phillip440,Forrest301,Runte676,,,M,white,nonhispanic,M,Fall River  Massachusetts  US,762 Romaguera Fort,Northborough,Massachusetts,Worcester County,25027,01532,42.28342771971459,-71.68072022124717,89469.20,60344.47,253853
204c5c20-ca94-b8f1-e449-3e364aa113eb,2009-10-07,,999-62-2844,S99910815,,,Boyce638,,Hickle134,,,,white,nonhispanic,M,Lowell  Massachusetts  US,636 Schiller Road Suite 47,Chicopee,Massachusetts,Hampden County,25013,01020,42.17829202695628,-72.52833908305378,6570.50,696943.35,3905
5cc322ac-03aa-7d7a-39d1-e2df157f3771,1984-08-18,,999-11-8821,S99978466,X65796367X,Ms.,Sari509,Kellie778,Nikolaus26,,,S,white,nonhispanic,F,Boston  Massachusetts  US,382 Rice Trafficway Unit 28,Everett,Massachusetts,Middlesex County,25017,02148,42.42365217111376,-71.10134348395958,17338.19,928462.62,16625
a41525e9-0abd-2b7a-7c4a-8243136c8935,2002-11-04,,999-43-1365,S99966700,X46120145X,Mr.,Jaime666,,Willms744,,,,white,nonhispanic,M,Sunderland  Massachusetts  US,279 Schmidt Mill Apt 55,Attleboro,Massachusetts,Bristol County,44007,02861,41.917354111869514,-71.29266764807156,63894.04,14537.34,855126
42fdccb9-b2d0-327c-e088-5460fbdfc98d,2006-07-22,,999-61-9962,S99967947,X94867972X,Mr.,Douglas31,Edmund685,Swaniawski813,,,,white,nonhispanic,M,Lowell  Massachusetts  US,860 Abshire Ferry Apt 57,Ware,Massachusetts,Hampshire County,25015,01082,42.258440929266065,-72.30131113438074,32670.27,35785.57,126477
8c9d32d0-2cb9-290f-43ef-e6451e83723f,1966-06-29,,999-25-7182,S99955230,X07809676X,Mr.,Kris249,,Vandervort697,,,M,black,nonhispanic,M,Acton  Massachusetts  US,394 Roob Port,Lawrence,Massachusetts,Essex County,25009,01843,42.72195477311715,-71.14949840609755,175345.31,3820.87,49075
0e218529-e415-fd91-155a-566d505e796d,1964-05-06,,999-15-1308,S99957875,X30937220X,Mr.,Courtney281,Mervin111,Little434,MD,,D,white,nonhispanic,M,Marshfield Hills  Massachusetts  US,187 Grady Fort Unit 61,Belmont,Massachusetts,Middlesex County,25017,02138,42.369867892117924,-71.14392687921791,117610.25,231293.62,67683
de0e91ee-bbee-9cbf-ddcd-ceb30250b116,2017-02-16,,999-54-3226,,,,Josephina269,Dawn804,Gorczany269,,,,white,nonhispanic,F,Forestdale  Massachusetts  US,674 Thompson Flat,Sharon,Massachusetts,Norfolk County,25021,02067,42.12736420022124,-71.2050425400113,29077.43,0.00,77607
e931f57d-6717-e2b2-2b34-34573ee4efab,2022-04-07,,999-41-1555,,,,Zula72,Tillie335,Fay398,,,,white,nonhispanic,F,Hanover  Massachusetts  US,1079 Kilback Byway Unit 11,East Bridgewater,Massachusetts,Plymouth County,,00000,42.03434623832415,-70.97488914873298,11020.49,0.00,92103
90ac5b7c-9031-7534-1d8b-5b731b0b5d7c,1999-09-06,,999-58-9753,S99999491,X64941131X,Mr.,Rickey821,Maximo817,Schumm995,,,,white,nonhispanic,M,Norfolk  Massachusetts  US,551 Jacobs Trace,Medford,Massachusetts,Middlesex County,25017,02145,42.40847207191861,-71.0849862520961,72880.61,39728.85,92348
f3ea1086-c450-72c0-c5a6-47e51bd33e9f,1995-09-02,,999-64-9009,S99985756,X41105650X,Mr.,Javier97,Brian582,Kuphal363,,,M,asian,nonhispanic,M,Lexington  Massachusetts  US,366 Zieme Dam,Boston,Massachusetts,Suffolk County,25025,02129,42.3464819524653,-71.02861035239691,51727.33,19215.20,66970
b2f4e03b-86ca-f5d7-6a55-5088345a59e3,2000-04-10,,999-65-4715,S99970077,X19089274X,Ms.,Adeline686,Hattie299,Walter473,,,,white,nonhispanic,F,Boston  Massachusetts  US,906 Hackett Crossing,South Yarmouth,Massachusetts,Barnstable County,25001,02664,41.63901147958504,-70.19202446623451,169440.11,805658.61,29466
1f88a7b8-d7ba-f1a3-cd52-430107268bc4,1931-08-21,1987-10-13,999-66-1519,S99943490,X72707180X,Ms.,Malisa137,Rebbeca432,Ebert178,,,S,white,nonhispanic,F,Boston  Massachusetts  US,654 Kilback Estate,Boston,Massachusetts,Suffolk County,25025,02151,42.32854562107502,-71.07366230112217,11893.73,496002.43,13114
9a9b36ab-78ea-660b-0788-0fb924ccffc4,1948-09-02,,999-72-4608,S99971301,X12362244X,Mrs.,Laurie826,Edward499,Shanahan202,,Schneider199,M,white,nonhispanic,F,Rio de Janerio  Rio de Janerio  BR,323 Dare Mews,Wakefield,Massachusetts,Middlesex County,25017,01880,42.47940982720497,-71.01582349997341,101296.08,657861.78,852848
d4c648aa-deea-6845-042d-edd1e73bb764,2020-12-28,,999-76-1160,,,,Fredricka415,,Fay398,,,,white,nonhispanic,F,New Bedford  Massachusetts  US,694 O'Connell Center Apt 43,Taunton,Massachusetts,Bristol County,25005,02718,41.910605917904284,-71.02092936461457,16144.64,5522.01,170100
f73cd440-d1be-1634-5752-e058386ee783,1962-05-05,2006-04-07,999-24-2937,S99948604,X53120283X,Mrs.,Candida654,Isabella615,Bartoletti50,,Hansen121,D,white,nonhispanic,F,Newton  Massachusetts  US,404 Keeling Rue Apt 2,Pepperell,Massachusetts,Middlesex County,25017,01463,42.67030550288884,-71.65069989318363,1088978.15,323811.55,88170
c3eead1b-062c-796f-97f9-9f51abf6c062,1943-03-14,,999-60-2359,S99976497,X52959679X,Mr.,Jonas187,Simon598,Boyer713,,,S,white,hispanic,M,Fitchburg  Massachusetts  US,988 Carroll Heights,Burlington,Massachusetts,Middlesex County,25017,01730,42.53617245700301,-71.24594860142534,64725.16,1139243.53,19746
c7ba333d-a8e6-cc64-b594-f84d0c6d8df4,1989-03-19,,999-59-2064,S99978655,X47041799X,Mr.,Bud153,Maynard46,Denesik803,,,M,other,nonhispanic,M,Boston  Massachusetts  US,1002 Okuneva Light Suite 85,Boston,Massachusetts,Suffolk County,25025,02136,42.36199497599688,-71.04921725614373,53976.00,9211.70,31177
95aa3b98-cfd7-39f3-5e04-e8576c2bf698,1966-03-18,,999-29-5415,S99992013,X52938404X,Mrs.,Marya246,Shelly431,Bechtelar572,,Roob72,D,black,nonhispanic,F,Lynn  Massachusetts  US,485 Wilkinson Village Unit 75,Plymouth,Massachusetts,Plymouth County,25023,02360,41.878818204891864,-70.64601591319001,697789.70,499424.45,68214
1cf9d832-7783-85de-9eb3-2bb21b62705e,1980-05-13,,999-99-9411,S99913940,X52229373X,Mr.,Angelo118,Donovan745,Toy286,,,D,white,nonhispanic,M,Agawam  Massachusetts  US,721 Franecki Loaf,New Bedford,Massachusetts,Bristol County,25005,02744,41.61927303124609,-70.91627145341458,135983.60,37702.65,46456
9869cc8f-9cb2-04a8-cf6d-c26f049c0964,1930-06-11,2016-08-24,999-95-1924,S99940566,X83873596X,Mrs.,Sandi885,Viola977,Gusikowski974,,Jenkins714,M,white,nonhispanic,F,Stoneham  Massachusetts  US,1002 Lockman Club,Hamilton,Massachusetts,Essex County,,00000,42.5821745253433,-70.89930070917949,314211.16,531866.52,135607
22a50ac0-d7cb-ec97-20c1-4b15a13f19f7,2004-09-23,,999-36-4021,S99975651,X62443325X,Mr.,Son314,,Reichert620,,,,white,nonhispanic,M,Springfield  Massachusetts  US,511 Dooley Landing Suite 5,Plainville,Massachusetts,Norfolk County,,00000,42.00845822793554,-71.32208826837287,32905.09,28150.66,192113
7a7f2a8a-445a-dbd1-5dc9-ea5457eeda0d,1968-07-31,,999-29-7044,S99954005,X38772569X,Mr.,Donnie175,Harold594,Thompson596,,,S,white,nonhispanic,M,Haverhill  Massachusetts  US,718 Rau Crossroad,Ashfield,Massachusetts,Franklin County,,00000,42.49874565627719,-72.84014428115285,146395.85,529445.41,75115
a4ef5920-ea36-4bda-d33e-4071403a5cea,1969-04-15,,999-93-3728,S99952496,X53407800X,Mr.,Willard975,Burt293,MacGyver246,,,D,white,nonhispanic,M,Swansea  Massachusetts  US,1017 Schmeler Skyway,Acushnet,Massachusetts,Bristol County,,00000,41.742426425512626,-70.90144971175685,9381.91,149063.24,19239
ed3240f2-0bc1-a929-d9e3-bd2c1e245ed6,1967-11-28,,999-45-8726,S99994280,X74322898X,Ms.,Tonette11,,Dickinson688,,,S,black,nonhispanic,F,Waltham  Massachusetts  US,841 Barton Divide,Brookline,Massachusetts,Norfolk County,25017,02467,42.34360663798914,-71.14920581422442,375534.36,923913.19,165509
90cbf5dc-beeb-a6f5-4543-a8904dc83101,1981-03-17,,999-52-2555,S99931833,X88012151X,Mr.,Rod343,,Russel238,,,D,white,nonhispanic,M,Sutton  Massachusetts  US,923 Renner Esplanade,Deerfield,Massachusetts,Franklin County,25011,01342,42.54553463513644,-72.65884003273129,112389.30,23906.97,188534
898d0ec4-a020-8aeb-8745-b5108afbf480,1981-10-19,,999-80-6261,S99982349,X17712404X,Mr.,Newton741,Benito209,Fadel536,,,M,asian,nonhispanic,M,Beijing  Beijing Municipality  CN,589 Hamill Port Suite 19,Melrose,Massachusetts,Middlesex County,25017,02176,42.436761265236136,-71.10727176764732,104786.58,28702.52,37107
4dc37039-f8c9-727d-4488-2b6f89ad42e1,1980-09-27,,999-23-3001,S99915104,X46257792X,Mr.,Manual570,Brad867,Ullrich385,,,M,black,nonhispanic,M,Brookline  Massachusetts  US,930 Pacocha Way,Franklin,Massachusetts,Norfolk County,25021,02038,42.03618098156941,-71.3935425115057,163095.78,4646.07,120785
19469142-bf14-6597-5178-c43944a6c45f,1950-03-26,2024-10-19,999-98-7831,S99994250,X38668391X,Mr.,Malcom15,Ira784,Stiedemann542,,,S,white,nonhispanic,M,Belmont  Massachusetts  US,154 Schumm Trailer,Westford,Massachusetts,Middlesex County,,00000,42.54741555087034,-71.39904283435173,115269.68,387195.01,971255
f63e693a-3de0-99bd-5c94-30737bf59ca0,1931-08-21,2017-12-02,999-40-7034,S99925476,X80836632X,Mrs.,Evon528,Marquitta546,Lubowitz58,,Crona259,M,white,nonhispanic,F,Sandwich  Massachusetts  US,772 Mosciski Row Apt 6,Boston,Massachusetts,Suffolk County,25025,02203,42.39492841362991,-71.0583429904367,24185.26,1686133.38,13114
69854bc8-4da5-b47f-87d7-6cb465ca318a,1993-10-22,,999-14-3014,S99928266,X71936817X,Mr.,Stanton715,Bert917,Bailey598,,,M,white,nonhispanic,M,Wakefield  Massachusetts  US,892 Kirlin Road,Boston,Massachusetts,Suffolk County,25025,02132,42.29553906502428,-71.1100551102671,72814.16,15655.05,50328
b7e6fc32-7a5a-eaa9-97de-1c241757a5fa,2009-09-06,,999-24-1788,S99921104,,,Henriette328,Marketta481,Haag279,,,,white,nonhispanic,F,North Attleborough  Massachusetts  US,651 Treutel Vista Suite 78,Hingham,Massachusetts,Plymouth County,25023,02043,42.19452832379299,-70.85329096183504,6809.72,49450.84,142931
64a491f6-c478-e1fa-ed1a-9b7edafe976a,2021-11-09,,999-27-6289,,,,Stuart913,Rey54,Klocko335,,,,white,nonhispanic,M,Newton  Massachusetts  US,274 Schroeder Way,Billerica,Massachusetts,Middlesex County,,00000,42.58028377451775,-71.27122161167945,9605.94,50412.30,81558
52a12740-5ca4-0599-f5cf-3ad40177f06c,2016-11-19,,999-65-3503,,,,Keva141,,Sanford861,,,,white,hispanic,F,East Longmeadow  Massachusetts  US,336 Champlin Haven Unit 60,Boston,Massachusetts,Suffolk County,25025,02108,42.35408762168526,-71.02753365712644,1980.61,45831.07,2516
85f17a6c-b33b-56c2-7ca0-c6fee3b5be01,2010-04-20,,999-26-9313,S99931231,,,John539,Fritz267,Murphy561,,,,white,nonhispanic,M,Chester  Massachusetts  US,506 Kshlerin Quay Unit 96,Attleboro,Massachusetts,Bristol County,25005,02703,41.8308516824991,-71.34647798433538,28168.41,0.00,70563
c8bb2932-04d8-ca33-1692-18257630f67b,1976-12-01,,999-96-8853,S99936236,X79343421X,Mrs.,Joetta231,Chris95,Erdman779,,Mante251,M,white,hispanic,F,Quincy  Massachusetts  US,954 Kuphal Annex,Boston,Massachusetts,Suffolk County,25025,02110,42.22227964610326,-71.09282558830323,123832.35,1126583.35,26235
e5f73740-6a41-bd02-ec33-88010c8441a3,1990-09-04,,999-11-3781,S99913878,X95744377X,Mr.,Nestor901,Tristan353,Pfeffer420,,,S,white,nonhispanic,M,Deerfield  Massachusetts  US,396 Feeney Parade Suite 8,Cambridge,Massachusetts,Middlesex County,25017,02138,42.40735629677718,-71.1411877514135,7721.10,82409.64,18423
c8a66eeb-ffe3-9848-9e76-983ea5c82470,2003-07-21,2015-02-19,999-71-9813,,,,Adella39,,Bartell116,,,,white,nonhispanic,F,Millbury  Massachusetts  US,615 Orn Drive Apt 17,Holyoke,Massachusetts,Hampden County,25013,01040,42.197038267466766,-72.67893511337894,28802.58,23218.99,191562
0b3c5d2c-3b77-54c3-ba1c-ace6dd9023ed,1994-03-14,,999-56-4320,S99943518,X89688712X,Mr.,Garret233,Carter549,Armstrong51,,,S,white,nonhispanic,M,Wayland  Massachusetts  US,712 O'Reilly Common,Watertown,Massachusetts,Middlesex County,25017,02472,42.38304796107025,-71.20359065914252,67525.42,10723.70,137180
d166a6f7-8f9d-f18a-1da2-b7035918c67c,1981-03-22,,999-73-4907,S99983999,X15019682X,Mrs.,Contessa946,Nidia145,Marks830,,Walter473,M,white,nonhispanic,F,Lee  Massachusetts  US,1095 O'Keefe Dale,Saugus,Massachusetts,Essex County,25009,01906,42.461629838796206,-70.99522921233752,380663.58,794501.80,114264
1fe6cb87-07bb-1ef0-151a-2548b7bf5810,1969-06-08,,999-22-7526,S99984763,X92824164X,Mr.,Darryl392,Jean712,Kuhn96,,,S,white,nonhispanic,M,Dartmouth  Massachusetts  US,622 Schimmel Key,Framingham,Massachusetts,Middlesex County,25017,01701,42.25742372132087,-71.4417757563547,154893.14,16117.94,123731
0df7ccd6-8b0f-1d94-ec62-387f44c5cdb8,1962-05-05,,999-93-2955,S99941659,X49211372X,Mrs.,Mechelle851,,Lakin515,,Macejkovic424,M,white,nonhispanic,F,Wakefield  Massachusetts  US,389 Gislason Highlands Unit 33,Pepperell,Massachusetts,Middlesex County,25017,01463,42.62982033616177,-71.6478092153892,629757.43,127201.63,88170
92cbe99b-69ac-af31-fb16-e427574104eb,1957-06-10,2004-02-16,999-78-5189,S99983635,X06469423X,Mrs.,Maybell872,Augustina561,Purdy2,,Ritchie586,M,white,nonhispanic,F,Methuen  Massachusetts  US,624 Reinger Row Suite 28,North Adams,Massachusetts,Berkshire County,25003,01247,42.656449143618296,-73.11887139377704,296674.84,1237197.80,25062
c5bd3f1e-7e78-33a1-6bc5-c2593f3598b5,2001-11-06,,999-24-1659,S99967300,X02484986X,Ms.,Nida800,Bernarda685,Sipes176,,,,black,nonhispanic,F,Fiskdale  Massachusetts  US,539 Purdy Divide Apt 38,Boston,Massachusetts,Suffolk County,25025,02126,42.38826315470063,-71.09386834842113,63748.14,176462.43,118475
d8ae5451-48ee-a91d-3564-55a75d04015f,2003-07-21,,999-69-4524,S99935861,X69887018X,Ms.,Sharri659,Florance664,Bahringer146,,,,white,nonhispanic,F,New Bedford  Massachusetts  US,605 Stoltenberg Plaza,Holyoke,Massachusetts,Hampden County,25013,01040,42.16499450183893,-72.66289593883572,116800.94,138379.58,191562
ace94a81-bd44-db10-7dee-c834f08c1a64,2009-06-01,,999-39-5594,S99930294,,,Bud153,Vicente970,Wiegand701,,,,white,nonhispanic,M,Dracut  Massachusetts  US,792 Abbott Heights Apt 61,Revere,Massachusetts,Suffolk County,25025,02151,42.454814675718886,-70.97425155984243,4091.72,61319.74,10172
e6833d46-2b7c-0b11-04b5-cadf058e5eb5,1981-09-17,,999-87-5699,S99968124,X55911100X,Mrs.,Darline247,Hedy234,Schowalter414,,Sawayn19,M,white,nonhispanic,F,Lakeville  Massachusetts  US,364 Bode Mews Unit 41,Cambridge,Massachusetts,Middlesex County,25017,02138,42.343616650858856,-71.17065547475687,99736.90,873958.33,23439
6d2386a4-4f28-af9b-dc8e-ef22cb31ea5c,2006-01-06,,999-87-1872,S99957295,X15069578X,Mr.,Kermit56,,Mayert710,,,,white,nonhispanic,M,Boston  Massachusetts  US,985 Dare Dam,Chelsea,Massachusetts,Suffolk County,25025,02150,42.433659932253725,-70.99601678237526,3705.64,54538.53,455
310cc0df-6fd9-57e6-ae3d-fbfeb4f053d2,2018-04-10,,999-73-4579,,,,Kathleen516,Tabitha433,Pagac496,,,,asian,nonhispanic,F,Bangalore  Karnataka  IN,388 Lindgren Skyway,Boston,Massachusetts,Suffolk County,25025,02109,42.29650187581683,-71.15811711355843,18092.73,0.00,76270
d9c67e16-4d5e-7d62-4abb-bef533b12056,1968-07-11,,999-90-9751,S99973745,X19112406X,Mrs.,Rory188,Dottie687,Bogisich202,,Quigley282,M,white,hispanic,F,Middleborough  Massachusetts  US,893 Roberts Dale,Canton,Massachusetts,Norfolk County,,00000,42.196773269350565,-71.13319587744921,384073.24,1017828.13,147080
ea12ce30-e96a-c47b-f7a1-1ca7f2506b11,1943-05-26,,999-44-6900,S99993737,X46944599X,Mr.,Eugenio846,Nathan164,Huel628,,,M,white,nonhispanic,M,Boston  Massachusetts  US,473 Armstrong Landing,Lynn,Massachusetts,Essex County,25009,01902,42.501652625588626,-70.97554017773466,245995.15,806734.95,25805
63fa0750-7de6-2da7-fb38-d055c0b548b7,2022-12-01,,999-40-8535,,,,Lory442,,Ullrich385,,,,white,nonhispanic,F,Blackstone  Massachusetts  US,279 Mayer Common Apt 31,Waltham,Massachusetts,Middlesex County,25017,02452,42.44074677091092,-71.24992147365316,7597.03,0.00,498803
1e8ae564-16ba-b447-dd22-d1580fc02e5a,2008-01-03,,999-34-4175,S99931360,,Ms.,Melodie819,Ronna740,Gulgowski816,,,,white,nonhispanic,F,Plymouth  Massachusetts  US,538 Orn Path Apt 48,Medford,Massachusetts,Middlesex County,25017,02145,42.43798118883264,-71.07329587480741,15562.41,196399.16,115370
148faa2c-39b3-a374-41be-4ffd7302d0bb,2017-06-09,,999-53-9407,,,,Chara19,Artie871,McGlynn426,,,,white,nonhispanic,F,Boston  Massachusetts  US,324 Rutherford Gateway,Easton,Massachusetts,Bristol County,,00000,41.99289935501201,-71.12239658758907,1802.87,18505.48,19880
99de4b9b-6c70-734a-ee4d-635344f41b93,1989-11-05,,999-73-2095,S99980944,X47026160X,Mr.,Jacobo456,Cristobal567,Olmos892,,,S,white,hispanic,M,Bogota  Bogota  CO,781 Kihn Lock Suite 60,Brewster,Massachusetts,Barnstable County,25001,02631,41.750751661278954,-70.05205021548129,34569.72,720844.67,125785
9f305681-97cd-397e-61c4-8a62125602c5,1930-06-11,,999-10-8487,S99943511,X03439250X,Mrs.,Else33,,Kub800,,O'Reilly797,M,white,nonhispanic,F,Waltham  Massachusetts  US,536 Moore Gardens,Hamilton,Massachusetts,Essex County,,00000,42.661194265069746,-70.85898663445992,422865.36,1840649.81,135607
ce936f4f-a89b-4a9a-0486-acfd3fd9515b,1931-08-21,2022-04-06,999-95-6569,S99981449,X69630058X,Mrs.,Wilhelmina724,Alfreda3,O'Reilly797,,Johnston597,W,white,nonhispanic,F,Dracut  Massachusetts  US,1003 Champlin Mission,Boston,Massachusetts,Suffolk County,25025,02109,42.40145480583251,-71.10628182348864,79975.45,1859015.18,13114
a89305b8-cf73-13c9-f129-b0eb18fb7cf6,1972-12-25,,999-40-8624,S99950377,X06023066X,Mr.,Gene733,Thanh759,Brekke496,,,D,white,nonhispanic,M,Auburn  Massachusetts  US,648 Funk Rest Apt 81,Chatham,Massachusetts,Barnstable County,25001,02633,41.72200870025824,-69.99384360353646,74435.61,46632.57,32918
31a4bbbc-648a-0c36-a9cc-a0c7a70b01e7,1950-03-26,2026-05-02,999-66-6399,S99931080,X56267904X,Mr.,Eduardo902,Columbus656,Jast432,,,D,white,nonhispanic,M,Athol  Massachusetts  US,477 Funk Dale,Westford,Massachusetts,Middlesex County,,00000,42.596810804802075,-71.47773774214646,77397.44,1130571.09,971255
e365aa4c-3626-7c8a-ba52-5b0dac12210e,2014-06-20,,999-51-7202,,,,Royce974,Freddie621,Koepp521,,,,asian,nonhispanic,M,Scituate  Massachusetts  US,402 Goyette Arcade,Longmeadow,Massachusetts,Hampden County,25013,01106,42.02436450661007,-72.58226475625106,1816.01,59540.90,11313
0b3b1c9a-57e9-a359-0c0f-d0984ea78f7f,1975-09-26,2024-09-18,999-72-4835,S99999825,X76477443X,Mr.,Micheal721,Derrick232,Rogahn59,,,M,white,nonhispanic,M,Southbridge  Massachusetts  US,510 Reichel Green Suite 31,Fall River,Massachusetts,Bristol County,25005,02723,41.68116141989562,-71.1659221614983,26473.44,309957.28,13562
f8446696-06e7-c165-3dfd-3695da7f3d7b,1982-02-12,,999-50-6120,S99995314,X19373837X,Mrs.,Dani520,Edda876,Pfannerstill264,,Romaguera67,M,white,nonhispanic,F,Wakefield  Massachusetts  US,1094 Fisher View Suite 23,Sterling,Massachusetts,Worcester County,,00000,42.49540609476233,-71.7948259091507,232465.87,166627.92,60861
4b437394-9e02-8500-153f-56568db04024,2010-02-19,,999-21-1542,S99998185,,,Laticia649,Tammara379,Grady603,,,,white,nonhispanic,F,Chelmsford  Massachusetts  US,346 Padberg Mall Unit 7,Easthampton,Massachusetts,Hampshire County,25015,01027,42.248178404958374,-72.71515016765383,30217.64,58292.26,131448
f0fbadb1-ad50-c95c-02f2-b124b8bba1f7,1945-05-21,2022-05-07,999-54-8502,S99934071,X27820252X,Mr.,Fritz267,Herman763,Rath779,,,D,white,nonhispanic,M,Lowell  Massachusetts  US,136 Mayer Landing,Worcester,Massachusetts,Worcester County,25027,01609,42.31054849440477,-71.66500519657802,18438.01,567419.60,18033
64409e93-ac55-2a27-619a-fbd3e13f559f,2001-10-20,,999-76-2037,S99989973,X16990206X,Ms.,Kyoko885,Renae431,Klocko335,,,,white,nonhispanic,F,Fitchburg  Massachusetts  US,934 Emard Arcade Apt 38,Leominster,Massachusetts,Worcester County,25027,01420,42.52257883584166,-71.71811717666452,96610.37,127541.29,60018
b78e97cf-ad17-2ce4-eff6-07a9a0aa979b,1986-12-01,,999-36-6761,S99960387,X49068495X,Mrs.,Nery414,Virgen207,Thiel172,,Fahey393,M,white,nonhispanic,F,Fitchburg  Massachusetts  US,334 Koss Crossroad Unit 89,Fall River,Massachusetts,Bristol County,25005,02723,41.563161362094434,-71.12228480081275,221891.72,892473.78,43180
8fad5194-4823-c0ae-ecbe-b0dbb3d4d9af,1996-12-09,,999-39-5435,S99919283,X41109462X,Mrs.,Eileen854,Ilana185,Jones311,,Crist667,M,white,nonhispanic,F,Holliston  Massachusetts  US,634 Daugherty Rest,Boston,Massachusetts,Suffolk County,25025,02113,42.29275137828348,-71.10624686834844,49025.45,181115.53,24956
681db64e-0470-53b5-894e-fadf5ca2bce1,2015-03-23,,999-68-1538,,,,Wally311,Yong583,Yundt842,,,,white,nonhispanic,M,Lowell  Massachusetts  US,841 Stiedemann Dam,Fall River,Massachusetts,Bristol County,25005,02724,41.69663358479446,-71.0854374329711,40469.07,6585.96,92433
b540b906-183a-73fe-a1e3-b8894053d2a4,1982-12-18,,999-90-7664,S99955703,X91434982X,Mr.,Marcelino726,Bruno518,Rodriguez71,,,M,white,nonhispanic,M,Malden  Massachusetts  US,188 Legros Burg Suite 36,Lexington,Massachusetts,Middlesex County,25017,02421,42.475105490937885,-71.27095766067478,115894.63,9801.99,147365
703a108d-1606-a51a-7026-59700fc11f92,1948-07-17,,999-96-6630,S99939939,X27083323X,Mr.,Peter292,Weston546,Dare640,,,D,white,hispanic,M,Marshfield  Massachusetts  US,603 Flatley Passage,Methuen,Massachusetts,Essex County,25009,01841,42.75779097688301,-71.14376062340014,280948.57,124615.49,46634
4ab40619-1a4d-3350-3edb-5872b04ca776,1957-06-10,,999-63-5687,S99925563,X01372561X,Mrs.,Felica690,Sunni15,Kozey370,,Kuhic920,M,white,nonhispanic,F,Worcester  Massachusetts  US,702 Bahringer Route Apt 65,North Adams,Massachusetts,Berkshire County,25003,01247,42.679336349260865,-73.09220555919482,271804.76,931621.14,25062
3e6e8883-48cd-a6f1-9842-5a1509058cde,2024-08-03,,999-54-9909,,,,Dina200,,Mayert710,,,,white,nonhispanic,F,Rockland  Massachusetts  US,544 Oberbrunner Divide Apt 31,Fitchburg,Massachusetts,Worcester County,25027,01420,42.553533916646536,-71.83135486236893,500.34,9033.34,1908
3622ca79-da77-bfc6-2a95-03c8af17a9e1,1975-09-26,,999-45-8908,S99942464,X61453047X,Mr.,Boyd728,,Halvorson124,,,M,white,nonhispanic,M,Yarmouth  Massachusetts  US,115 Hickle Tunnel Apt 39,Fall River,Massachusetts,Bristol County,25005,02720,41.698154361622954,-71.17769142155305,10729.76,111617.49,13562
e7c37ea3-cdde-9f5a-ecba-befd7c44c510,1931-08-21,1985-07-26,999-59-2598,S99910968,X40921449X,Mrs.,Anamaria46,Charise827,Douglas31,,Mertz280,D,white,nonhispanic,F,Somerville  Massachusetts  US,706 Keeling Stravenue Apt 9,Boston,Massachusetts,Suffolk County,25025,02114,42.26534098079331,-71.0682281592033,18219.90,1251265.00,13114
57dd3a09-7528-0df0-6330-ef66cc164c5b,1970-06-19,,999-64-7430,S99963284,X16424049X,Mr.,Teddy976,Alejandro916,Hagenes547,,,S,white,nonhispanic,M,Fall River  Massachusetts  US,491 Little Flat,Brockton,Massachusetts,Plymouth County,25023,02301,42.136375130981854,-71.04456597373405,151832.13,21447.72,93346
dbdc056e-68c3-360d-9542-72fc0cfed757,1945-05-21,2002-04-30,999-50-6520,S99964919,X94141542X,Mr.,Zack583,Danial835,O'Reilly797,,,S,white,nonhispanic,M,North Andover  Massachusetts  US,749 Gaylord Common Unit 4,Worcester,Massachusetts,Worcester County,25027,01545,42.3217066499704,-71.78774231270738,14162.52,250572.93,18033
896677cd-c901-5ea8-07e5-f4616704c79b,2002-05-08,,999-47-7094,S99938335,X56099073X,Mr.,Toney527,Rodrick370,Heller342,,,,white,nonhispanic,M,Boston  Massachusetts  US,489 Ernser Estate Unit 43,Pittsfield,Massachusetts,Berkshire County,25003,01201,42.425298761190405,-73.29962755540032,109333.41,0.00,54115
93373264-8604-e9b1-8772-8062edf9b350,2004-03-02,,999-16-8829,S99996802,X13321654X,Ms.,Clarinda196,,Windler79,,,,white,nonhispanic,F,Framingham  Massachusetts  US,1078 Satterfield Lodge Apt 30,Milford,Massachusetts,Worcester County,25027,01757,42.162873237828016,-71.51263609614222,41401.05,759672.50,199123
b214d322-fef2-5f3d-7093-63f88567afd5,1960-04-17,2013-08-07,999-51-7082,S99959591,X99137023X,Mrs.,Venetta859,Vernice968,Crona259,,Mohr916,D,white,nonhispanic,F,Yarmouth  Massachusetts  US,526 Wisoky Ville Unit 82,Boston,Massachusetts,Suffolk County,25025,02113,42.31381521085966,-71.1348263277656,273359.60,667623.83,125284
6f6e5366-fad4-6f35-0ad1-7530ec40b38c,2016-04-22,,999-82-9414,,,,Claud279,Kraig824,Hettinger594,,,,white,nonhispanic,M,Medford  Massachusetts  US,500 Christiansen Stravenue,Plymouth,Massachusetts,Plymouth County,25023,02360,41.91058023261456,-70.67393247192015,27307.53,13682.00,75391
36fd2187-d3ec-4e19-3398-27d2e0f2c941,2021-03-23,,999-35-8491,,,,Rory188,Gilbert263,Weber641,,,,white,hispanic,M,Lynn  Massachusetts  US,665 Schamberger Course,Boston,Massachusetts,Suffolk County,25025,02111,42.31379232205708,-71.04395508310964,820.77,11979.65,10415
00f94de6-d0f0-ee9b-7be3-5dfeecbbca58,1951-10-27,,999-21-7194,S99953041,X41063088X,Mr.,José Eduardo181,Francisco472,Nazario58,,,M,white,hispanic,M,Guatemala City  Guatemala  GT,299 Marquardt Row Unit 71,Chicopee,Massachusetts,Hampden County,25013,01022,42.15133513344013,-72.5124069788488,186291.73,150148.08,28452
0e76b954-9ea0-fcf8-5282-58ddc7dd16a4,1967-07-28,,999-26-4057,S99916394,X38267790X,Mr.,Mark765,Rupert654,Rohan584,,,M,white,nonhispanic,M,Worcester  Massachusetts  US,629 Goyette Common,Malden,Massachusetts,Middlesex County,25017,02155,42.41140790985488,-71.14510998689258,10299.36,165390.46,18744
e56c094c-01d8-d16a-ad2d-f1df1807411f,1961-08-28,,999-29-8764,S99964729,X12648557X,Mr.,Tony646,,Jakubowski832,,,M,asian,nonhispanic,M,Beijing  Beijing Municipality  CN,417 Mueller Tunnel Unit 59,Norwood,Massachusetts,Norfolk County,25021,02062,42.152855968847106,-71.14909556289432,98206.02,836086.52,538070
47221a6f-978a-566b-d6cd-4e7e9d6ad6df,1981-06-26,,999-97-4638,S99941603,X98985285X,Mrs.,Maud851,Arica110,Casper496,,Labadie908,M,white,nonhispanic,F,Bedford  Massachusetts  US,540 Heller Junction,Worcester,Massachusetts,Worcester County,25027,01607,42.25094596854877,-71.82226105330727,478426.96,25840.12,75909
1bd49c27-a2bb-005c-5e30-846338e1d475,1999-08-06,,999-14-8411,S99933187,X89667302X,Mr.,Freddy176,Ronny764,Kuhlman484,,,,white,nonhispanic,M,Lowell  Massachusetts  US,457 Luettgen Underpass,New Bedford,Massachusetts,Bristol County,25005,02745,41.585895678914085,-71.00968979970457,5007.21,87518.11,22567
bd6be045-c786-0a97-1aea-a26b9b4dce95,2012-03-20,,999-68-6659,,,,Mitch821,Lucius907,Hagenes547,,,,white,nonhispanic,M,Northborough  Massachusetts  US,699 Parker Track,Lowell,Massachusetts,Middlesex County,25017,01852,42.60883843488628,-71.3446822815135,37794.52,4875.91,144423
30caae2a-f4ba-c43a-1fe2-71a2049b2b4e,1945-05-21,2006-05-31,999-55-4278,S99943372,X16461347X,Mr.,Roman389,Antonio44,Powlowski563,,,S,white,nonhispanic,M,Wrentham  Massachusetts  US,831 Beer Gateway,Worcester,Massachusetts,Worcester County,25027,01609,42.31236265140082,-71.78566816750549,12343.72,237684.70,18033
c0716ee5-16c6-c121-4eb6-77f610995282,1970-11-30,,999-30-2726,S99982326,X60282970X,Mrs.,Arletha291,,Wiegand701,,Dickens475,M,white,nonhispanic,F,Brockton  Massachusetts  US,569 Schroeder Flat Unit 84,West Falmouth,Massachusetts,Barnstable County,25001,02574,41.55819962590796,-70.59093499779053,15382.99,990203.36,7357
d843847f-34ed-8c64-8acc-b4e50c74a447,1966-11-19,,999-27-2949,S99991800,X68344277X,Mrs.,Laurette750,Quyen270,Fritsch593,,Hermann103,M,white,nonhispanic,F,Worcester  Massachusetts  US,1049 Crona Boulevard,Springfield,Massachusetts,Hampden County,25013,01118,42.15729529987931,-72.56535843960978,18119.82,595845.10,11421
1ebf59d2-e289-fb86-591f-65906af234f4,1960-04-17,,999-73-6761,S99928048,X86177776X,Mrs.,Carolee951,Arletta663,Turcotte120,,Schroeder447,M,white,nonhispanic,F,Sandwich  Massachusetts  US,624 Wolff Vista Unit 87,Boston,Massachusetts,Suffolk County,25025,02128,42.397722288499956,-71.00251918327166,269085.77,864291.93,125284
66026c17-1780-5d11-6c1c-342dfc6c9327,1971-04-14,,999-57-6613,S99998986,X95688144X,Mrs.,Chiquita638,Lenita591,Welch179,,Sauer652,M,asian,nonhispanic,F,Fairhaven  Massachusetts  US,700 Ledner Divide,Marlborough,Massachusetts,Middlesex County,25017,01752,42.302938191441655,-71.53604727471247,287317.19,1144843.37,144874
435d5231-794c-134a-a75e-20076cb08f69,2010-12-24,,999-79-3773,,,,Guy979,Daryl568,Wehner319,,,,white,nonhispanic,M,Cohasset  Massachusetts  US,210 Bayer Orchard Unit 81,Hanover,Massachusetts,Plymouth County,,00000,42.12026594246879,-70.82630495953407,55898.30,31121.97,66027
54a6172a-09c9-f283-904c-7f824f7e7d0d,2015-05-02,,999-16-1232,,,,Marvis190,Jacalyn740,Dooley940,,,,white,nonhispanic,F,Leominster  Massachusetts  US,591 Cassin Village,Fall River,Massachusetts,Bristol County,25005,02790,41.71892998784252,-71.13163416127408,32709.50,8781.64,28270
8dbf110c-741e-8452-8640-45b1627577e2,1990-06-19,,999-28-4714,S99950449,X70068833X,Mrs.,Tiara667,Norah104,Gislason620,,Cummings51,M,white,nonhispanic,F,Newton  Massachusetts  US,161 Renner Landing Unit 33,Weymouth,Massachusetts,Norfolk County,25021,02191,42.19269112863421,-70.88571154352773,168408.10,499674.66,54016
81f70c6b-c42d-a3b0-1b32-94fef4db51fc,1931-08-21,2016-10-29,999-79-5214,S99975181,X64590820X,Mrs.,Luvenia178,Patsy569,Greenfelder433,,Littel644,M,white,nonhispanic,F,Bourne  Massachusetts  US,742 Reynolds Byway Apt 89,Boston,Massachusetts,Suffolk County,25025,02131,42.34814350047883,-70.95404753785192,21954.91,874610.04,13114
a32da18a-5bb9-5013-ed48-021ccb112f21,1957-03-31,,999-74-9051,S99917449,X27376972X,Mr.,Justin359,Jarrod316,Rath779,,,M,white,nonhispanic,M,Westfield  Massachusetts  US,359 Jast Viaduct Unit 43,Fitchburg,Massachusetts,Worcester County,25027,01420,42.615101331579254,-71.86298822912022,203396.14,738834.62,30362
487437b5-25a4-d431-2cb4-10fdb8b96fbf,1976-01-01,,999-76-3406,S99991608,X46818309X,Mr.,Freddie621,Hans694,Paucek755,,,M,white,nonhispanic,M,Belmont  Massachusetts  US,285 Breitenberg Rapid Unit 51,Boston,Massachusetts,Suffolk County,25025,02115,42.31756618853112,-71.00634225712692,101295.32,44008.08,632330
ea9f2bb1-d905-b4e6-e4d9-6c2a1d7f1704,1946-03-10,,999-13-2767,S99961063,X33662602X,Mrs.,Shaquana156,Veronique514,Bruen238,,Koepp521,M,white,nonhispanic,F,Natick  Massachusetts  US,800 Stoltenberg Pathway,Attleboro,Massachusetts,Bristol County,44007,02861,41.90462024839933,-71.246981643404,360350.94,993287.38,126914
fe816dd4-384c-2042-a8aa-5c645f88f1f6,1950-03-26,2011-12-21,999-27-6822,S99980905,X12861015X,Mr.,Mauricio81,Arnoldo445,Doyle959,,,M,white,nonhispanic,M,New Bedford  Massachusetts  US,943 Yundt Course Unit 17,Westford,Massachusetts,Middlesex County,,00000,42.6343609313613,-71.39310343188662,144860.50,81156.34,971255
099f9595-8de1-0eb8-cf5d-76bc9db04351,2015-02-19,,999-83-8164,,,,Chauncey770,Gail741,Wolff180,,,,white,nonhispanic,M,Turin  Piedmont  IT,171 Greenfelder Dam,Chelsea,Massachusetts,Suffolk County,25025,02151,42.46738360062237,-70.97732887407754,35821.20,56697.85,61347
9992f8cc-bbc3-5cb8-aa23-94644fae266a,1998-04-17,,999-44-8486,S99985666,X17092001X,Mr.,Sang383,Ryan260,Veum823,,,M,white,nonhispanic,M,Raynham  Massachusetts  US,383 Christiansen View,Wayland,Massachusetts,Middlesex County,,00000,42.345552227337336,-71.40444303768795,35598.10,26975.87,959121
fb6f49da-0c0d-6d7a-909e-c4f14cc59d19,2024-04-03,,999-77-8148,,,,Wilbert25,Jean712,Lang846,,,,white,nonhispanic,M,Taunton  Massachusetts  US,382 Gleichner Extension,Southbridge,Massachusetts,Worcester County,25027,01550,42.03089170936873,-72.00584124724519,5286.17,0.00,147734
367f27a8-edde-3a4e-11b2-b9400a2b7923,1954-06-13,,999-41-7139,S99968505,X57917051X,Mr.,Lemuel304,Chi716,Trantow673,,,S,asian,nonhispanic,M,Williamstown  Massachusetts  US,837 Stanton Highlands Apt 96,Millis,Massachusetts,Norfolk County,,00000,42.172939521819494,-71.326887384457,328825.25,1574404.41,132698
4a463c0e-3c7b-fda5-d272-205b10328321,2005-09-21,,999-12-2541,S99970413,X05998259X,Mr.,Dan465,Elton404,Parker433,,,,white,nonhispanic,M,Everett  Massachusetts  US,260 Fahey Manor Suite 65,Waltham,Massachusetts,Middlesex County,25017,02452,42.37315407681387,-71.2597269389795,59394.34,68778.21,67166
74ec7736-daa8-b7c4-bed5-07423dd5b247,1945-05-21,,999-65-7854,S99942546,X06758564X,Mr.,Scotty190,Duncan491,McKenzie376,,,D,white,nonhispanic,M,Baldwinville  Massachusetts  US,343 Herzog Club,Worcester,Massachusetts,Worcester County,25027,01609,42.23850008134271,-71.82273062541637,16925.82,436670.20,18033
aebac45c-b333-bc31-4aff-c61e03e2ef2d,2001-11-07,,999-86-9206,S99981085,X29448924X,Mr.,Milford485,Rolf983,Wintheiser220,,,,white,nonhispanic,M,Sherborn  Massachusetts  US,929 Volkman Vista Suite 70,Malden,Massachusetts,Middlesex County,25017,02148,42.46535576876112,-71.0820567892827,80566.35,13149.13,137754
9e19e139-0768-91d6-82b6-0df02a4fe66d,1995-07-28,2020-08-25,999-65-5465,S99938966,X16125908X,Mr.,Jc393,Ashley34,Swaniawski813,,,,white,nonhispanic,M,Revere  Massachusetts  US,736 Doyle Brook,Bourne,Massachusetts,Barnstable County,25001,02532,41.73669627468159,-70.59437135889478,118396.05,576282.55,81710
5740dfec-2726-f2ad-ea8b-fb17094b146c,1963-08-07,,999-52-4287,S99921019,X10855252X,Mr.,Enoch803,Mose244,Morissette863,,,S,white,nonhispanic,M,Chatham  Massachusetts  US,503 Zemlak Vista Suite 92,Falmouth,Massachusetts,Barnstable County,25001,02540,41.581090002994934,-70.6697022804259,339163.66,152300.08,73068
61cbe64f-c05e-242b-c13c-d4de2c327742,1944-10-31,,999-15-2397,S99979366,X61408347X,Mrs.,Dacia646,,Renner328,,Zulauf375,M,white,nonhispanic,F,Danvers  Massachusetts  US,857 Cronin Highlands,Fall River,Massachusetts,Bristol County,25005,02790,41.661164402124335,-71.06141307824895,24207.67,1369236.58,9053
d6c8af72-1db1-5990-27fb-3e67ab25722a,1987-03-07,,999-73-1287,S99982100,X48482919X,Mr.,Alfonso758,Germán350,Villalobos491,,,M,white,hispanic,M,Carolina  Puerto Rico  PR,299 Pouros Throughway Unit 82,Tewksbury,Massachusetts,Middlesex County,,00000,42.60580732606566,-71.19330622895106,92853.22,4379.31,122356
e87bac70-6876-e91b-6958-f4de12b1dbbf,2006-10-10,,999-49-7633,S99920906,,Ms.,Xenia801,,Lehner980,,,,white,nonhispanic,F,Chelsea  Massachusetts  US,411 Bogisich Loaf,Milford,Massachusetts,Worcester County,25027,01757,42.13121442322535,-71.56908628075996,36132.24,43609.83,603083
d4444216-07af-c3da-4d01-e3f0ac96f669,2017-11-14,,999-82-3062,,,,Kiera822,Toni630,Barton704,,,,asian,hispanic,F,Boston  Massachusetts  US,403 Abshire Plaza,Belchertown,Massachusetts,Hampshire County,25015,01007,42.25734062781878,-72.39693813981836,19989.95,0.00,103811
0095c837-ebb1-65ba-cdb5-647f69179aef,2021-07-16,,999-60-5194,,,,Stephan15,Sandy901,Oberbrunner298,,,,white,hispanic,M,Boston  Massachusetts  US,700 Glover Key,Holliston,Massachusetts,Middlesex County,,00000,42.245655786181054,-71.4988749498064,19038.07,174.59,58480
4962b4c8-203d-1fa0-200d-1e35b9c767e2,2006-10-10,,999-82-6909,S99938272,,Ms.,Stefania815,Akiko835,Trantow673,,,,black,nonhispanic,F,Ayer  Massachusetts  US,669 Harris Route Suite 82,Boston,Massachusetts,Suffolk County,25025,02120,42.37062165888829,-71.06731284139352,60965.06,6707.18,124465
a334ada9-7602-0d67-4bd5-6b3fc7e398c5,1973-07-29,1975-10-08,999-23-5450,,,,Dayna943,,Ryan260,,,,white,hispanic,F,Attleboro  Massachusetts  US,981 Bauch Row Apt 92,Salem,Massachusetts,Essex County,25009,01970,42.55642528892095,-70.85223073792822,1205.02,65182.13,9281
20b992b1-4bcd-2ea6-8f8a-b95dd48fdce7,1950-03-26,,999-95-5940,S99913932,X83256630X,Mr.,Linwood526,Horacio317,Cartwright189,,,M,white,nonhispanic,M,Watertown  Massachusetts  US,1004 Jast Run Apt 32,Westford,Massachusetts,Middlesex County,,00000,42.54478085196321,-71.46063413976177,172208.73,84893.31,971255
4ef00bf2-56a0-4538-4830-34cfa73937db,1972-11-07,,999-83-1846,S99910440,X60456442X,Mr.,Miguel815,,Schmitt836,,,S,white,nonhispanic,M,Andover  Massachusetts  US,402 Schmidt Burg,Quincy,Massachusetts,Norfolk County,25021,02171,42.2726358982648,-71.01123371588037,8198.37,116603.63,8069
018afc33-f17f-d0c1-d4ef-bcbbdacfd71c,2004-10-19,,999-72-3681,S99971499,X90205414X,Mr.,Richie600,Billy698,Pfannerstill264,,,,white,nonhispanic,M,Chicopee  Massachusetts  US,311 McDermott Neck Suite 5,Taunton,Massachusetts,Bristol County,25005,02767,41.89851806266083,-71.0651198237276,7535.75,685710.54,12979
41daba8a-8c93-07e1-be56-527a1fe6323e,1995-07-28,,999-28-9116,S99989709,X48139864X,Mr.,Forest317,Morris740,Hoppe518,,,M,white,nonhispanic,M,Northwest Harwich  Massachusetts  US,578 Dickinson Gateway Suite 3,Bourne,Massachusetts,Barnstable County,25001,02532,41.75572050554434,-70.56774398019955,133221.11,574092.85,81710
329714fa-710c-cf58-16d6-cb5663fef0dd,2005-10-24,,999-83-4674,S99969185,X29164818X,Mr.,Roderick835,Darron84,Sanford861,,,,white,nonhispanic,M,Somerville  Massachusetts  US,840 Spinka Hollow Apt 60,Boston,Massachusetts,Suffolk County,25025,02110,42.33522158493166,-71.02722035958593,42027.59,57105.22,98555
aad8b081-7a51-dbb4-6055-e894b435d3d3,2026-05-02,,999-61-1938,,,,Francisco472,Jarrod316,Considine820,,,,asian,nonhispanic,M,Westminster  Massachusetts  US,1060 Effertz Manor,Shrewsbury,Massachusetts,Worcester County,,00000,42.3111453408714,-71.76272717591577,2372.24,0.00,131199
db6a63ed-99f0-6e34-e6b7-91d84159a099,1988-06-03,,999-20-4393,S99977475,X38861275X,Mrs.,Dale454,Zena758,Conroy74,,Gorczany269,M,white,nonhispanic,F,Dudley  Massachusetts  US,173 O'Reilly Path Unit 75,Charlton,Massachusetts,Worcester County,,00000,42.10456942043789,-71.94039076023557,217154.17,344119.76,60028
e5d4a531-41b5-5ba9-3416-276379ef571f,1960-08-12,,999-26-9898,S99939975,X37858792X,Mr.,Damian46,Deandre599,Okuneva707,,,M,white,nonhispanic,M,Leominster  Massachusetts  US,376 Christiansen Meadow Suite 66,East Harwich,Massachusetts,Barnstable County,25001,02645,41.68567930536174,-70.07362687861865,14775.24,305183.26,18163
2a3a3fcb-c4c7-38b1-368e-e6011cef117b,2022-06-07,,999-95-7224,,,,Salvatore257,Leigh689,Ebert178,,,,black,nonhispanic,M,Boston  Massachusetts  US,444 Morissette Overpass,Springfield,Massachusetts,Hampden County,25013,01103,42.1669380742379,-72.57369851140872,5748.11,7389.51,31921
20fe0b4b-938b-e5a4-15a0-0c8c0488d9a5,2006-04-09,,999-87-1891,S99955575,X82683062X,Ms.,Ouida808,Mitzi535,Klocko335,,,,black,nonhispanic,F,Boston  Massachusetts  US,1085 Cruickshank Drive Suite 56,Boston,Massachusetts,Suffolk County,25025,02124,42.38424150490841,-71.10240950095896,84868.60,107924.17,142276
3fe25cbf-21c8-c7d9-bfaf-e36258de7a8f,1973-07-29,,999-16-5910,S99988615,X59045963X,Ms.,Willia886,,Wilderman619,,,S,white,hispanic,F,Springfield  Massachusetts  US,556 Willms Route Suite 79,Salem,Massachusetts,Essex County,25009,01970,42.48638316440926,-70.86754743089782,16057.58,1085746.85,9281
83488400-25d8-8a2b-c2c1-856831de3634,1931-08-21,,999-45-7917,S99937347,X95548446X,Ms.,Mattie544,Lynetta635,Wolf938,,,S,white,nonhispanic,F,Boxborough  Massachusetts  US,182 Abshire Estate,Boston,Massachusetts,Suffolk County,25025,02118,42.315230354991364,-71.04124017640119,61622.97,1867928.99,13114
d1114bda-6412-6728-d2d9-b00639907cb9,2021-04-03,,999-44-4045,,,,Nellie325,,Lehner980,,,,white,nonhispanic,F,Amherst Center  Massachusetts  US,524 Erdman View Suite 37,Boston,Massachusetts,Suffolk County,25025,02125,42.2492131372957,-71.11910174959891,1095.86,16051.16,1847
f89a15d2-0bcd-6f1e-17c8-d90b52c5ce23,1967-08-23,,999-62-5127,S99950873,X79817899X,Mrs.,Estell607,Nyla424,Marvin195,,Hayes766,D,white,nonhispanic,F,Beverly  Massachusetts  US,179 Blick Drive,Needham,Massachusetts,Norfolk County,25021,02492,42.2443649136,-71.2410051834622,200244.15,1250419.89,396048
5f4b6321-2393-b2c8-841b-f548dcc62020,1974-03-08,,999-72-9683,S99959399,X42362907X,Mrs.,Ling534,Marg761,Hoppe518,,Franecki195,M,white,nonhispanic,F,Boston  Massachusetts  US,222 Hoeger Flat Apt 65,Swampscott,Massachusetts,Essex County,25009,01907,42.46470002466427,-70.87833521598887,16915.93,735504.12,16500
670d87e5-1c04-15a6-5591-dfc2702fdaf6,1973-08-26,,999-55-6998,S99969485,X09939411X,Mr.,Benton624,Jan231,McClure239,,,W,white,nonhispanic,M,Amesbury  Massachusetts  US,1068 Wisozk Neck Unit 50,Abington,Massachusetts,Plymouth County,25023,02351,42.15833026150521,-70.93474070432072,79714.52,21449.50,94892
9a7a7aad-85d7-b421-59dd-7bea9a73d3bb,1965-07-16,,999-61-8011,S99938475,X53113865X,Mr.,Jan231,Lenny728,Emard19,,,D,black,nonhispanic,M,Worcester  Massachusetts  US,1041 Connelly Club Unit 49,Revere,Massachusetts,Suffolk County,25025,02151,42.38224925371553,-71.02070864022689,119283.14,78759.24,108556
e19a4982-331d-4616-90aa-cdb30f126a6e,1983-03-12,,999-53-2049,S99997650,X95894803X,Ms.,Lane844,Veronique514,Runolfsson901,,,S,asian,nonhispanic,F,Ho Chi Minh City  Gia Định  VN,568 Abshire Frontage road Apt 20,Needham,Massachusetts,Norfolk County,25021,02494,42.31703858274793,-71.26815829755132,178417.56,1082039.23,92011
aa18fb5a-057b-415c-2e36-2bd3b52f1479,1982-03-06,,999-26-7119,S99975389,X04325212X,Mr.,Earl438,Darin74,Kertzmann286,,,M,white,nonhispanic,M,Watertown  Massachusetts  US,494 McKenzie Vale Unit 4,Middleborough,Massachusetts,Plymouth County,,00000,41.86717932044703,-70.84635317859859,42220.35,80031.54,102899
54e8a93f-2980-f90d-9829-891c67249c12,2000-07-03,,999-16-8650,S99921718,X60531184X,Ms.,Priscilla527,Darci883,Little434,,,,white,nonhispanic,F,Dartmouth  Massachusetts  US,896 Strosin Street,Chelmsford,Massachusetts,Middlesex County,,00000,42.57484583643043,-71.3804632152057,96162.24,176074.84,41671
1f6b3b75-d584-81d1-2b6d-51f8269e5e47,2001-09-07,,999-76-9413,S99981126,X09505399X,Mr.,Toby274,Carmen818,Gibson10,,,,white,nonhispanic,M,Beverly  Massachusetts  US,604 Quigley Wynd Suite 53,Marion,Massachusetts,Plymouth County,,00000,41.6641430345244,-70.74077671558292,63708.97,2720.36,143340
666bd303-edd7-c013-6927-b3eb2ac3630b,2000-12-04,,999-15-9155,S99988648,X17568192X,Ms.,Sandy901,Jae222,Turcotte120,,,,black,nonhispanic,F,Plympton  Massachusetts  US,290 Torp Lock,Malden,Massachusetts,Middlesex County,25017,02155,42.37833831236892,-71.06277088988305,262090.39,0.00,51855
db909d6b-3424-4a35-377c-061ef5067993,1969-01-17,2023-02-13,999-25-3827,S99976344,X49373458X,Mr.,Hung902,Marvin195,Murray856,,,S,white,nonhispanic,M,Raynham  Massachusetts  US,132 Schaden Walk,Shrewsbury,Massachusetts,Worcester County,,00000,42.2591109038876,-71.75900754960921,216096.00,583857.53,122771
82556f4a-b606-90b9-95a3-771302b97daf,1987-12-11,,999-97-1084,S99956972,X26220057X,Mr.,Eduardo902,Del587,Keeling57,,,M,white,nonhispanic,M,Waltham  Massachusetts  US,373 Friesen Promenade Unit 14,Sterling,Massachusetts,Worcester County,,00000,42.486530573107714,-71.77958629263318,69024.10,6677.57,832707
6247444e-9c79-9e22-d030-0d6857785387,1977-03-07,,999-63-1063,S99928069,X88377988X,Mr.,Isaiah615,Sandy901,Von197,,,D,white,nonhispanic,M,Spencer  Massachusetts  US,174 Bednar Annex,Boylston,Massachusetts,Worcester County,,00000,42.34163902657951,-71.74669099186508,500971.52,308807.35,47863
7744ad52-d57d-2251-8572-593d973f3d5a,1979-10-15,,999-32-8529,S99943864,X38583307X,Mrs.,Rosette746,Chun678,Treutel973,,Swift555,M,white,nonhispanic,F,Gardner  Massachusetts  US,116 Grimes Underpass,Boston,Massachusetts,Suffolk County,25025,02110,42.3637751473066,-70.94319215989846,164968.87,607643.90,25072
c9617ee4-8488-1972-2aff-0d13932e7d48,1995-05-11,,999-54-3520,S99924570,X25962582X,Mrs.,Julene165,Brenda158,Leffler128,,Lueilwitz711,M,white,nonhispanic,F,Fall River  Massachusetts  US,326 Harber Manor,Marshfield,Massachusetts,Plymouth County,25023,02050,42.085699192319886,-70.72989291535387,133670.48,163910.98,32695
ca106128-a4c1-2418-8491-e1a20aa13c3c,1965-05-04,,999-47-8218,S99918364,X67701500X,Mrs.,Rosie394,Rubye299,Jast432,,Rogahn59,M,white,nonhispanic,F,Boston  Massachusetts  US,211 Jones Manor Unit 18,Yarmouth,Massachusetts,Barnstable County,,00000,41.7038898038208,-70.1841098475855,149177.56,1027745.95,23475
62a7330b-1800-7bfd-7f72-d2def63dd4b1,1980-03-09,,999-75-4909,S99966579,X51714580X,Mr.,Rocky100,,Bins636,,,M,white,nonhispanic,M,Taunton  Massachusetts  US,1059 Hermiston Harbor Apt 83,Medford,Massachusetts,Middlesex County,25017,02145,42.39568937535168,-71.0883634512029,180184.48,205941.72,468850
0b14c75d-a729-15be-777f-c2e8ffe72d09,1989-12-15,,999-96-4057,S99991645,X82456773X,Mr.,Willis868,Judson999,Medhurst46,,,M,white,nonhispanic,M,Littleton  Massachusetts  US,461 Corwin Orchard Suite 32,Eastham,Massachusetts,Barnstable County,,00000,41.85845252975904,-69.99438843980137,77649.20,41023.79,32719
f7c35370-4c75-9f1a-846b-a4609d15e5fb,1955-11-05,,999-31-3711,S99913482,X01014196X,Mr.,Fernando603,Irving123,Monahan736,,,D,white,nonhispanic,M,Arlington  Massachusetts  US,460 Schultz Junction Suite 67,Lynn,Massachusetts,Essex County,25009,01901,42.42238290616455,-70.90640696690669,127361.89,410392.42,54296
84070362-c876-b548-a685-981639668912,1968-12-21,,999-21-8105,S99916619,X02547094X,Mrs.,Karisa693,Latesha830,Hirthe744,,Rogahn59,D,white,nonhispanic,F,Boston  Massachusetts  US,757 Bernier Rest,Mansfield,Massachusetts,Bristol County,,00000,42.00697074033505,-71.26402518440263,214748.85,847364.25,34893
10f16fac-3ef2-7fc7-5bef-8224305319c8,1942-01-26,,999-46-1360,S99986359,X40900057X,Mrs.,Denyse846,Lawana430,Vandervort697,,Mayer370,D,white,nonhispanic,F,South Lancaster  Massachusetts  US,824 Von Walk,Hudson,Massachusetts,Middlesex County,25017,01749,42.43304977360615,-71.58566553749793,417430.32,814586.70,118371
ca3d5723-f0ef-8fbc-5261-25243cc1fc3b,1975-01-05,,999-75-5506,S99937730,X30958072X,Mr.,Stephan15,,Feeney44,,,D,white,nonhispanic,M,Salem  Massachusetts  US,514 Bayer Glen Suite 99,Lowell,Massachusetts,Middlesex County,25017,01850,42.64311350017062,-71.33060421067162,107835.92,3448.92,46906
ab7368a2-328e-9fb3-180e-25767e7f0450,1961-05-03,2024-12-09,999-55-3642,S99910351,X26344125X,Mrs.,Karyl215,Tiny880,Dickinson688,,Hyatt152,W,white,nonhispanic,F,Worcester  Massachusetts  US,300 Williamson Mill Apt 10,Salisbury,Massachusetts,Essex County,25009,01952,42.85079763151515,-70.84413842457421,213721.35,1819201.80,27101
dc0d7227-29c0-dd63-a5d5-f05e2f74c465,1970-06-10,,999-91-2800,S99921663,X42308077X,Mrs.,Janella261,Kittie678,Hyatt152,,Swift555,M,white,nonhispanic,F,Watertown  Massachusetts  US,316 Boyle Key,Reading,Massachusetts,Middlesex County,25017,01801,42.502767233091646,-71.06640515573085,925466.12,335455.67,118968
27f8423e-33e4-5da3-87f1-e82885652636,1976-09-12,,999-43-5359,S99997475,X12074519X,Ms.,Chun678,Qiana980,Auer97,,,S,white,nonhispanic,F,Boston  Massachusetts  US,289 King Grove,Quincy,Massachusetts,Norfolk County,25021,02169,42.277369487497396,-71.06424256890939,136510.13,737090.13,28281
1f37d884-b226-0066-014c-e724de62f209,2010-10-04,,999-95-7912,,,,Sheri207,Allene83,Bradtke547,,,,asian,nonhispanic,F,Chicopee  Massachusetts  US,455 Berge Flat Suite 14,Oxford,Massachusetts,Worcester County,25027,01540,42.104887918353086,-71.81437075055086,2748.54,34517.93,22925
9e2eef4a-f97d-3a08-9176-146dadc6edf8,1969-01-17,,999-27-8066,S99919539,X41169633X,Mr.,Walton167,,Beer512,,,M,white,nonhispanic,M,Cohasset  Massachusetts  US,491 Bailey Light,Shrewsbury,Massachusetts,Worcester County,,00000,42.31280658004216,-71.70881288566841,180222.36,46290.88,122771
a1a84b51-b212-e95c-2c52-67454e48dd93,2002-03-27,,999-39-5185,S99991997,X27033136X,Ms.,Dianne921,,Beatty507,,,,white,nonhispanic,F,Lawrence  Massachusetts  US,360 Ziemann Harbor Apt 70,Huntington,Massachusetts,Hampshire County,25015,01050,42.264431269858925,-72.89265672453116,131306.59,0.00,43974
b47794c2-1d82-06df-6057-587bedb61f9c,2025-03-02,,999-72-4324,,,,Laverne101,Benny518,Lind531,,,,white,nonhispanic,M,Boston  Massachusetts  US,186 Dooley Lodge Apt 63,Chelsea,Massachusetts,Suffolk County,25017,02149,42.39224963755324,-71.01129376219315,3539.90,2071.33,44204
3f106eaf-aa7b-f7f1-707f-8ed90620933b,1942-10-24,,999-44-8666,S99918937,X72443688X,Ms.,Talisha682,Bonnie873,Considine820,,,S,white,nonhispanic,F,Peabody  Massachusetts  US,1028 White Plaza,West Concord,Massachusetts,Middlesex County,,00000,42.43285724044044,-71.4228243149199,289707.22,289561.70,104830
6d3906ea-74e1-209f-1eef-0f53f6dabd1a,1951-09-07,1992-12-23,999-11-4960,S99924706,X26801688X,Mr.,Bryant814,Faustino767,Hodkiewicz467,,,M,white,nonhispanic,M,Berlin  Massachusetts  US,310 Parker Promenade,Springfield,Massachusetts,Hampden County,25013,01151,42.13334738846938,-72.5385478326344,7106.55,163300.77,10419
f5e61c74-5340-46c2-d78e-8a524c3558c3,2022-03-01,,999-63-1683,,,,Julene165,Roxy374,Goodwin327,,,,white,nonhispanic,F,Springfield  Massachusetts  US,1039 Balistreri Frontage road Suite 90,Billerica,Massachusetts,Middlesex County,,00000,42.59143393881965,-71.29602731526504,3127.82,7485.29,34589
2d5c95bd-3904-7dd6-877e-29087f87e4d8,1953-12-14,1975-05-03,999-60-4648,S99968427,X64250338X,Mr.,Jonas187,Terrance440,Zulauf375,,,,white,nonhispanic,M,Brockton  Massachusetts  US,622 Hessel Rue Unit 87,Northampton,Massachusetts,Hampshire County,25015,01060,42.342540030683175,-72.6387464884749,277191.01,0.00,46024
83821433-a554-5c4d-c1b2-303bfc630678,2013-04-29,,999-85-8034,,,,Andy346,Tristan353,Bradtke547,,,,white,nonhispanic,M,Patras  Achaea  GR,808 Nicolas Landing,North Attleborough,Massachusetts,Bristol County,,00000,41.925654355256064,-71.37827009622458,43899.52,8502.20,65047
f3a2415b-104f-a610-fb51-99decad72edf,2004-02-24,,999-47-1475,S99956977,X74375104X,Mr.,Tristan353,Rocco842,Champlin946,,,,white,nonhispanic,M,New Bedford  Massachusetts  US,142 Reilly Path Suite 31,Wareham,Massachusetts,Plymouth County,,00000,41.736522271973044,-70.70141012626722,54643.76,2348.53,98281
6bcac53f-2da7-2efd-8aa3-11ba8ef90dd9,1996-07-02,,999-80-2028,S99945586,X57542277X,Mr.,Stanton715,Kris249,Kessler503,,,S,white,nonhispanic,M,Uxbridge  Massachusetts  US,785 Schuppe Rue,Springfield,Massachusetts,Hampden County,25013,01104,42.10552220982372,-72.65090574068239,138883.88,0.00,90473
53d567a4-185b-68f8-3e1d-76432b5f7f76,1962-10-10,2017-08-12,999-70-1037,S99937624,X34757194X,Mr.,Donn979,Kevin729,Wehner319,,,M,white,nonhispanic,M,Mashpee  Massachusetts  US,363 Morissette Trace Apt 48,Peabody,Massachusetts,Essex County,25009,01940,42.5437850545423,-71.05207789746947,270081.83,366155.71,50010
76bbb5e2-e371-d20d-34e0-e5a5b07a8487,1983-08-27,,999-18-3611,S99982961,X93233949X,Mrs.,Olivia294,Sara501,Gómez206,,Alarcón922,M,white,hispanic,F,San Salvador  El Salvador  SV,643 Gleichner Vale Unit 44,Acton,Massachusetts,Middlesex County,,00000,42.48463336573311,-71.39315894124005,266360.24,684682.95,978257
05563f9c-ede6-b41f-5891-a313465daac9,2005-02-07,,999-49-3636,S99976483,X60688511X,Ms.,Nichelle912,Lavon272,Bins636,,,,white,nonhispanic,F,Worcester  Massachusetts  US,861 Okuneva Highlands Suite 75,Wareham,Massachusetts,Plymouth County,,00000,41.72241196137911,-70.70632497619461,7439.98,70848.35,34794
7d5f4cb2-28f3-4e0a-857c-c4bc6d86bd4d,1961-05-03,,999-11-9897,S99988295,X33555341X,Mrs.,Waltraud488,Ute382,Koss676,,Beatty507,D,white,nonhispanic,F,Medford  Massachusetts  US,276 Wiegand Trafficway,Salisbury,Massachusetts,Essex County,25009,01952,42.85458438357848,-70.84460968098536,205553.52,791348.36,27101
834c7a78-391f-f623-9697-b15309a30db8,1967-07-14,,999-53-8530,S99973098,X51976705X,Mr.,Mose244,Jordon466,Windler79,,,M,white,nonhispanic,M,Cambridge  Massachusetts  US,734 Cremin Gateway,Dennis,Massachusetts,Barnstable County,25001,02638,41.70744941041264,-70.150306211451,141977.64,25772.31,148476
4a329c3d-3191-6ed6-96c3-34c96c9e30e9,1972-07-18,,999-30-7440,S99933350,X78917494X,Mr.,Dominick530,Van763,Bergstrom287,,,M,white,hispanic,M,Middleborough  Massachusetts  US,614 Waelchi Mission Apt 75,Boston,Massachusetts,Suffolk County,25025,02210,42.39756034092965,-71.09327678252448,102353.47,39461.04,34800
b5f4f87d-5e3f-cdb7-f5c8-e9a9af2d0d9f,1995-01-01,,999-76-2140,S99963567,X40629139X,Mr.,Ira784,Dewey930,Roob72,,,M,white,nonhispanic,M,Springfield  Massachusetts  US,1056 Rolfson Grove,New Bedford,Massachusetts,Bristol County,25005,02740,41.690581219142324,-70.97099699551565,10515.06,192460.61,17024
4fd0c074-d4ab-502d-3f2c-33b6c15aa3b0,1996-12-13,,999-38-4318,S99977812,X04115459X,Mr.,Neal874,Antwan357,Keebler762,,,M,white,nonhispanic,M,Hopkinton  Massachusetts  US,909 O'Connell Forge,Framingham,Massachusetts,Middlesex County,25017,01701,42.31321211618015,-71.38664692045644,13446.31,741293.33,16365
3dd5c847-24e9-37f1-fe31-851e82f6196e,2026-08-09,,999-42-6491,,,,Omega729,Marisa391,Block661,,,,white,nonhispanic,F,Worcester  Massachusetts  US,240 Morissette Rest,Ashburnham,Massachusetts,Worcester County,,00000,42.67836707665978,-71.89137291930204,347.38,0.00,79062
47765b40-d46a-3732-b659-8eed0dc2ac96,1951-09-07,,999-83-4537,S99923457,X31033772X,Mr.,Kerry175,Willard975,Carter549,,,M,white,nonhispanic,M,Belmont  Massachusetts  US,109 Padberg Hollow Apt 58,Springfield,Massachusetts,Hampden County,25013,01109,42.14332427838182,-72.63147297915972,17268.78,438181.14,10419
567cade6-d3e5-fa34-d7a6-a3dd674a1b21,2013-10-07,,999-48-7834,,,,Tegan755,Eliana466,Bode78,,,,white,nonhispanic,F,Haverhill  Massachusetts  US,332 Littel Path,Chelmsford,Massachusetts,Middlesex County,,00000,42.61843737003997,-71.36213461863186,31824.24,12616.37,35812
040512f3-8edb-f3ba-24b5-85a87df97534,1989-12-27,,999-39-1522,S99938450,X18008557X,Mrs.,Palma671,Norman647,Anderson154,,Schmitt836,M,white,nonhispanic,F,Haverhill  Massachusetts  US,461 Bednar Alley Unit 44,Shrewsbury,Massachusetts,Worcester County,,00000,42.284405258405485,-71.67646813321976,98814.28,523646.37,133328
4fee1218-530e-4291-7614-f5ed12fb0f71,1986-08-24,,999-64-6777,S99962721,X51340686X,Ms.,Harriett813,,Borer986,,,S,hawaiian,nonhispanic,F,Greenfield  Massachusetts  US,751 Kessler Esplanade,Cambridge,Massachusetts,Middlesex County,25017,02141,42.41591732124658,-71.08795537894889,137622.80,1142175.30,363430
ec04cdf6-9b83-72d7-e32a-abb64d13b5c5,2004-07-09,,999-25-4861,S99926158,X97150356X,Mr.,Antony83,Reggie481,Lang846,,,,white,hispanic,M,Marlborough  Massachusetts  US,877 Metz Landing Apt 75,Boston,Massachusetts,Suffolk County,25017,02467,42.38041503258196,-71.00104637823162,3665.21,45136.43,12754
2e101852-24e0-599c-aea5-e3d9f57376ff,1964-10-09,,999-80-5399,S99911162,X42351711X,Mrs.,Genoveva361,Ja391,Marvin195,,Dicki44,D,white,nonhispanic,F,Boston  Massachusetts  US,161 Rippin Dale Suite 86,Lawrence,Massachusetts,Essex County,25009,01840,42.68022890281374,-71.20132995708578,17423.10,821217.70,16371
fb5c7fbc-8851-cab2-498b-2bbe57d97155,1992-05-04,,999-18-1283,S99942853,X20722150X,Mr.,Abel832,Virgilio529,Cummerata161,,,S,white,nonhispanic,M,Boston  Massachusetts  US,524 Schimmel Junction,Quincy,Massachusetts,Norfolk County,25021,02170,42.33281268771887,-71.03914991513867,73171.55,0.00,84349
235ed9d6-f9ee-6ec4-5938-36f3f45aed60,1953-12-14,,999-87-4057,S99942009,X43441585X,Mr.,Elmer371,Dee580,Ward668,,,D,white,nonhispanic,M,Milford  Massachusetts  US,504 Denesik Grove,Northampton,Massachusetts,Hampshire County,25015,01053,42.35521628604251,-72.7386286598323,200240.55,255661.28,46024
7461867e-53c9-92c6-cfa8-9285d20eea41,2015-02-13,,999-46-5728,,,,Walker122,Son314,Legros616,,,,white,nonhispanic,M,Ashland  Massachusetts  US,891 Ortiz Green,Maynard,Massachusetts,Middlesex County,25017,01754,42.4461275420243,-71.5032183463659,36394.12,1462.75,106545
82584c28-1663-2821-fe57-40e0136d85a7,1980-06-23,,999-97-9475,S99923777,X21949930X,Mr.,Desmond566,Kermit56,Kshlerin58,,,M,white,nonhispanic,M,Barnstable  Massachusetts  US,201 Kohler Run,Clinton,Massachusetts,Worcester County,25027,01510,42.45731550284852,-71.64895510203617,12350.36,290401.34,10641
b7eaab38-16b8-d449-5458-bd8e1dba229d,1996-10-30,,999-27-7802,S99983293,X02369811X,Mr.,Stanton715,Jackson413,Fritsch593,,,M,asian,nonhispanic,M,Beijing  Beijing Municipality  CN,879 Luettgen Gate,Middleborough Center,Massachusetts,Plymouth County,,00000,41.876652941577426,-70.96887801380606,79287.91,26032.23,70361
49512912-6b46-5fea-db55-1c28492623d6,1996-05-08,,999-35-4343,S99913501,X47389618X,Mr.,Humberto482,,Romaguera67,,,M,white,nonhispanic,M,Agawam  Massachusetts  US,699 Gibson Extension,Boston,Massachusetts,Suffolk County,25025,02118,42.33578577125752,-71.07348395642177,5548.37,90900.56,821
63e5e4fb-d82c-539f-8fab-03973258258a,1969-07-31,,999-46-2198,S99930310,X61360809X,Mrs.,Cinderella355,Margarite168,Parisian75,,Rempel203,M,white,nonhispanic,F,Pembroke  Massachusetts  US,677 Shanahan Mall,Methuen,Massachusetts,Essex County,25009,01841,42.729890595452794,-71.20541111526988,22623.22,1286815.86,11704
3c26d2ec-f06c-c0fd-adbc-cad26d717f3f,1969-08-11,,999-77-3375,S99956474,X83740853X,Mrs.,Elba502,Armanda758,Champlin946,,Luettgen772,M,white,nonhispanic,F,Easton  Massachusetts  US,677 Kuhlman Forge,Deerfield,Massachusetts,Franklin County,25011,01342,42.49836228313434,-72.63738325182376,777203.01,284591.76,78026
eebf17f6-5810-b498-9917-41fb7bbd212d,2005-04-19,,999-63-2143,S99957377,X17558683X,Mr.,Bennie663,Nathaniel596,Dicki44,,,,white,nonhispanic,M,Manchester-by-the-Sea  Massachusetts  US,936 Ratke Loaf Unit 80,Springfield,Massachusetts,Hampden County,25013,01020,42.09720979979763,-72.51564236209168,29776.79,21052.94,95842
35d96359-bed4-e217-37ae-28b1d93f22ee,2015-12-14,,999-89-8280,,,,Seth414,Ty725,Rodriguez71,,,,black,nonhispanic,M,Oxford  Massachusetts  US,770 Anderson Grove,Medford,Massachusetts,Middlesex County,25017,02155,42.415965388801524,-71.12122202464889,27726.06,7204.63,47141
32a0590e-2f7d-54d6-04d2-adf7784b28e5,2022-03-06,,999-22-6400,,,,Tommie457,,Quigley282,,,,white,nonhispanic,M,Springfield  Massachusetts  US,522 Adams Row Apt 16,Lynnfield,Massachusetts,Essex County,25009,01940,42.53807661457213,-71.03956170198114,7268.70,5121.94,183436
197711e6-8c37-ce64-9e82-7e254bd33054,2024-10-07,,999-88-9064,,,,Benjamin360,Solomon675,Schuster709,,,,hawaiian,nonhispanic,M,Boston  Massachusetts  US,366 Armstrong Esplanade,Orleans,Massachusetts,Barnstable County,25001,02653,41.78812035081989,-69.97522083954372,395.86,7437.87,30999
8e88d4ec-eb7d-2ed9-19a1-ccf48e74853c,1971-03-19,,999-82-8001,S99993855,X20448924X,Mrs.,Aimee901,Edie35,Feil794,,Boyer713,M,white,nonhispanic,F,New Bedford  Massachusetts  US,1085 Stehr Arcade,Worcester,Massachusetts,Worcester County,25027,01609,42.283111378535736,-71.77799380576741,1057723.50,714514.11,76385
a79ad4bb-cf3e-030d-8fa5-1a602a7b7a9e,2012-08-22,,999-77-5357,,,,Rhea34,Janis361,Cummings51,,,,white,nonhispanic,F,Holliston  Massachusetts  US,329 Windler Trafficway,Nantucket,Massachusetts,Nantucket County,25019,02554,41.286496791233745,-70.08243844258924,15031.44,198221.93,38646
44a75a74-b74a-738b-e2f6-c880a5bf36e0,1964-12-15,,999-89-3863,S99928744,X43662467X,Mrs.,Usha71,,Lesch175,,Walsh511,M,white,nonhispanic,F,Springfield  Massachusetts  US,693 Bashirian Overpass Unit 79,Millbury,Massachusetts,Worcester County,,00000,42.24207690929343,-71.73981883739131,853162.17,614616.16,41078
0898ee02-1001-3339-8a75-5d493a506d1c,2006-09-03,,999-17-1904,S99992888,,Ms.,Nancie476,,Schroeder447,,,,white,nonhispanic,F,Holyoke  Massachusetts  US,159 Kiehn Divide,Marlborough,Massachusetts,Middlesex County,25017,01752,42.32657570325182,-71.50351141361212,94153.87,304344.60,719877
a463f07c-b9df-f4d3-99f9-43f638f37373,2015-09-11,,999-22-5250,,,,Jordon466,Gilbert263,Bauch723,,,,white,hispanic,M,Milford  Massachusetts  US,215 Walker Neck,Hopkinton,Massachusetts,Middlesex County,25017,01748,42.22635172545096,-71.51328795118462,19865.03,19928.66,143897
803c5f23-7c51-069c-57d3-9e302e08e3b6,2015-02-19,,999-48-4844,,,,Abel832,Julio255,Zulauf375,,,,white,nonhispanic,M,Boston  Massachusetts  US,181 White Extension,Norton,Massachusetts,Bristol County,,00000,41.95052546884794,-71.14148375210814,4141.72,32966.63,24364
6a9bdfd9-854b-f0c5-bfa9-1fb188568c06,1974-10-04,,999-48-3184,S99998091,X45719355X,Mr.,Kieth891,Minh326,Turcotte120,,,M,white,nonhispanic,M,Boston  Massachusetts  US,1086 Pollich Lock Unit 34,Sutton,Massachusetts,Worcester County,,00000,42.137926247619895,-71.75709986216967,185910.94,52959.57,496066
37a1d39a-cb85-6cb7-d051-d51243f67397,1974-12-09,,999-39-5004,S99911060,X53483854X,Mrs.,Maisha241,Loreta61,Cole117,,Goldner995,M,white,nonhispanic,F,Fall River  Massachusetts  US,1066 Pfannerstill Trafficway Suite 67,South Lancaster,Massachusetts,Worcester County,25027,01561,42.40579758097047,-71.71136523520241,478669.01,115572.87,71123
d2b71044-34ae-9ba6-2e24-6138c4875339,1968-06-04,,999-75-2119,S99939720,X15883255X,Mr.,Edgardo196,Hipolito984,Jaskolski867,,,S,white,nonhispanic,M,Charlton  Massachusetts  US,788 Muller Union,Whitman,Massachusetts,Plymouth County,,00000,42.09486914103187,-70.95593789198314,152548.18,152304.72,81583
e3dcb895-0480-67bc-8c56-ec98e27f9fd9,1977-02-21,,999-12-6729,S99993665,X66048483X,Mrs.,Pilar644,Francisca486,Villaseñor332,,Delrío329,W,white,hispanic,F,Bayamon  Puerto Rico  PR,904 Huel Wynd,Framingham,Massachusetts,Middlesex County,25017,01701,42.35702858957154,-71.43957889376888,332362.23,667727.18,128483
73bbd74b-8ebb-b208-8fed-98cea4306d44,2017-09-20,,999-97-8500,,,,Ji399,Emilee283,Wisoky380,,,,white,nonhispanic,F,Lowell  Massachusetts  US,1063 Daugherty Mission,Franklin,Massachusetts,Norfolk County,25021,02038,42.05426905455045,-71.40376649296003,39259.62,0.00,57954
6a0b6cad-723b-fbc8-5fea-8ae3b89dfb3d,1977-01-25,,999-15-3697,S99930040,X15761496X,Mr.,Benedict104,Rudolph554,Streich926,,,S,black,nonhispanic,M,Boston  Massachusetts  US,744 Beier Junction,Ashland,Massachusetts,Middlesex County,,00000,42.23708691570503,-71.43721490672361,130765.40,7855.67,81186
3ec7aa49-5f22-d9c8-9755-d53eff81fa2b,1962-10-10,2021-05-21,999-36-6931,S99929647,X67286451X,Mr.,Earl438,Doug189,Dickinson688,,,M,white,nonhispanic,M,Lowell  Massachusetts  US,1067 Hyatt Dam Unit 37,Peabody,Massachusetts,Essex County,25009,01940,42.56835515057552,-70.99021826979084,140805.75,271656.56,50010
76d60fb2-b70d-5fd7-cae8-a639be4b85ae,2005-06-16,,999-30-9180,S99999651,X47598467X,Mr.,Josh874,Tommie457,Wisozk929,,,,white,nonhispanic,M,Wrentham  Massachusetts  US,406 Glover Key Apt 44,Tewksbury,Massachusetts,Middlesex County,,00000,42.632864791287524,-71.20757078096084,73915.24,6091.85,797491
d72adabc-47e0-3e71-c87d-ed7b35d5ab0e,1964-08-13,2015-03-23,999-10-5857,S99986515,X68720975X,Mrs.,Marcela739,Amalia471,Abreu185,,Vallejo39,M,white,hispanic,F,Santiago de los Caballeros  Santiago  DO,967 Lockman Divide Suite 33,Ludlow,Massachusetts,Hampden County,,00000,42.2163865902186,-72.42133412425947,169592.86,78915.69,50296
df00d88e-2b9e-5636-4d65-a6d521253008,2016-08-03,,999-63-6782,,,,Klara351,Judi176,Parker433,,,,white,nonhispanic,F,Dedham  Massachusetts  US,1020 Hoppe Bypass,Plainville,Massachusetts,Norfolk County,,00000,42.03707792467547,-71.36989249524777,29090.05,2988.85,54918
307c5daf-bf94-07f3-2927-2c24dfb253e6,2000-04-28,,999-97-9791,S99967002,X93689795X,Mr.,Justin359,,Schuppe920,,,,white,nonhispanic,M,Hanover  Massachusetts  US,632 VonRueden Hollow,Smith Mills,Massachusetts,Bristol County,,00000,41.65718756995683,-70.97845095737726,44486.50,11610.56,45910
f0c8eefd-57bc-c226-c8d8-eb87841f481e,1975-12-31,,999-33-4636,S99928214,X16832367X,Mr.,Arron144,,Turcotte120,,,M,white,nonhispanic,M,Hudson  Massachusetts  US,114 Carroll Club Unit 29,Cambridge,Massachusetts,Middlesex County,25017,02139,42.38264361245659,-71.054769286743,8435.27,103154.11,4049
72660c98-ca59-57d2-351d-17081db8cadd,1980-05-26,,999-99-3806,S99957289,X07604419X,Mrs.,Aiko748,Neva514,Schaefer657,,Aufderhar910,D,black,nonhispanic,F,Cambridge  Massachusetts  US,506 Borer Path,Methuen,Massachusetts,Essex County,25009,01841,42.77212437298886,-71.19887516193081,502565.97,424923.53,118256
8809305c-0dd4-85d7-fffe-d77c8b1d4965,1975-06-14,,999-63-4121,S99985467,X86283140X,Mrs.,Adah626,Marilyn850,O'Reilly797,,Mraz590,M,white,nonhispanic,F,Marshfield  Massachusetts  US,436 Nienow Haven Suite 73,Lowell,Massachusetts,Middlesex County,25017,01854,42.649527645159175,-71.3685444590513,203680.24,499079.28,34469
9d165bf0-3171-4574-5482-d965fbf7a10b,1979-09-21,,999-71-5784,S99955043,X06343353X,Mrs.,Penny812,,Littel644,,Mohr916,M,white,nonhispanic,F,Hingham  Massachusetts  US,868 Schaden Haven Apt 39,Worcester,Massachusetts,Worcester County,25027,01606,42.31795467698004,-71.75843636611351,635768.07,306473.73,46897
1029ac77-3062-a7e3-640b-10f156a02f70,1963-07-07,,999-14-1845,S99945430,X16004889X,Mr.,Nigel915,Percy315,Vandervort697,,,S,white,nonhispanic,M,Wakefield  Massachusetts  US,468 Tremblay Harbor Suite 65,Abington,Massachusetts,Plymouth County,25023,02351,42.15480288278249,-70.98893234157981,191251.77,102449.88,28759
83765af2-dc7b-f93c-f812-ec8f8e7663f9,2012-02-01,,999-47-4477,,,,Harris789,Connie24,Wiza601,,,,white,nonhispanic,M,Agawam  Massachusetts  US,529 Corwin Camp,Haverhill,Massachusetts,Essex County,25009,01830,42.826211385651604,-71.0511933883404,6533.62,323518.45,10683
d229c38d-b019-da6b-bda4-a71b308278e8,1998-10-19,,999-16-2389,S99927973,X40822286X,Ms.,Lilia791,Gudrun69,Paucek755,,,,black,hispanic,F,Fitchburg  Massachusetts  US,122 Spencer Trail,Boston,Massachusetts,Suffolk County,25025,02121,42.32962340088758,-71.06364651359104,72101.62,162245.31,81717
0b29611d-62f1-7fb4-dbdc-52bc14c0b805,1946-03-17,,999-55-4762,S99963075,X31832668X,Ms.,Kristy290,,Gleichner915,,,S,white,nonhispanic,F,Wakefield  Massachusetts  US,208 Lynch Fork Apt 68,Taunton,Massachusetts,Bristol County,25005,02780,41.94285933002557,-71.04387316102516,699119.60,468236.19,36044
09d7a327-e613-1933-d899-df041fd0deef,1956-10-28,,999-88-5205,S99999225,X04150473X,Mr.,Wade235,,Davis923,,,M,white,nonhispanic,M,Somerville  Massachusetts  US,898 Wintheiser Bridge Suite 28,Somerville,Massachusetts,Middlesex County,25017,02143,42.39477128777644,-71.07372718512558,109210.03,1892920.65,188223
5e555d92-83d8-64ff-f9d1-bb4e6d878af6,1968-07-27,,999-30-4042,S99957370,X22621759X,Mr.,Mose244,Chi716,Lockman863,,,M,asian,nonhispanic,M,Mansfield  Massachusetts  US,233 Mayert Gateway,Lowell,Massachusetts,Middlesex County,25017,01852,42.67904854659996,-71.27446767603324,445319.63,307019.63,74732
ba6a8dc9-0dc3-fbf9-be47-f2d75f91164f,1974-03-05,,999-17-5922,S99964600,X61967140X,Mr.,Jermaine675,,McCullough561,,,M,white,nonhispanic,M,Nizhny Novgorod  Nizhny Novgorod Oblast  RU,268 Fritsch Passage,Braintree,Massachusetts,Norfolk County,25021,02184,42.210109532578265,-70.98535289714502,124849.34,28757.67,714627
84ccbac6-df2e-76ca-45d0-4f756c892230,1959-05-23,,999-76-7588,S99922953,X65485328X,Mr.,Dean966,Cleo27,Swaniawski813,,,S,white,nonhispanic,M,Athol  Massachusetts  US,977 Shanahan Course Suite 82,Worcester,Massachusetts,Worcester County,25027,01606,42.2361753222375,-71.81381443768088,214345.22,865620.38,30778
614508b2-34a7-0570-70bf-79a503551148,1953-09-24,2012-10-16,999-96-5020,S99916046,X11673846X,Ms.,Alyssa971,Tricia672,Hickle134,,,S,white,nonhispanic,F,Sharon  Massachusetts  US,667 Littel Approach Suite 28,Kingston,Massachusetts,Plymouth County,25023,02364,41.96309036368723,-70.74150952347458,700078.86,79090.40,111751
24b8ad0f-2bc7-7a0a-fc12-126c64a0a4d7,1964-10-31,,999-62-5968,S99997721,X08363572X,Mrs.,Ghislaine112,Tashina114,Kassulke119,,Jerde200,W,white,nonhispanic,F,Dennis  Massachusetts  US,816 Legros Wynd Suite 22,Melrose,Massachusetts,Middlesex County,25017,02176,42.49853359644645,-71.07661109595536,23514.10,700240.36,12378
a71a42a9-ff16-9e19-0107-d5a667314612,1964-08-13,,999-60-4175,S99952821,X88107256X,Mrs.,María del Carmen27,Antonia30,Guerra754,,Delacrúz637,M,white,hispanic,F,Panama City  Panama  PA,825 Ryan Ramp Apt 13,Ludlow,Massachusetts,Hampden County,,00000,42.2319308646279,-72.4594528315787,587432.29,181235.34,50296
bb65f067-cb84-f5e0-47cf-77f6aaf15189,1970-09-14,,999-10-8510,S99913403,X81131357X,Mr.,José Emilio366,Óscar156,Almanza534,,,W,white,hispanic,M,Guatemala City  Guatemala  GT,720 Prosacco Approach,Lowell,Massachusetts,Middlesex County,25017,01851,42.630391134445276,-71.27810405498266,148715.88,105030.65,72501
4832cfe5-246c-90c6-d121-b54953ab3a4c,2015-10-28,,999-91-1397,,,,Brain142,Manuel446,Jacobson885,,,,black,nonhispanic,M,Easton  Massachusetts  US,805 Homenick Path,Somerset,Massachusetts,Bristol County,25005,02726,41.67512944589009,-71.15533522394271,30014.00,0.00,115221
e7fec741-c849-bd91-ccbb-801e15197966,1962-10-10,2020-03-09,999-88-4943,S99948520,X97760207X,Mr.,Mac103,,Boehm581,,,M,white,nonhispanic,M,Foxborough  Massachusetts  US,256 Parisian Spur,Peabody,Massachusetts,Essex County,25009,01960,42.520190139392746,-70.96667587658887,210034.67,46940.44,50010
9bf5a140-9dac-78ba-5a5f-0fc89c9bb157,2025-06-25,,999-63-1847,,,,Eleonore965,Sade71,Dietrich576,,,,white,nonhispanic,F,Lynn  Massachusetts  US,296 Schaden Course,East Sandwich,Massachusetts,Barnstable County,25001,02537,41.75484085237103,-70.39991274778104,2283.57,3302.32,104661
e66f7478-a54e-cd39-3652-ffad356bd181,2018-09-09,,999-99-3523,,,,Marlin805,Lynwood354,Huel628,,,,white,nonhispanic,M,Fitchburg  Massachusetts  US,607 Hand Key,Quincy,Massachusetts,Norfolk County,25021,02171,42.2839864159246,-70.99375967521355,9940.41,8506.16,92529
bdd50a25-d23a-8b69-73b0-a7555890f060,2008-10-16,,999-82-1717,S99930625,,,Elvin140,,Larson43,,,,white,nonhispanic,M,Maynard  Massachusetts  US,288 Conn Trafficway,Marshfield Hills,Massachusetts,Plymouth County,25023,02051,42.15139305869073,-70.76645470884495,24220.70,20481.69,167856
40306265-e685-63d9-a0f3-72c45114b217,2021-09-29,,999-44-1089,,,,Marshall526,,Wiegand701,,,,black,nonhispanic,F,Lynn  Massachusetts  US,815 Kling Rue,Needham,Massachusetts,Norfolk County,25021,02494,42.24345903035269,-71.20350747650664,6624.58,12679.27,170107
47c88cd7-9060-7ad9-6ced-7834ab9c797f,2011-02-04,,999-72-9874,,,,Malissa448,Joellen497,Runte676,,,,white,nonhispanic,F,Saugus  Massachusetts  US,585 Schuster Esplanade,Amherst Center,Massachusetts,Hampshire County,,00000,42.37953997922766,-72.55169142123924,72608.93,396112.10,53925
ddd3c713-1aed-b86f-be21-178c17812af7,1998-08-06,,999-18-7480,S99993959,X27261660X,Mr.,Nathanial472,Miles206,Blanda868,,,M,white,nonhispanic,M,Gloucester  Massachusetts  US,373 Mraz Knoll,Boston,Massachusetts,Suffolk County,25017,02467,42.34041821156374,-71.15280218373364,62534.44,1738.20,83761
81b45563-91c4-a6f0-496b-1b212151df6e,2003-08-04,,999-45-5853,S99983973,X30735155X,Ms.,Yolonda722,Ignacia942,Legros616,,,,asian,nonhispanic,F,Haiphong  Kiến An  VN,718 Witting Ferry Unit 47,Northampton,Massachusetts,Hampshire County,25015,01063,42.3134747736896,-72.59913167613199,117675.72,281326.37,54374
f81d0a75-c594-8a5e-cecd-a1452ead7700,2007-08-31,,999-77-5076,S99913564,,Mr.,Maxwell782,Julian715,Morar593,,,,white,hispanic,M,Boston  Massachusetts  US,224 Padberg Road Suite 24,Princeton,Massachusetts,Worcester County,,00000,42.50401960052693,-71.87687719940084,71670.08,4353.12,88345
8b9a8408-9964-0e50-a130-2fddf8659d20,2026-01-17,,999-15-5325,,,,Deloras136,Marvella276,Will178,,,,black,nonhispanic,F,Stoughton  Massachusetts  US,540 Cole Way Unit 24,Westford,Massachusetts,Middlesex County,,00000,42.59893977883154,-71.44385869304058,5146.00,1507.33,939370
640d40b7-f21b-43ae-4268-26890bb6469f,2002-08-17,,999-23-9002,S99928494,X64498292X,Ms.,Patrina117,,Cole117,,,,white,nonhispanic,F,Fitchburg  Massachusetts  US,629 Stokes Knoll Suite 25,Granby,Massachusetts,Hampshire County,25015,01033,42.26786136838887,-72.46513642088064,105120.57,66836.94,168540
f339ee76-173e-bc11-7c23-36e5f652ffca,1973-07-19,,999-27-7148,S99921077,X07539674X,Ms.,Nell215,Missy373,Hagenes547,,,S,black,nonhispanic,F,Westfield  Massachusetts  US,848 Rippin Highlands Suite 18,Quincy,Massachusetts,Norfolk County,25021,02186,42.271840601309655,-71.12753222378248,723463.94,473904.79,119198
6a27b4e9-868c-9f16-c4ce-d856f77c51f6,1965-08-09,,999-79-6640,S99913104,X33460260X,Mr.,Wilbur107,Leo278,Greenholt190,,,M,white,nonhispanic,M,Yarmouth  Massachusetts  US,1011 Leffler Ranch Suite 57,Worcester,Massachusetts,Worcester County,25027,01608,42.280656243956116,-71.70882300779952,155392.43,56879.75,61812
5533ecd5-f4fb-ea43-c5b3-a51474970c41,2010-09-04,,999-65-3817,,,,Christy428,Kacy732,Jacobi462,,,,white,nonhispanic,F,Medford  Massachusetts  US,270 Hickle Brook Suite 52,Worcester,Massachusetts,Worcester County,25027,01545,42.25530594855111,-71.77499498273122,49920.35,3214.86,55256
d0636d82-b2ee-0e4c-c3fb-5029c4039244,1968-01-30,,999-22-3595,S99961388,X16989274X,Ms.,Chi716,Anjelica989,Kreiger457,,,S,black,hispanic,F,Acton  Massachusetts  US,238 Little Avenue,Boston,Massachusetts,Suffolk County,25025,02135,42.44116764741962,-71.02024103048765,595872.71,79681.25,45773
251a7231-b033-b0d7-eb3b-4ddd6a19e1c9,1989-04-11,,999-16-8881,S99968974,X65953574X,Mrs.,Mao115,Christin490,Lang846,,Kuphal363,M,white,nonhispanic,F,Newton  Massachusetts  US,582 Morissette Hollow Apt 34,Hudson,Massachusetts,Middlesex County,25017,01749,42.42757917035443,-71.5143678626968,190442.12,624134.48,97428
3ea56122-0298-4470-78d8-ace62c354e45,2008-06-12,,999-71-1369,S99970738,,Ms.,Lucrecia714,Bethany501,Rempel203,,,,white,nonhispanic,F,Lancaster  Massachusetts  US,1048 Hettinger Rest Unit 79,Framingham,Massachusetts,Middlesex County,25017,01702,42.27005026812818,-71.4836098337958,33787.61,35235.52,87296
d1b3c5d4-1bda-a367-d185-ae8c3143ab8e,1962-10-10,,999-84-9647,S99924828,X83358031X,Mr.,Douglass930,Lee268,Ernser583,,,M,white,nonhispanic,M,Raynham  Massachusetts  US,267 Wisoky Track Unit 16,Peabody,Massachusetts,Essex County,25009,01960,42.5596034709773,-70.93994989771437,243434.17,94934.74,50010
13235ce8-c208-ce3b-a04f-3bb67acf1524,1961-11-20,2013-03-28,999-43-9483,S99926574,X93815649X,Mrs.,Doretta917,Jenine75,Bosco882,,Emmerich580,M,white,nonhispanic,F,Webster  Massachusetts  US,979 Homenick Gateway Suite 18,Springfield,Massachusetts,Hampden County,25013,01105,42.09664855288351,-72.46848804120567,238313.83,615593.90,24436
93151779-b93c-0960-2ab8-328cc2e44df3,1973-09-28,,999-55-2509,S99914643,X32126915X,Mrs.,Zoraida650,Lorinda137,Dickens475,,Corwin846,M,black,nonhispanic,F,Beverly  Massachusetts  US,502 Swaniawski Byway Unit 60,Ludlow,Massachusetts,Hampden County,,00000,42.20241899040693,-72.47514917596382,813361.42,718595.43,67429
de66efa5-2122-90d6-4ddc-47bc3e8f21c7,1953-09-24,2026-04-04,999-16-1566,S99989164,X49192258X,Mrs.,Becki838,Erlene813,Tillman293,,Berge125,D,white,nonhispanic,F,Rutland  Massachusetts  US,1056 Larkin Tunnel Unit 22,Kingston,Massachusetts,Plymouth County,25023,02364,42.032873190962256,-70.75062970347972,494894.21,903843.56,111751
932f3334-d4b3-3429-8a8a-a0437a053ff1,1981-07-07,,999-19-3336,S99961088,X76396105X,Mrs.,Lou594,Thanh759,Jaskolski867,,Wisozk929,M,white,nonhispanic,F,Somerville  Massachusetts  US,555 Blanda Manor,Methuen,Massachusetts,Essex County,25009,01841,42.74864723038698,-71.21069185377407,352104.07,974108.43,146837
21f9d010-a4ea-6583-91b6-b835dd621c63,2016-02-09,,999-95-2264,,,,Ka422,Susann104,Schmidt332,,,,white,nonhispanic,F,Springfield  Massachusetts  US,100 Hettinger Crossroad,Everett,Massachusetts,Middlesex County,25017,02148,42.433592246731386,-71.04510189719493,19609.67,5277.17,84234
71e50265-c667-e087-6197-60a435a9e54d,1987-03-14,,999-72-1729,S99975032,X24881164X,Mr.,Arden380,,Cummerata161,,,D,white,nonhispanic,M,Lancaster  Massachusetts  US,635 Wunsch Hollow,Medford,Massachusetts,Middlesex County,25017,02145,42.40858671904861,-71.14681855612127,182688.38,634031.85,294659
f6b9e119-f28f-0d6e-6476-390ae15d489d,2001-05-10,,999-20-5484,S99926718,X19045479X,Mr.,Loren192,Vito638,Champlin946,,,,white,nonhispanic,M,Boston  Massachusetts  US,725 Kris Branch,Gardner,Massachusetts,Worcester County,25027,01440,42.543942360773485,-71.9434907343249,7527.99,125537.36,19054
5e25d131-5f5f-1c14-1aad-0f65ba23db50,1944-04-01,,999-48-6400,S99941387,X25529568X,Mrs.,Natividad796,Estell607,Lang846,,Willms744,M,white,nonhispanic,F,Holbrook  Massachusetts  US,587 Waelchi Ville,Quincy,Massachusetts,Norfolk County,25021,02186,42.28874080828367,-71.03170435249939,1079616.81,550624.19,48066
bf52d4b8-6843-26a7-919c-03994f44aa5a,1971-07-09,,999-49-5310,S99973304,X21260913X,Mr.,Clemente531,Antoine384,MacGyver246,,,M,white,nonhispanic,M,Longmeadow  Massachusetts  US,390 Jacobi Crossroad,Everett,Massachusetts,Middlesex County,25017,02149,42.41812866783167,-71.07698529788458,162594.96,41174.48,99509
a7ee8ebe-465a-36c7-cca0-0f38ba07239a,1969-03-11,,999-71-7844,S99972298,X08478411X,Mr.,Edward499,Lupe126,Labadie908,,,M,white,nonhispanic,M,Duxbury  Massachusetts  US,902 Herzog Heights,Waltham,Massachusetts,Middlesex County,25017,02452,42.376484365954724,-71.22616000759281,454685.24,365650.86,71528
06303f14-7ed5-64cb-a099-f466adaed35b,1970-03-17,,999-17-7911,S99940420,X29706522X,Mr.,Cliff504,,Renner328,,,W,black,nonhispanic,M,West Tisbury  Massachusetts  US,557 Stanton Trace Suite 99,Brockton,Massachusetts,Plymouth County,25023,02301,42.128997820711106,-70.98291588710742,9407.98,143223.74,3612
89d3fee7-0ca1-dfed-dc0c-f70f58911d62,2002-03-08,,999-72-3559,S99995297,X66662714X,Ms.,Maida946,Aracelis412,Jacobi462,,,,white,nonhispanic,F,Bliss Corner  Massachusetts  US,849 Simonis Tunnel Suite 83,South Hadley,Massachusetts,Hampshire County,,00000,42.2194274174921,-72.56710097602415,76257.49,189440.95,105638
b61af1c0-ac81-c87f-a704-5fc447812a27,1957-04-25,,999-52-6168,S99988142,X86554046X,Mr.,Johnny786,Demetrius568,Hermann103,,,M,white,nonhispanic,M,Boston  Massachusetts  US,714 Nader Camp Apt 65,Bridgewater,Massachusetts,Plymouth County,25023,02324,41.97811511445382,-71.00512498685946,223747.31,214895.06,128996
528bbb6c-3b8e-bbee-238d-3e1637417a59,2021-05-18,,999-79-9259,,,,Corinna386,,Carter549,,,,white,nonhispanic,F,Boston  Massachusetts  US,790 Torp Mews Apt 12,Woburn,Massachusetts,Middlesex County,25017,01890,42.5067935631585,-71.18432094717517,791.72,8576.20,4644
63a6b437-b79c-0142-bb41-7d04830a4e9d,2023-06-09,,999-13-6181,,,,Wm806,Frankie174,Graham902,,,,white,hispanic,M,Amherst  Massachusetts  US,118 Murazik Stravenue,Weymouth,Massachusetts,Norfolk County,25021,02191,42.24397654691529,-70.9599292363342,6616.36,8969.43,42924
ee0687ef-9140-1b00-662d-56bb92189fbf,2014-12-05,,999-46-1755,,,,Margot418,Marchelle563,Runolfsson901,,,,white,nonhispanic,F,Boylston  Massachusetts  US,1026 Renner Byway,New Bedford,Massachusetts,Bristol County,25005,02746,41.63990703571136,-71.00263915626269,73850.02,0.00,100285
86302b08-323f-1545-4e9d-0221a2d404c4,2015-01-15,,999-28-7470,,,,Cammy883,Rosalina69,Schimmel440,,,,white,nonhispanic,F,Boston  Massachusetts  US,371 Leannon Spur,Framingham,Massachusetts,Middlesex County,25017,01702,42.31643244313429,-71.4339576092439,29789.75,3907.78,439712
f5bf7fb0-8859-b7c2-8c83-3b1b1c249b3d,1976-04-11,,999-23-3968,S99980848,X38672857X,Ms.,Hiedi833,Augustina561,Johnson679,,,S,white,nonhispanic,F,Rehoboth  Massachusetts  US,370 Heidenreich Annex Unit 11,South Amherst,Massachusetts,Hampshire County,,00000,42.3211037082856,-72.56739387258867,882592.95,690053.29,116963
49ff19ff-ae81-f0a6-5ada-d7b374a515b1,1961-11-20,,999-19-6392,S99989744,X11315460X,Mrs.,Milissa240,,Emmerich580,,Larkin917,M,white,nonhispanic,F,Blackstone  Massachusetts  US,711 Torphy Wynd Apt 64,Springfield,Massachusetts,Hampden County,25013,01106,42.03366414071046,-72.56153643279657,191987.18,806977.84,24436
774e339f-57f0-e5e5-673f-07b9d29110dd,1960-11-20,2024-02-09,999-22-9494,S99953708,X82805452X,Mr.,Garth972,Merle11,Wilderman619,,,M,white,nonhispanic,M,Hanson  Massachusetts  US,445 White Ferry Apt 73,Westfield,Massachusetts,Hampden County,25013,01086,42.15214453147933,-72.75142323772928,173456.80,3212.82,71480
2e0e4e2f-9170-0760-2db1-d6715010509c,2013-07-18,,999-98-2929,,,,Lashunda872,Harriette8,Corwin846,,,,white,nonhispanic,F,Northampton  Massachusetts  US,363 Pfannerstill Throughway,Townsend,Massachusetts,Middlesex County,25017,01469,42.627995022559844,-71.66114969671266,16461.13,10448.79,28168
f5d082a0-f527-0517-6ccf-6744c0b7076c,1983-09-17,,999-65-6220,S99930910,X80489752X,Mrs.,Madelaine318,Lorita217,Krajcik437,,Morissette863,M,white,hispanic,F,Springfield  Massachusetts  US,452 Blick Ville Suite 3,Chicopee,Massachusetts,Hampden County,25013,01020,42.146137616619065,-72.57810697182786,495366.67,6327.18,45115
4f3a638e-3fe9-deda-e67f-3a13557a49ff,1933-08-19,,999-79-2529,S99955610,X94017858X,Mr.,Trevor374,Andreas188,Greenholt190,,,M,white,nonhispanic,M,Kingston  Massachusetts  US,186 Rempel Viaduct,Brewster,Massachusetts,Barnstable County,25001,02631,41.69894730778709,-70.0542643416865,283068.54,616592.26,67609
053c7f11-abec-c1f5-d771-29de601bf855,1979-09-28,,999-36-4610,S99955500,X82649742X,Mrs.,Alise864,Dominique369,Ziemann98,,Trantow673,M,white,nonhispanic,F,Boston  Massachusetts  US,1016 Kuhn Pathway,Hopkinton,Massachusetts,Middlesex County,25017,01748,42.22494484283736,-71.57687686898626,235810.99,833975.65,387733
7c7253d9-993c-3836-55f8-e7ada51b896f,1989-04-06,,999-75-2703,S99926026,X97356363X,Mrs.,Denese626,,Satterfield305,,Champlin946,M,white,nonhispanic,F,Haverhill  Massachusetts  US,159 Bartoletti Flat Apt 46,Somerset,Massachusetts,Bristol County,25005,02726,41.755647941764366,-71.14688155807303,10726.51,635254.79,8505
a0b973a8-6fdb-6861-b159-50e0bf954b8e,1953-09-24,2014-01-19,999-62-1873,S99988994,X56798331X,Mrs.,Nettie309,Izola651,Doyle959,,Bailey598,M,white,nonhispanic,F,North Amherst  Massachusetts  US,1099 Braun Park Suite 51,Kingston,Massachusetts,Plymouth County,25023,02364,42.0130652740812,-70.7341504742094,1222528.93,224653.00,111751
be9d143c-3149-af11-5173-b2c93e67e75a,1963-01-24,,999-14-8647,S99935490,X45030854X,Mrs.,Venus149,Danille883,Wolf938,,Nikolaus26,D,white,nonhispanic,F,Salem  Massachusetts  US,368 Barrows Haven Unit 93,Mansfield,Massachusetts,Bristol County,,00000,42.03226018204073,-71.22579944128681,23282.56,1134080.04,23078
06bd1678-d391-64db-5e76-4f8692a980ec,1985-02-23,,999-10-5389,S99955445,X23145878X,Mr.,Joe656,Gaston250,Conroy74,,,D,white,nonhispanic,M,Sutton  Massachusetts  US,466 Schiller Dale Apt 19,Fall River,Massachusetts,Bristol County,25005,02747,41.699140215523805,-71.11073115197502,65858.29,44973.16,24736
154e871c-b555-aaea-59d4-7cb142bdfc10,1967-04-06,,999-52-3142,S99982650,X35435107X,Ms.,Cythia210,Kristin64,Johnson679,,,S,white,nonhispanic,F,Sharon  Massachusetts  US,464 Rippin Byway,Lowell,Massachusetts,Middlesex County,25017,01852,42.66876856791292,-71.33654160566459,609685.29,403655.40,44784
acb229bd-fbfd-ac09-ce7e-f7196c2ad483,1968-07-05,,999-31-9069,S99980458,X19386026X,Mrs.,Linsey338,,Doyle959,,O'Conner199,M,white,nonhispanic,F,Attleboro  Massachusetts  US,288 Gaylord Burg Apt 91,Brockton,Massachusetts,Plymouth County,25023,02302,42.04504889399171,-71.04332261369957,23323.57,1444024.50,6029
ccff7a8d-ba61-3181-c1d9-d2aac0b0e418,1962-12-14,,999-92-8168,S99974370,X69288244X,Mrs.,Carline928,Candi549,Medhurst46,,Ullrich385,W,white,nonhispanic,F,Wakefield  Massachusetts  US,173 Abernathy Gate Suite 93,Revere,Massachusetts,Suffolk County,25025,02151,42.39920266364099,-71.01060060871347,607841.39,183965.72,44165
9957c000-192d-188d-e308-447c9ae9261a,1960-11-20,2019-05-15,999-44-8224,S99980145,X05044892X,Mr.,Laurence43,Alvin56,Baumbach677,,,M,white,nonhispanic,M,Chicopee  Massachusetts  US,250 Halvorson Approach,Westfield,Massachusetts,Hampden County,25013,01085,42.14503840530496,-72.75198891832312,156925.38,7326.03,71480
1589fc0c-2557-5c24-7057-1fd2f68df824,1971-09-19,,999-80-7373,S99975314,X91453438X,Mrs.,Lanie389,Kristel938,Hartmann983,,Kohler843,M,white,nonhispanic,F,Medford  Massachusetts  US,834 Kris Crossroad Suite 90,Lynn,Massachusetts,Essex County,25009,01901,42.43303291541545,-70.96637391901868,30266.35,1600309.29,16690
25d7cec2-285f-a674-c9ed-c3008efee3be,1978-03-18,,999-42-9941,S99940849,X60647440X,Mr.,Felix524,,Stark857,,,D,white,nonhispanic,M,Ashfield  Massachusetts  US,581 Moore Knoll Unit 22,Brockton,Massachusetts,Plymouth County,25023,02302,42.0521186464911,-71.00543956033553,78440.93,17245.31,38874
e904c0a6-a9bf-b1a8-ec08-82179387633e,1989-01-03,,999-40-1968,S99959513,X10049385X,Mr.,Terrance440,Val761,Pollich983,,,S,white,nonhispanic,M,The Pinehills  Massachusetts  US,382 Lynch Trailer Apt 18,Springfield,Massachusetts,Hampden County,25013,01106,42.089166023399066,-72.57687840543038,107583.46,3933.89,82691
a28908f0-4a31-6776-95e7-7cc168eb2716,2000-09-10,,999-72-1218,S99938903,X12995827X,Mr.,Shannon293,,Koepp521,,,,white,nonhispanic,M,Fall River  Massachusetts  US,705 Stoltenberg Underpass Suite 12,Holden,Massachusetts,Worcester County,,00000,42.389920530360435,-71.8607647202641,55798.55,10045.22,167588
042d0cef-5872-8ad4-7283-e39b47404703,1976-09-27,,999-30-4258,S99911338,X39633527X,Mrs.,Catina822,Laureen100,Paucek755,,Pollich983,D,white,nonhispanic,F,Lawrence  Massachusetts  US,744 O'Hara Vista,Brockton,Massachusetts,Plymouth County,25023,02302,42.12051117634553,-71.00150234930504,374653.94,524686.35,69490
07b610f7-df23-abce-4234-66faad42f54d,1984-05-12,,999-57-6638,S99943909,X46912744X,Mr.,Herb645,Garland107,Schneider199,,,M,white,nonhispanic,M,Boston  Massachusetts  US,337 Turcotte Ville Suite 50,Attleboro,Massachusetts,Bristol County,44007,02861,41.898271414554245,-71.33344771715197,104795.61,11562.77,137230
f953338d-aa6b-c4a7-9dfe-11e88adf7034,2021-02-23,,999-43-6629,,,,Antonette454,Amada498,Mertz280,,,,white,nonhispanic,F,Cambridge  Massachusetts  US,665 Dibbert Key,Cambridge,Massachusetts,Middlesex County,25017,02472,42.38774216952914,-71.077888686128,8972.06,7844.95,593739
4d17c7d9-ea79-2171-275c-42cd5610fa74,2022-04-17,,999-98-1395,,,,Weston546,Zane918,Welch179,,,,asian,nonhispanic,M,Marlborough  Massachusetts  US,129 Stamm Rapid Suite 79,Millbury,Massachusetts,Worcester County,,00000,42.147758770366295,-71.72888550977072,6784.76,4147.61,120945
8996d1e2-8e99-d3c7-f43c-eb8e7e6e191c,1957-10-17,2008-02-08,999-47-6850,S99931700,X05427493X,Mrs.,Keira502,Amira620,Harber290,MD,Leannon79,M,native,nonhispanic,F,Boston  Massachusetts  US,172 Cummerata Gate,Ocean Bluff-Brant Rock,Massachusetts,Plymouth County,,00000,42.06045114469664,-70.63464813757851,13202.51,702668.76,12729
ecd653c0-c73d-31d7-212f-58282ef3db04,1987-04-22,,999-51-2865,S99926442,X00516810X,Ms.,Inez706,Christiane220,Daugherty69,,,S,white,nonhispanic,F,Milan  Lombardy  IT,169 Jast Knoll Suite 16,Somerville,Massachusetts,Middlesex County,25017,02140,42.35941658915417,-71.0658774719239,240076.07,969258.87,45060
dc6b5ed9-54a2-ad36-33fd-55a15d760401,1998-06-17,,999-43-9161,S99992489,X88434418X,Mr.,Elmo857,Rickey821,Weber641,,,M,white,nonhispanic,M,Milton  Massachusetts  US,803 Gerhold Rue,Bridgewater,Massachusetts,Plymouth County,25023,02324,41.94140423382226,-71.01509178517594,66618.12,21732.44,55423
a2f4e715-0f4f-ca10-13a4-295f97f5519b,1971-08-30,,999-44-3662,S99929983,X48985384X,Mrs.,Trinity427,,Balistreri607,JD,Nolan344,M,white,nonhispanic,F,Mansfield  Massachusetts  US,1073 Schuster Meadow Apt 83,Sutton,Massachusetts,Worcester County,,00000,42.1558046037625,-71.73599724554457,233602.79,435381.15,174230
53b5072b-8960-2a0d-a5e9-11c3b9d266e3,1971-02-27,2011-06-04,999-39-2922,S99967414,X60782977X,Mrs.,Elvie131,Karina848,DuBuque211,,Beier427,M,white,nonhispanic,F,Canton  Massachusetts  US,760 Christiansen Highlands,Dartmouth,Massachusetts,Bristol County,,00000,41.57616526948512,-70.975278604805,10411.72,610605.56,20935
e5c32ae2-2566-5e6f-a67b-73c239681561,1967-05-28,,999-48-6308,S99984746,X43049152X,Mr.,Mitchell808,Logan497,Bode78,,,M,white,nonhispanic,M,Newton  Massachusetts  US,959 Berge Junction,Falmouth,Massachusetts,Barnstable County,25001,02540,41.55334384095739,-70.65366919081576,34086.32,945418.35,71442
20b29dc0-446c-4f98-d88f-a03604c96c32,1982-01-31,,999-51-2890,S99984791,X91022409X,Ms.,Norman647,Arianne988,Price929,,,S,white,nonhispanic,F,Boston  Massachusetts  US,599 Stanton View Suite 17,West Brookfield,Massachusetts,Worcester County,25027,01585,42.27581270439761,-72.19838187969351,305534.96,1296492.48,135858
32dbdfa1-f16d-d6dc-56b9-fcb7a59af7e4,1960-11-20,,999-54-1713,S99923210,X57875326X,Mr.,Jarrett354,Porter490,Mertz280,,,D,white,nonhispanic,M,North Attleborough  Massachusetts  US,904 Kertzmann Throughway Suite 94,Westfield,Massachusetts,Hampden County,25013,01086,42.085320599452906,-72.78689053302291,160018.99,193038.94,71480
d831d613-89c6-cd34-fc4f-9a715bd96fa5,1995-05-06,,999-48-5407,S99933493,X80588391X,Mrs.,Domenica436,Jeanett771,Stiedemann542,,Bechtelar572,M,white,nonhispanic,F,Harvard  Massachusetts  US,366 Jacobs Drive,Boston,Massachusetts,Suffolk County,25025,02210,42.291604945786204,-71.09297188704494,157624.28,181310.23,84180
c0cd0cfa-55f5-dd48-5ecd-2da88cbeb1dd,1954-03-05,,999-67-9368,S99962658,X03060295X,Mrs.,Huong243,Melvin857,O'Reilly797,,Johns824,M,white,nonhispanic,F,Belmont  Massachusetts  US,822 Schaefer Walk Suite 19,Burlington,Massachusetts,Middlesex County,25017,01803,42.484633859938555,-71.29381305349226,41406.33,889832.16,859012
92a26c48-3505-d863-98f2-8b71ae87d703,1998-11-19,,999-14-9420,S99942691,X51306624X,Mr.,Lawerence6,,Wolf938,,,,white,nonhispanic,M,Kingston  Massachusetts  US,404 Gutkowski Ville Unit 78,Groveland,Massachusetts,Essex County,,00000,42.71013812423232,-71.05967386468326,80194.86,23988.40,192923
f02ce6b2-11dc-a269-b7f9-33730e352a43,2000-06-10,,999-76-8087,S99960710,X33295263X,Ms.,Roseline981,Latasha666,Simonis280,,,,white,nonhispanic,F,Boston  Massachusetts  US,261 Schulist Gate,Beverly,Massachusetts,Essex County,25009,01915,42.572211826701384,-70.91359118381853,96053.32,657973.55,84271
3d0a2226-e27a-097a-9a5f-0983351e1a11,1957-10-17,,999-75-1735,S99937153,X64673540X,Mrs.,Kendra609,Spring819,Mohr916,JD,Rau926,D,native,nonhispanic,F,Kingston  Massachusetts  US,343 Keebler Trailer,Ocean Bluff-Brant Rock,Massachusetts,Plymouth County,,00000,42.08396442754116,-70.64314143492722,16279.54,950860.44,12729
064f135a-f01c-ffc2-45dd-3d5067f280fd,1953-09-24,2021-01-05,999-79-6506,S99940452,X90619467X,Mrs.,Shellie908,,Wilderman619,,Kihn564,D,white,nonhispanic,F,Lexington  Massachusetts  US,424 Bode Terrace,Kingston,Massachusetts,Plymouth County,25023,02364,42.007916957487886,-70.69318166904912,909608.88,1190201.23,111751
0c694208-75d2-5846-07f3-73c3d9174cd0,1971-02-27,,999-96-3650,S99910730,X08412908X,Mrs.,Lester513,January966,O'Kon634,,Raynor401,M,white,nonhispanic,F,Westborough  Massachusetts  US,294 Mann Ranch Unit 30,Dartmouth,Massachusetts,Bristol County,,00000,41.60771703337089,-70.95535512527442,12947.77,551387.95,20935
cdbe0163-de00-3ab7-dae6-8917dd0e2a5a,2002-11-08,,999-57-8581,S99983655,X51783062X,Mr.,Donny470,Lenard338,Jerde200,,,,white,nonhispanic,M,Middleton  Massachusetts  US,153 Ferry Boulevard Apt 95,New Bedford,Massachusetts,Bristol County,25005,02743,41.760892105055525,-70.9270220307933,50135.95,7965.46,69375
1485e6fe-72f2-7bae-fef1-c2490ddd8695,1975-04-23,,999-44-5774,S99942158,X75192262X,Mr.,Ben667,Reuben327,Brekke496,,,S,white,nonhispanic,M,Newton  Massachusetts  US,711 MacGyver Row Unit 23,Newton,Massachusetts,Middlesex County,25017,02459,42.31992825323783,-71.1870025802426,8499.13,136600.99,16756
94aeffd9-e118-47cf-77ef-609e93855679,2004-11-01,,999-83-3128,S99993616,X46034389X,Ms.,Natashia109,,Farrell962,,,,white,nonhispanic,F,New Bedford  Massachusetts  US,379 Beer Rapid,Dalton,Massachusetts,Berkshire County,,00000,42.446815848883375,-73.14758493005532,111532.27,151259.59,170190
3dec5955-2dd6-5976-6d30-7fa9d909894f,1956-05-24,,999-78-4467,S99974755,X12439550X,Mrs.,Ester635,Sudie246,Mraz590,,Gorczany269,D,white,nonhispanic,F,Medford  Massachusetts  US,835 Kiehn Plaza Apt 36,Taunton,Massachusetts,Bristol County,25005,02780,41.957080995284514,-71.07031022403828,402988.17,1137041.64,121475
43cfdc6d-f0f0-a987-3c40-60577e7c096c,1970-09-09,,999-14-4138,S99976970,X25080577X,Mrs.,Maricela194,Tereasa291,Torphy630,,Kertzmann286,M,white,nonhispanic,F,Medford  Massachusetts  US,346 Reichert Ferry,East Falmouth,Massachusetts,Barnstable County,25001,02536,41.63138605769376,-70.55732843807114,824513.17,358000.54,68839
39b4e055-671d-a5a8-238b-651057fd1338,1995-10-17,,999-69-1737,S99962271,X40063676X,Mrs.,Floria545,Danille883,Balistreri607,,Walter473,M,white,nonhispanic,F,Weymouth  Massachusetts  US,810 Koss Port,Boston,Massachusetts,Suffolk County,25025,02115,42.31649251199504,-71.06761260579415,148770.78,203563.23,146392
1a995ddd-3a99-0732-0743-51ad64ed2058,1920-09-21,,999-66-5851,S99988667,X23143913X,Mrs.,Cleotilde229,,Dietrich576,MD,Goldner995,M,white,nonhispanic,F,North Reading  Massachusetts  US,106 Gulgowski Track Apt 46,West Yarmouth,Massachusetts,Barnstable County,25001,02673,41.69614991082306,-70.2301177451334,253348.62,1988107.41,704754
6a5a0054-2555-0d0d-6b20-c2b90bb044b6,1987-03-20,,999-56-6573,S99988459,X04031534X,Mrs.,Priscilla527,Kathleen516,Borer986,,Terry864,M,white,hispanic,F,Malden  Massachusetts  US,209 Bednar Well Unit 3,Plymouth,Massachusetts,Plymouth County,25023,02360,41.86184022150997,-70.67882221072595,252416.70,376087.38,44452
d5b44ebe-1599-8368-989d-0da5b7e40e87,2001-11-07,,999-25-5607,S99945622,X35932169X,Ms.,William805,Pattie91,Sauer652,,,,white,nonhispanic,F,Springfield  Massachusetts  US,439 Kassulke Junction Suite 23,Salem,Massachusetts,Essex County,25009,01907,42.53035941011135,-70.90622439243853,105141.62,808502.08,42068
12dfbede-7edf-14b2-26c7-bd51fe6551f1,2002-11-01,,999-53-2061,S99926849,X85653585X,Ms.,Jami235,Yahaira79,Lehner980,,,,white,nonhispanic,F,Milton  Massachusetts  US,798 Ferry Grove Suite 58,Barre,Massachusetts,Worcester County,25027,01005,42.4164005892663,-72.07671245336725,5927.15,101614.37,22571
935c7fed-18eb-1819-c2af-13c6e55cf988,1945-09-18,1956-02-14,999-31-3166,,,,Carol737,Benjamin360,Hand679,,,,white,nonhispanic,M,Boston  Massachusetts  US,211 Christiansen Esplanade,Bolton,Massachusetts,Worcester County,,00000,42.44265322651507,-71.60345552262235,24471.71,22658.05,473276
262003a6-7408-2af1-26da-1d49dbdc080c,2015-02-27,,999-66-2752,,,,Terrance440,Nigel915,Ernser583,,,,white,nonhispanic,M,Plainville  Massachusetts  US,231 Wiza Arcade,Fitchburg,Massachusetts,Worcester County,25027,01420,42.545178459659844,-71.81532332628366,28703.68,1462.14,127483
9c80755e-3e67-594d-7c46-782b39b7deec,1976-06-20,,999-75-2498,S99971270,X39106468X,Mr.,Louie190,Kelley882,Reinger292,,,D,white,nonhispanic,M,Norwell  Massachusetts  US,675 Aufderhar Drive Suite 25,Wellesley,Massachusetts,Norfolk County,25021,02457,42.298927259088735,-71.24653404057955,168477.99,27489.91,55753
17b74231-8322-f1b1-f4da-caf3ad6a49d8,1961-03-16,,999-92-5609,S99951582,X89641100X,Mrs.,Patricia625,Conchita9,Ornelas92,,Calvillo618,W,white,hispanic,F,Roseau  Saint George  DM,375 Veum Route Unit 21,Worcester,Massachusetts,Worcester County,25027,01604,42.27022398778623,-71.77372904723333,539009.43,89595.80,57308
1321bbda-0ee8-e12c-4411-a19bcabd6ec5,2011-04-12,,999-23-9222,,,,Donny470,Dewitt635,Grimes165,,,,white,nonhispanic,M,West Springfield  Massachusetts  US,380 Hahn Lodge Apt 55,Franklin,Massachusetts,Norfolk County,25021,02038,42.128340622765265,-71.43501687291425,37141.68,1123.94,36380
9ca82988-4f91-4e2c-1e19-a985000581dc,1974-06-09,,999-68-6860,S99977672,X44431055X,Mr.,Boyce638,,Ryan260,,,M,hawaiian,nonhispanic,M,Saugus  Massachusetts  US,914 Rolfson Mall,Webster,Massachusetts,Worcester County,25027,01570,42.07328936616354,-71.83977657831053,112837.90,50686.72,198096
cae69a59-ab8f-f2b9-cde1-75543f4d7126,1961-09-20,2014-03-16,999-27-8329,S99922123,X26424647X,Mr.,Elbert916,Isreal8,Rolfson709,,,S,white,nonhispanic,M,Peru  Massachusetts  US,139 Ziemann Quay Apt 30,Winchester,Massachusetts,Middlesex County,25017,01890,42.40979977883607,-71.12876088560256,88141.74,151407.68,47102
7c5a4d41-38d4-a7af-99de-d9ec48f62285,1976-11-18,,999-32-4722,S99949775,X29149367X,Mr.,Jewell855,Matthew562,Fadel536,,,M,white,nonhispanic,M,Bridgewater  Massachusetts  US,574 Kulas Extension,Ayer,Massachusetts,Middlesex County,25027,01434,42.55799791625108,-71.604704302184,187415.83,0.00,53838
5ce611c5-9db0-f157-345f-342c23e90612,1977-06-30,,999-13-6451,S99917305,X43099331X,Mrs.,Kathaleen265,Shu104,Abbott774,,Price929,M,white,nonhispanic,F,Groveland  Massachusetts  US,679 Hirthe Fort,Haverhill,Massachusetts,Essex County,25009,01830,42.7934315371267,-71.13522677670822,444481.92,461933.47,61535
8ec78713-084c-4059-e3e7-7a34b1c0e10c,1972-01-25,,999-86-8615,S99980067,X64803348X,Ms.,Debra128,Lamonica504,Monahan736,,,S,white,nonhispanic,F,Brookfield  Massachusetts  US,1054 Kassulke Overpass Apt 83,Needham,Massachusetts,Norfolk County,25021,02494,42.26014024883899,-71.2924089459582,364578.81,1001926.93,929978
523430f7-d1c5-583a-4170-368cce3f068e,1945-09-18,2000-04-02,999-75-4290,S99998521,X17347390X,Mr.,Jarrod316,Luciano237,Bradtke547,,,D,white,nonhispanic,M,Needham  Massachusetts  US,846 Rolfson Glen,Bolton,Massachusetts,Worcester County,,00000,42.46613412682251,-71.56727655047965,115987.96,10951.53,473276
41f40183-8ae1-a8bd-5ebc-1dd1e6b72df7,2008-02-11,,999-77-7730,S99977392,,Mr.,Marcos263,Tim88,Gorczany269,,,,white,nonhispanic,M,Boston  Massachusetts  US,703 Kuhic Station Unit 27,Worcester,Massachusetts,Worcester County,25027,01545,42.28497953824919,-71.70801989584346,49362.74,28067.00,43258
56589e99-c642-6196-1815-fd78f89eb8ae,2015-05-23,,999-19-1879,,,,Anisha16,Adelaida985,Raynor401,,,,white,nonhispanic,F,Holyoke  Massachusetts  US,801 Kozey Parade,Marlborough,Massachusetts,Middlesex County,25017,01752,42.386921944936894,-71.58360641732499,19204.40,5351.36,37057
68cddbce-d77d-fc1b-bf55-7b6759e1ddf8,1980-07-08,,999-36-9559,S99924990,X44207998X,Ms.,Jeannette562,Jillian231,Runte676,,,S,white,nonhispanic,F,Lowell  Massachusetts  US,1046 Wyman Row,Rehoboth,Massachusetts,Bristol County,,00000,41.8053318894672,-71.23196046883004,349632.12,4654.51,119225
71deb4d0-4b20-ec89-2c63-b1fe495b40aa,1973-09-05,,999-91-3153,S99998830,X80580090X,Mr.,Kermit56,,Muller251,,,M,white,nonhispanic,M,Boston  Massachusetts  US,170 Nolan Port,Hull,Massachusetts,Plymouth County,25023,02045,42.3615829646599,-70.86436986280356,113931.95,25696.60,601051
d990dd2b-5da6-a46e-77d2-c2d070e61963,1940-10-28,1999-11-21,999-19-2989,S99999978,X23886353X,Mrs.,Débora815,,Gaitán874,,Bermúdez789,M,white,hispanic,F,Marigot  Saint Andrew Parish  DM,231 Von Bypass,Brookline,Massachusetts,Norfolk County,25021,02446,42.31457601654602,-71.11982129371215,320104.13,898659.33,184604
f891ac63-69a3-8093-4f1d-148752173b53,2009-01-20,,999-72-1792,S99960043,,,Magdalena964,Lilia791,Orta736,,,,white,hispanic,F,Ponce  Puerto Rico  PR,242 Boehm Drive Apt 38,Fitchburg,Massachusetts,Worcester County,25027,01420,42.542137440999916,-71.81349997058517,4095.86,193516.10,19415
0e471b20-8b9a-907e-4fd4-9741c6b721a6,2005-12-07,,999-93-5305,S99969599,X55779491X,Mr.,Gerry91,Dan465,Schowalter414,,,,white,nonhispanic,M,Dighton  Massachusetts  US,815 Shields Union Suite 36,Boston,Massachusetts,Suffolk County,25025,02128,42.279743412731726,-71.07319463881716,52452.61,7367.46,61792
8d15642c-3741-6e75-2c7f-dc13690d47ed,1980-03-23,,999-81-1664,S99941724,X01980936X,Mr.,Ignacio928,Ernesto186,Galván169,,,D,black,hispanic,M,Mexico City  Mexico City  MX,611 Rippin Brook,Springfield,Massachusetts,Hampden County,25013,01107,42.15717159788473,-72.46102195754887,120240.95,42896.68,64653
5a7172c9-a45e-6469-8b0b-71a673916090,1970-10-05,2023-02-17,999-58-1454,S99913857,X71123311X,Mrs.,Despina962,Darcey370,Purdy2,,McClure239,W,black,nonhispanic,F,Medford  Massachusetts  US,405 Gorczany Row,Millis-Clicquot,Massachusetts,Norfolk County,,00000,42.154278964648654,-71.3141262489484,343369.38,481187.98,105695
59de1cbc-187a-b805-ec9c-84a44aa4201f,1942-03-10,,999-70-3629,S99924304,X31136015X,Ms.,Eldora89,,Gulgowski816,,,S,white,nonhispanic,F,Middleborough Center  Massachusetts  US,324 Lebsack Orchard,Gloucester,Massachusetts,Essex County,25009,01930,42.641863628087336,-70.71324401919358,166395.15,2155534.68,5380
7b3321db-d238-2619-5c1b-63ceae105459,1961-09-20,,999-85-9053,S99990123,X63490500X,Mr.,Lucas404,,Koss676,,,M,white,nonhispanic,M,Plymouth  Massachusetts  US,597 Lowe Row,Winchester,Massachusetts,Middlesex County,25017,01890,42.40773618173207,-71.15262728014366,269469.63,169094.91,47102
37e63873-cd9d-5acf-f5dd-c40b7a125f5b,2009-07-05,,999-31-4121,S99998207,,,Luanna919,Claris36,Cummerata161,,,,white,nonhispanic,F,Wrentham  Massachusetts  US,1087 Anderson Mews Unit 59,Easton,Massachusetts,Bristol County,,00000,41.99777884990758,-71.08925547173904,33359.75,45172.79,895094
715f5920-e2e2-d040-fea7-0ee8cd1d4677,1982-03-30,,999-85-6877,S99987643,X12583675X,Mrs.,Alethia102,Hue920,Hoeger474,,Kassulke119,M,black,nonhispanic,F,Boston  Massachusetts  US,814 Hoppe Center Suite 58,Wrentham,Massachusetts,Norfolk County,,00000,42.051570805713084,-71.37406370847505,377272.42,566181.64,43176
e59ad72f-7c23-6a4d-3ae3-c13c2fcefc76,1953-09-24,,999-99-1864,S99957966,X36685739X,Mrs.,Michele387,Sydney660,Stoltenberg489,,Jakubowski832,D,white,nonhispanic,F,Boston  Massachusetts  US,635 Schaefer Vale,Kingston,Massachusetts,Plymouth County,25023,02364,41.97735851746476,-70.75582457017957,1183758.43,170754.42,111751
61da8016-4fd3-f9b4-fdff-54816c941050,1945-09-18,,999-92-7608,S99970132,X04984737X,Mr.,Bruno518,,Tremblay80,,,M,white,nonhispanic,M,Braintree  Massachusetts  US,786 Sawayn Frontage road,Bolton,Massachusetts,Worcester County,,00000,42.46469428851274,-71.5789549925135,164833.18,402037.43,473276
11bc2f8c-82a7-9cdf-845e-68d762e94ef5,1963-01-28,,999-80-2841,S99976035,X65202408X,Mrs.,Julene165,Slyvia34,Mann644,,Abernathy524,M,white,nonhispanic,F,Lynn  Massachusetts  US,273 Lang Fork Apt 32,Salem,Massachusetts,Essex County,25009,01970,42.5166284222771,-70.90272359839099,972410.49,419448.00,105767
a46f983d-136b-9815-7a25-ccff811ae1d3,1931-11-02,2019-05-28,999-93-2280,S99919467,X30625605X,Mr.,Lynwood354,Edwin773,Skiles927,,,M,white,nonhispanic,M,Waltham  Massachusetts  US,339 Hermann Vale,Pembroke,Massachusetts,Plymouth County,,00000,42.097707602505544,-70.81039253468192,169806.26,548752.53,126825
52130b08-25e7-d22a-acde-3e21769ca909,1960-09-04,,999-23-6973,S99945612,X68033022X,Mr.,Osvaldo336,Eduardo902,Klein929,,,M,white,nonhispanic,M,Boston  Massachusetts  US,331 Rolfson Route Apt 46,Wellesley,Massachusetts,Norfolk County,25021,02481,42.30336279211308,-71.30841820320776,126772.13,227899.35,91228
0c601ae2-3379-df82-ff81-2f14ae3236cd,1991-08-30,,999-30-6482,S99967187,X25955342X,Ms.,Verda448,Love546,Ritchie586,,,S,white,nonhispanic,F,New Bedford  Massachusetts  US,595 Olson Knoll Apt 16,Burlington,Massachusetts,Middlesex County,25017,01730,42.47148008143656,-71.18578702570457,144361.91,442905.24,36724
a17af76c-0eef-08f5-c775-5609c2c0fdbe,2021-09-14,,999-49-8714,,,,Beatriz277,Carmen818,Flores439,,,,white,hispanic,F,Marigot  Saint Andrew Parish  DM,759 Hand Boulevard,East Longmeadow,Massachusetts,Hampden County,,00000,42.05096286666265,-72.47688564450411,6846.94,4664.02,144939
2fc521b3-5a4d-ae20-8395-cec27386a058,2020-09-09,,999-44-7814,,,,Cecilia788,Julia241,Villegas15,,,,white,hispanic,F,Mexico City  Mexico City  MX,295 Hintz Pathway,Springfield,Massachusetts,Hampden County,25013,01109,42.121765074552265,-72.52629390687238,14739.10,5.61,139313
3798519a-ef07-db75-40fd-aa8dc049d6cd,1970-09-13,,999-74-1028,S99938268,X64566260X,Mr.,Gerry91,,Legros616,,,S,white,nonhispanic,M,Brockton  Massachusetts  US,596 Bechtelar Common Suite 80,Boston,Massachusetts,Suffolk County,25025,02127,42.360717955104704,-70.99331586140245,15525.11,182797.78,9371
358084ca-1fd7-be4e-8603-91f96e2aad83,1990-02-06,,999-77-2769,S99921567,X55354750X,Mr.,Efren426,Rolf983,Lubowitz58,,,S,black,nonhispanic,M,Lowell  Massachusetts  US,686 Huel Village Suite 58,Chelsea,Massachusetts,Suffolk County,25025,02150,42.461593914667056,-70.99890295213221,111993.18,24907.91,92379
2ed19202-5396-4866-53ed-7631d5d1c62f,2004-08-19,,999-93-6335,S99967354,X10655395X,Ms.,Clarence5,Laurette750,Gaylord332,,,,white,nonhispanic,F,Brookline  Massachusetts  US,552 Abernathy Drive Apt 57,Palmer,Massachusetts,Hampden County,25013,01095,42.131992551814555,-72.36864839575385,13900.11,122328.74,138953
28937e79-fb6a-0ab8-f40a-d202c12ebfbb,2007-07-21,,999-22-8022,S99918622,,Mr.,Claudio955,Ezra452,Buckridge80,,,,white,nonhispanic,M,Lynn  Massachusetts  US,164 Romaguera Green Suite 28,Methuen,Massachusetts,Essex County,25009,01844,42.75257446913665,-71.16284714117593,65290.68,1325.56,82003
b9868d6b-2cae-66f4-2e19-f174e4cb8a91,1999-01-27,,999-77-6860,S99997275,X08765920X,Mr.,Alton320,Bryan958,Kling921,,,,white,nonhispanic,M,Boston  Massachusetts  US,267 Fisher Bypass,Melrose,Massachusetts,Middlesex County,25017,02176,42.45215947380216,-71.08833902670474,66988.62,23522.25,68057
2dd519c8-0b8e-e240-7856-d910115bc6e2,2009-05-05,,999-52-5183,S99931642,,,Shawnta32,Lilliam592,Bailey598,,,,white,nonhispanic,F,Fall River  Massachusetts  US,947 Hoeger Manor Unit 44,Waltham,Massachusetts,Middlesex County,25017,02451,42.38783818729403,-71.2525841474177,6600.00,707382.24,16777
462a3f6a-9f84-f88f-42e4-f4d7577fd958,2016-09-15,,999-23-9078,,,,Yvette315,,Legros616,,,,hawaiian,nonhispanic,F,Shrewsbury  Massachusetts  US,992 Hilpert Rapid Unit 99,Dudley,Massachusetts,Worcester County,,00000,42.09047495784067,-71.91780007363346,1862.82,59613.35,1700
732d32d2-2058-de34-1925-59553a1583a1,1927-08-22,2013-07-23,999-41-7077,S99971922,X10766803X,Mr.,Lupe126,,Towne435,,,M,white,nonhispanic,M,Lyon  Auvergne-Rhone-Alpes  FR,863 Marks View,Worcester,Massachusetts,Worcester County,25027,01609,42.26479156169648,-71.75282950597332,81098.13,2945288.31,199047
b35dead5-59a9-7cec-cdbb-c845c543fff6,1971-10-02,,999-55-8829,S99950238,X77412929X,Mr.,Stanford577,,Kozey370,,,M,asian,nonhispanic,M,Macau  Macao Special Administrative Region of the People's Republic of China  CN,588 Dooley Meadow,Saugus,Massachusetts,Essex County,25009,01906,42.47311323017961,-71.0275908275638,155961.18,53979.66,35369
2fb953f2-1180-a171-ddf4-93056013e583,1940-10-28,2002-03-15,999-58-9799,S99988632,X22922738X,Mrs.,Susana117,Rosa195,Soria950,,Montañez267,M,white,hispanic,F,Portsmouth  Saint John Parish  DM,250 Larson Terrace,Brookline,Massachusetts,Norfolk County,25021,02445,42.32243295411493,-71.1344753741706,160904.56,682025.58,184604
73fae4c2-b594-70bb-a4f7-0c755a14e555,1982-10-06,,999-37-1968,S99993719,X88074065X,Mr.,Dante562,Elden718,Kessler503,,,M,white,nonhispanic,M,Fitchburg  Massachusetts  US,288 Klein Wynd Apt 70,Pepperell,Massachusetts,Middlesex County,25017,01463,42.62197583170693,-71.61907577767245,95210.41,18606.31,72238
dc36fde0-4b29-8471-fcb8-c17d6d252a81,1995-02-18,,999-24-5748,S99990775,X19564742X,Mr.,Jeremiah751,Marvin195,Yost751,,,S,white,hispanic,M,Pittsfield  Massachusetts  US,186 Baumbach Track,Chelsea,Massachusetts,Suffolk County,25025,02150,42.39667491557434,-70.9985168916074,10530.39,821320.73,22229
3ceb4edf-e9af-7eed-6615-525587a065bb,2001-09-18,,999-87-6108,S99974910,X19287388X,Ms.,Christie481,,Ziemann98,,,,white,nonhispanic,F,Groton  Massachusetts  US,175 Gerlach Green,Pepperell,Massachusetts,Middlesex County,25017,01463,42.719340608030855,-71.61790223818326,68625.15,606866.20,346911
46790e6b-dcb5-7ae6-afc7-9cae0f5372a2,1990-02-09,,999-75-9972,S99956596,X77763806X,Mrs.,Bertie593,,Donnelly343,,Rath779,M,black,nonhispanic,F,Scituate  Massachusetts  US,135 Jacobs Parade,Boston,Massachusetts,Suffolk County,25025,02163,42.37930228855027,-71.10346348811781,10539.05,670040.16,8770
5157e309-adf6-bb2e-fb28-adfcb9b60c5d,1992-08-22,,999-72-7044,S99965666,X91854969X,Mr.,Wilber603,,Stanton715,,,M,black,nonhispanic,M,Athol  Massachusetts  US,1089 Marvin Green,Chicopee,Massachusetts,Hampden County,25013,01022,42.15589594645828,-72.57953000056867,85676.47,730811.69,49655
b193ffbe-b94e-3fe8-6312-4cd8e1235de2,1959-08-23,2024-01-18,999-76-7458,S99958641,X36162667X,Mr.,Israel728,Adam631,Rempel203,,,W,white,nonhispanic,M,Southbridge  Massachusetts  US,972 Legros Estate Unit 22,Greenfield,Massachusetts,Franklin County,25011,01301,42.59614543160983,-72.59243647280455,23598.87,545616.42,14714
0dff9e44-3bb8-ecd0-92d5-fd0036a8690a,2024-09-11,,999-30-2938,,,,Marvella276,,Stoltenberg489,,,,white,nonhispanic,F,Westborough  Massachusetts  US,151 Hodkiewicz Bay,Rockport,Massachusetts,Essex County,25009,01966,42.62471989494331,-70.60350619372872,9755.49,2262.43,164621
1181948f-9c61-f6fc-c9e5-87d045303c10,1982-09-22,,999-21-3758,S99990133,X53009864X,Mrs.,Ema785,Elnora999,Lang846,,Herzog843,M,white,nonhispanic,F,Somerville  Massachusetts  US,433 Zemlak Crossroad Unit 71,Dracut,Massachusetts,Middlesex County,,00000,42.63824556222594,-71.28359293786025,347084.03,505885.73,73150
17783b7f-3825-b064-b0f3-e3cde832164b,1964-05-25,,999-77-7230,S99914510,X73295224X,Mr.,Dion244,Alexander630,Pagac496,,,M,white,nonhispanic,M,Swampscott  Massachusetts  US,827 Leannon Vista Apt 89,Lynn,Massachusetts,Essex County,25009,01904,42.49239060241704,-71.03693485614191,9239.28,143111.35,13081
4d4fae53-def0-6da1-46cf-412c747ff58f,2005-07-06,,999-21-1268,S99930728,X01426590X,Ms.,Gayle448,Myung778,Casper496,,,,white,nonhispanic,F,Brookfield  Massachusetts  US,1046 Parisian Mill Apt 99,Whitinsville,Massachusetts,Worcester County,25027,01588,42.10698648703674,-71.62981408131208,81019.21,144341.81,50774
38b0bc93-d26b-1f93-8c0c-ca0278ecaa98,2006-03-10,,999-49-6904,S99910508,X25704375X,Mr.,Homero668,Jesús825,Tovar84,,,,asian,hispanic,M,San Jose  San Jose  CR,330 Harber Manor Apt 2,Needham,Massachusetts,Norfolk County,25021,02492,42.286581741189444,-71.26856204509885,27104.87,24212.05,101294
6cf72168-12a0-7678-cca0-23e5bae1f633,2015-12-01,,999-35-4007,,,,Santiago500,Darnell564,Schowalter414,,,,white,nonhispanic,M,Plymouth  Massachusetts  US,700 Simonis Loaf,Milford,Massachusetts,Worcester County,25027,01757,42.12572437325431,-71.49332650061028,1985.63,36250.28,23903
b5065e8f-a60c-56db-21c4-bd097c3db448,2001-05-08,,999-88-6313,S99956842,X10306570X,Mr.,Sammie902,Stewart672,Hane680,,,,white,nonhispanic,M,Winchendon  Massachusetts  US,565 Zulauf Row,Milton,Massachusetts,Norfolk County,25021,02186,42.28506175096579,-71.06696302218218,63536.96,563683.90,93233
0e912677-b853-9f61-e3ce-9ec46fdde182,1965-11-30,,999-69-5035,S99997292,X23608202X,Ms.,Jaquelyn689,Christopher407,Rempel203,,,S,hawaiian,nonhispanic,F,Worcester  Massachusetts  US,1065 Larson Parade Unit 90,Newburyport,Massachusetts,Essex County,25009,01950,42.85283892878381,-70.84990258191985,617507.69,162429.29,54707
58ea3a94-c776-ed2f-f904-df3c89c37ff4,1995-05-29,,999-68-1961,S99924691,X97102950X,Mrs.,Julia241,Reina25,Ledesma253,,Lomeli256,M,white,hispanic,F,Carolina  Puerto Rico  PR,371 Ullrich Union,Waltham,Massachusetts,Middlesex County,25017,02453,42.37357049625861,-71.2003113551571,198641.48,636451.36,41018
47c2647f-fc81-8093-81f8-d97d53671c11,2001-04-03,,999-91-9793,S99971869,X54932082X,Ms.,Sandee884,,Leannon79,,,,white,nonhispanic,F,Mansfield  Massachusetts  US,927 Leffler View Suite 15,Littleton,Massachusetts,Middlesex County,,00000,42.490010235786244,-71.53365785130023,105091.32,306566.70,179185
377053b1-cfb3-ec3c-6105-5cb2f1cc0f2d,1970-10-05,,999-82-1796,S99956839,X03980313X,Mrs.,Reba58,Shavon903,Howe413,,White193,M,black,nonhispanic,F,Worcester  Massachusetts  US,678 Gorczany Run Apt 91,Millis-Clicquot,Massachusetts,Norfolk County,,00000,42.13496120020586,-71.36238638357297,810697.82,360091.06,105695
2b06ca31-2704-d192-4e45-82a41170149c,1962-09-23,2017-04-11,999-26-1625,S99989908,X81252791X,Mr.,Vito638,Reginald96,Bednar518,,,M,white,nonhispanic,M,Watertown  Massachusetts  US,453 Hirthe Bridge Unit 49,Fitchburg,Massachusetts,Worcester County,25027,01420,42.61888608356815,-71.81792361676511,208525.58,708847.50,123970
256d3cbd-25a7-3df8-198e-f70eacd1e668,1940-10-28,,999-26-2874,S99951302,X88487497X,Mrs.,Inés791,,Casas271,,Raya927,D,white,hispanic,F,Buenos Aires  Ciudad de Buenos Aires  AR,199 Hyatt Landing,Brookline,Massachusetts,Norfolk County,25021,02445,42.33399056163502,-71.13927580728863,331357.24,1039657.59,184604
0fd2ecdf-28f4-76bc-638c-f853f015fff8,2001-08-27,,999-18-5075,S99982220,X18671430X,Mr.,Darrell400,,Bernier607,,,,black,nonhispanic,M,Barnstable  Massachusetts  US,452 McGlynn Promenade,Westfield,Massachusetts,Hampden County,25013,01085,42.19964758607734,-72.73155498936681,81989.20,5459.59,990854
0dd7ce0a-c2e4-8951-3ce3-80e72b383700,1938-09-23,,999-47-2646,S99929253,X55768183X,Mrs.,Larissa293,Shauna908,Rogahn59,,Anderson154,W,white,nonhispanic,F,Worthington  Massachusetts  US,494 Schneider Viaduct,Weymouth,Massachusetts,Norfolk County,25021,02188,42.20868016675507,-70.90771404126997,252756.42,487764.05,29647
586864ca-f7f8-05c8-fad9-e28ad5c143f0,1927-08-22,2012-09-26,999-90-3245,S99933533,X98135048X,Mr.,Lavern240,Drew592,Parisian75,,,S,white,nonhispanic,M,Marseille  Provence-Alpes-Cote d'Azur  FR,152 Bogisich Trafficway,Worcester,Massachusetts,Worcester County,25027,01609,42.24504069968142,-71.74953695057343,167861.62,184921.69,199047
6be4700f-c16b-cc8b-f734-f750917917ec,1998-09-09,,999-30-3963,S99935248,X46954810X,Mr.,Mariano761,,Maya972,,,,asian,hispanic,M,Santiago de los Caballeros  Santiago  DO,255 Runte Rest,Boston,Massachusetts,Suffolk County,25025,02116,42.29629229663063,-71.04664731925052,33619.24,24864.24,274633
fd87726f-316b-e504-77af-bbe0e128cc77,1976-08-04,,999-83-4280,S99985939,X69417698X,Mr.,Deon400,Juan88,Graham902,,,M,white,nonhispanic,M,Peabody  Massachusetts  US,665 Baumbach Lodge Suite 59,Fall River,Massachusetts,Bristol County,25005,02721,41.6295108235527,-71.01966678758487,8230.60,112295.03,17182
c3fec21c-e19b-d7be-60bf-0cb76bc29656,1993-07-18,,999-44-3802,S99955820,X89979333X,Mrs.,Olympia319,Phoebe31,Romaguera67,,Medhurst46,M,white,nonhispanic,F,Grafton  Massachusetts  US,1008 Grady Skyway,Pepperell,Massachusetts,Middlesex County,25017,01463,42.65967141033475,-71.57641491190094,162960.60,727860.62,75876
9f41ec84-6a21-b0a3-dacb-b452f7fa08c7,1959-08-23,,999-63-5444,S99964050,X73335967X,Mr.,Normand813,Duncan491,Windler79,,,M,white,nonhispanic,M,Cambridge  Massachusetts  US,561 Smith Lodge Suite 48,Greenfield,Massachusetts,Franklin County,25011,01301,42.664513952945704,-72.61494148440131,30647.18,509963.22,14714
9c3a2040-868d-ce31-3de3-188a84095966,1992-03-02,,999-89-1312,S99914926,X23494921X,Mr.,Wilton999,Ken316,Ritchie586,,,M,white,nonhispanic,M,Fairhaven  Massachusetts  US,269 Johnston Run,Beverly,Massachusetts,Essex County,25009,01915,42.60546021786604,-70.86054124911368,67150.92,7840.29,54955
bfde6e87-817e-4761-ec6c-4dd13408d26d,1931-11-02,1998-10-13,999-80-7490,S99942893,X66399991X,Mr.,Lesley194,Merlin721,Olson653,,,M,white,nonhispanic,M,Dartmouth  Massachusetts  US,987 Miller Bridge,Pembroke,Massachusetts,Plymouth County,,00000,42.07907721619116,-70.7640883572788,100808.10,613868.63,126825
d57e2558-7e76-c2ca-a380-29808cb911b3,1977-06-25,,999-24-8509,S99929692,X88434687X,Mrs.,Mammie808,Rina274,Russel238,,Feil794,M,white,nonhispanic,F,Mansfield Center  Massachusetts  US,209 Baumbach Loaf,Falmouth,Massachusetts,Barnstable County,25001,02540,41.54992398856033,-70.58888221881847,602345.00,223378.29,63371
80463915-e594-2700-d475-1afbe1633100,1988-07-01,,999-98-7448,S99982083,X51176373X,Mrs.,Miki234,,Shields502,,Murphy561,D,white,nonhispanic,F,Waltham  Massachusetts  US,866 Mitchell Club,Oxford,Massachusetts,Worcester County,25027,01540,42.08201997804601,-71.86403484811748,156024.09,933744.91,903420
697da1c3-a372-1853-08fa-f1f0500bf173,1992-10-09,,999-65-9890,S99934301,X23856527X,Mrs.,Reagan466,Beulah33,Toy286,,Hickle134,M,asian,hispanic,F,Sutton  Massachusetts  US,1053 VonRueden Wynd,Springfield,Massachusetts,Hampden County,25013,01020,42.148128778343896,-72.53193367206164,604884.41,144743.19,45682
651da844-6be5-9745-a0cc-6b58f3ac5d61,2001-09-19,,999-67-8118,S99924580,X46103587X,Mr.,Eliseo499,,Cremin516,,,,black,nonhispanic,M,Canton  Massachusetts  US,1024 Jaskolski Arcade,Boston,Massachusetts,Suffolk County,25025,02163,42.338736488972835,-71.04789982234423,75748.97,6203.93,189077
39b9e06f-2ea2-5f15-5320-d8c8337251e5,2000-10-07,,999-46-1861,S99921331,X91868615X,Ms.,Apolonia139,Jonnie215,Mitchell808,,,,white,nonhispanic,F,Medford  Massachusetts  US,230 Rogahn Gate,Wenham,Massachusetts,Essex County,,00000,42.609325058399605,-70.85478747940516,6924.91,257412.03,20291
a1c9ca4e-2c13-340a-8c39-4ba5a6897655,1966-07-08,,999-86-7739,S99943648,X46363895X,Mr.,Delmar187,Jean712,Johns824,,,D,white,nonhispanic,M,Chicopee  Massachusetts  US,720 Kreiger Junction Apt 12,Canton,Massachusetts,Norfolk County,,00000,42.14541268627543,-71.15656472230776,75857.47,82285.89,223015
d411f7de-9571-4e12-aa9d-54e48ef5bfbf,1975-09-09,,999-97-5118,S99927752,X51719346X,Mrs.,Trista955,Sherrie396,Wolff180,,Kuhic920,M,white,nonhispanic,F,Agawam  Massachusetts  US,206 Lubowitz Route Unit 28,South Hadley,Massachusetts,Hampshire County,,00000,42.22883813501771,-72.57977292807722,22531.16,2059239.57,13233
74c6ad5e-f667-6102-ca54-76cdd6fd92e9,1969-01-07,,999-93-1764,S99993661,X33559294X,Mr.,Willard975,,Roberts511,,,M,white,nonhispanic,M,Randolph  Massachusetts  US,545 Crona Bay Suite 20,Lawrence,Massachusetts,Essex County,25009,01841,42.67313632822035,-71.13058340883897,23131.44,351762.06,708
a3192f3a-5577-a8bc-3200-4bb174fa685e,1977-11-21,,999-77-8938,S99986037,X06308395X,Mrs.,Pearl430,Deonna907,Becker968,,Schmeler639,M,white,nonhispanic,F,Avon  Massachusetts  US,258 Thiel Mission,Southwick,Massachusetts,Hampden County,,00000,42.07215051743987,-72.75280365216031,604644.05,482815.23,111301
a52d1090-82c7-9cab-1903-b8a72f4fad46,1931-11-02,1971-03-08,999-43-9495,S99994350,X18232991X,Mr.,Ralph813,,Padberg411,,,S,white,nonhispanic,M,Bridgewater  Massachusetts  US,296 Donnelly Crossing Unit 69,Pembroke,Massachusetts,Plymouth County,,00000,42.08970745130205,-70.7573265227771,90148.91,66933.68,126825
16683bac-5076-157b-2629-5838629bb7dd,1981-11-28,,999-74-1624,S99927925,X36793438X,Mrs.,Henrietta324,,Kreiger457,,Keebler762,M,white,nonhispanic,F,Berkley  Massachusetts  US,247 Hilpert Quay Apt 13,Sandwich,Massachusetts,Barnstable County,25001,02563,41.7214357794021,-70.50747499308008,301615.03,23379.21,46322
aed887d7-de9f-22c8-7297-7f11d242cbe9,1962-09-23,,999-19-8073,S99961655,X34468068X,Mr.,Israel728,Burl285,Macejkovic424,,,M,white,nonhispanic,M,Dartmouth  Massachusetts  US,884 Pagac Extension,Fitchburg,Massachusetts,Worcester County,25027,01420,42.570565595607384,-71.83733266896024,189866.62,57533.27,123970
7274106b-3e09-937b-422e-bb80f3f971c0,1927-08-22,2016-01-11,999-13-1157,S99978206,X47193154X,Mr.,Lee268,Hollis7,Kilback373,,,M,white,nonhispanic,M,Marseille  Provence-Alpes-Cote d'Azur  FR,169 Ebert Corner,Worcester,Massachusetts,Worcester County,25027,01583,42.23819576220456,-71.83080129935249,108789.87,602506.73,199047
2de53d6d-78cc-58eb-dfc9-eb7d4d50ee44,2000-11-08,,999-70-3558,S99997939,X06950379X,Mr.,Emory494,Truman805,Gusikowski974,,,,white,nonhispanic,M,Braintree  Massachusetts  US,1000 Hilpert Extension,Agawam,Massachusetts,Hampden County,25013,01030,42.07250194267274,-72.65258381638246,62229.34,72050.01,141073
54ebc858-baef-1816-3ee2-c67fe6718052,2002-03-23,,999-26-9049,S99973129,X52588862X,Ms.,Hortencia577,Juan88,Halvorson124,,,,white,nonhispanic,F,Weymouth  Massachusetts  US,179 Windler Wynd Unit 15,Lowell,Massachusetts,Middlesex County,25017,01851,42.649227558476525,-71.29834636382593,118223.36,271981.63,86653
6afd2c88-98cd-5221-2892-1a3525f56974,2021-11-03,,999-39-7679,,,,Danny396,Leonard963,Lynch190,,,,white,nonhispanic,M,Kingston  Massachusetts  US,359 Brown Hollow,Holden,Massachusetts,Worcester County,,00000,42.322456742898886,-71.83319296477762,5877.19,2452.49,74284
9d5f49a3-40c1-dd14-f764-03eddbdc0b55,1980-04-15,,999-73-8608,S99930001,X76441064X,Mrs.,Charmaine338,Lan153,Green467,,Rosenbaum794,M,white,nonhispanic,F,Springfield  Massachusetts  US,471 Cormier Forge,Bellingham,Massachusetts,Norfolk County,25021,02019,42.06798588935123,-71.51868635029159,458993.46,450269.28,92116
1e9d3389-95d2-f233-6380-09df511d65e1,1965-06-05,,999-19-4833,S99930377,X49790473X,Mrs.,Lavinia262,Jacelyn576,Adams676,,Considine820,M,white,nonhispanic,F,Melrose  Massachusetts  US,876 Harber Overpass Suite 41,Pittsfield,Massachusetts,Berkshire County,25003,01201,42.49257582098753,-73.27763574613633,857174.95,386532.13,56124
6fda1233-ef05-2358-052f-872ec14fc374,2011-05-10,,999-61-1797,,,,Patrica776,Michelle423,Muller251,,,,black,nonhispanic,F,Whitinsville  Massachusetts  US,490 Lynch Camp Apt 10,Nahant,Massachusetts,Essex County,25009,01908,42.39544424598667,-70.92499298996604,69239.52,373540.98,93835
f4146668-cecf-9c63-614d-bd3015ca36e8,2024-07-20,,999-72-6394,,,,Mellisa81,Kathryne752,Leannon79,,,,white,nonhispanic,F,Quincy  Massachusetts  US,647 Dickinson Branch,Methuen,Massachusetts,Essex County,25009,01844,42.68368175015238,-71.17408421077607,5952.26,0.00,82886
b574d442-e71c-6e21-39d6-65da1a43804a,1997-02-05,,999-53-9659,S99950642,X38301437X,Mrs.,Marissa322,Jenette717,Donnelly343,,Homenick806,M,white,nonhispanic,F,Barnstable  Massachusetts  US,534 Leffler Dale,North Plymouth,Massachusetts,Plymouth County,,00000,41.95508560696405,-70.65848204838068,115530.95,41312.61,131469
d2b32638-5c93-b09c-3002-5ab00b58b79e,1989-10-22,,999-95-4170,S99955917,X08649293X,Mr.,Bo157,Nicolas769,Trantow673,,,S,white,nonhispanic,M,Amherst  Massachusetts  US,806 Altenwerth Road Apt 27,Boston,Massachusetts,Suffolk County,25025,02131,42.34886996524446,-71.04342049018206,7273.39,116787.42,17094
e09cc501-0c9c-ab4e-f614-560c7b7b97b6,1966-07-20,1990-11-02,999-24-9092,S99992925,X37709275X,Ms.,Lashell363,Paola523,Schmeler639,,,,black,nonhispanic,F,Boston  Massachusetts  US,960 Schaden Esplanade Apt 15,Adams,Massachusetts,Berkshire County,25003,01220,42.649753008399145,-73.13731566225965,99467.37,306576.28,31061
fb9eaf63-c68f-7cc1-31ed-1744879a983f,1989-12-18,,999-91-3799,S99951906,X89276159X,Mrs.,Shaunte610,Phylis163,Considine820,,Gottlieb798,M,asian,nonhispanic,F,Wilmington  Massachusetts  US,1066 Stanton Vista Apt 24,Pembroke,Massachusetts,Plymouth County,,00000,42.06870521165127,-70.78568376310028,117112.31,305185.45,34629
fb2cb8f1-4e88-9889-5ebe-3054199e7618,1916-11-16,2006-03-02,999-56-1389,S99957087,X36769011X,Mr.,Antonio44,,Padberg411,,,M,white,nonhispanic,M,Shrewsbury  Massachusetts  US,748 O'Conner Port,Holliston,Massachusetts,Middlesex County,,00000,42.21161700610954,-71.46958159333266,166310.37,261367.07,174654
b550a05f-d44b-3290-a872-4e3f392de068,2000-09-20,,999-78-4201,S99999783,X20095121X,Mr.,Chang901,,Smitham825,,,,white,nonhispanic,M,Mashpee  Massachusetts  US,346 Balistreri Key,Malden,Massachusetts,Middlesex County,25017,02148,42.45958614346998,-71.10338588302422,6877.27,75236.38,2918
e2b27b22-c247-958f-109e-edefa52a1e4b,1927-08-22,1982-05-31,999-23-6069,S99976100,X84076158X,Mr.,Garth972,Trinidad33,Johns824,,,M,white,nonhispanic,M,Marseille  Provence-Alpes-Cote d'Azur  FR,731 Witting Lock Unit 60,Worcester,Massachusetts,Worcester County,25027,01608,42.24959261253921,-71.80377088896323,81405.33,139254.56,199047
c3529363-4d4f-3a9a-d77f-09c94d194dd0,2016-09-10,,999-96-7132,,,,Wanetta360,Cristie97,Stokes453,,,,white,nonhispanic,F,Longmeadow  Massachusetts  US,974 Larson Hollow,North Attleborough,Massachusetts,Bristol County,,00000,42.0004143491,-71.33468897348814,16641.39,17225.98,87695
c277b124-7b99-70f3-ef4b-4b0b33a34255,1969-12-11,,999-82-3425,S99991676,X24656695X,Mrs.,Samatha845,Cherlyn665,Nolan344,,Walsh511,D,white,nonhispanic,F,Wilmington  Massachusetts  US,181 Hermann Mill,Lincoln,Massachusetts,Middlesex County,,00000,42.426668303665686,-71.28499570096821,316711.06,379406.92,366969
6772a1a0-759c-ae65-11df-56b01e0216a7,2005-05-20,,999-47-9640,S99972164,X70333757X,Ms.,Beatrice15,Albertha209,Zieme486,,,,white,nonhispanic,F,Chelmsford  Massachusetts  US,181 Connelly Tunnel Suite 39,Watertown,Massachusetts,Middlesex County,25017,02472,42.37541133473705,-71.13940779760748,63740.60,9439.78,49838
75fe98fe-96dc-6140-e9dc-d8f3742b32d9,1972-02-07,,999-82-5263,S99993278,X53495085X,Mr.,Eduardo902,Juan88,Yost751,,,M,white,nonhispanic,M,Boston  Massachusetts  US,204 Gulgowski Dale Unit 93,Pepperell,Massachusetts,Middlesex County,25017,01463,42.6950117904331,-71.57713762605472,137627.91,115178.00,60011
f5cb6b1e-c04b-2a0a-b818-65c86517fc9c,1944-07-28,2020-06-18,999-95-7159,S99965908,X55054325X,Mrs.,Deneen201,Marylee823,Bayer639,,Rodriguez71,M,white,nonhispanic,F,Saugus  Massachusetts  US,732 Kemmer Trafficway,Lawrence,Massachusetts,Essex County,25009,01843,42.729484132458154,-71.11813343649139,266168.83,1346471.42,24546
389e2328-65e7-4511-7c7e-1560ea68af11,2001-03-23,,999-37-2516,S99954089,X35778361X,Ms.,Vernice968,Manda751,Bergnaum523,,,,white,nonhispanic,F,Quincy  Massachusetts  US,805 Jerde Way,Lynn,Massachusetts,Essex County,25009,01902,42.47517780416713,-70.96544094746623,6972.90,102692.82,14056
59f9ac9a-0b70-c580-d1aa-f2eaa865fdce,1931-11-02,2011-03-20,999-41-9803,S99977463,X13537676X,Mr.,Faustino767,Lloyd546,Nolan344,,,M,white,nonhispanic,M,South Amherst  Massachusetts  US,1080 Wuckert Vale Unit 50,Pembroke,Massachusetts,Plymouth County,,00000,42.10584089478092,-70.75666061316063,175153.77,1520207.69,126825
2d631658-e16c-2fe5-ba0f-d85407632b07,1951-06-15,,999-18-3598,S99949557,X84395279X,Ms.,Shawna986,,Adams676,,,S,white,nonhispanic,F,Wilbraham  Massachusetts  US,605 Hintz Park Apt 40,Tewksbury,Massachusetts,Middlesex County,,00000,42.574328060014466,-71.20938775201688,261879.07,694146.52,165916
35c07508-752c-16af-ec76-efa7c71147de,1966-07-20,,999-43-1232,S99946217,X42912941X,Mrs.,Aurore252,Yolonda722,Kohler843,,Robel940,M,black,nonhispanic,F,Everett  Massachusetts  US,298 Bergnaum Key,Adams,Massachusetts,Berkshire County,25003,01220,42.59572500898383,-73.15360683160307,268236.88,798173.02,31061
7732e4b8-391d-f3b9-13ce-0b40644ff724,2011-08-04,,999-28-3869,,,,Darius626,Phil587,Daugherty69,,,,white,nonhispanic,M,Williamstown  Massachusetts  US,470 Willms Junction Apt 35,Marblehead,Massachusetts,Essex County,25009,01945,42.5198566385146,-70.85686347153894,5040.92,347264.65,20468
be276631-caca-b19c-3f77-99e8a0a28165,1959-03-22,,999-11-1512,S99917361,X51226649X,Mr.,Alfredo17,Dario75,Durgan499,,,M,white,nonhispanic,M,Methuen  Massachusetts  US,1082 Tillman Row Unit 19,Lowell,Massachusetts,Middlesex County,25017,01851,42.63143689651572,-71.32084175489211,11876.97,217940.06,22905
7839b02b-7053-63d1-6bbe-7f197570fa54,1962-12-19,,999-59-3832,S99928346,X84608202X,Mr.,Trey250,Keven605,Rau926,,,S,white,nonhispanic,M,Boston  Massachusetts  US,758 Schumm Bypass Apt 15,Fall River,Massachusetts,Bristol County,25005,02790,41.6827162559209,-71.05008827879718,20554.20,453223.95,13489
967751aa-b1ad-1795-9ddb-393d7044985b,1916-11-16,1960-12-26,999-57-3236,S99954217,X82534991X,Mr.,Timmy68,Carson894,Bode78,,,M,white,nonhispanic,M,Pembroke  Massachusetts  US,767 Corwin Rest,Holliston,Massachusetts,Middlesex County,,00000,42.16263599145486,-71.46781108796343,184810.88,312707.30,174654
89814228-6b73-8e12-db79-e1fa513f7615,2020-08-10,,999-46-9009,,,,Booker670,Freeman822,Boyer713,,,,black,nonhispanic,M,Saugus  Massachusetts  US,336 Mitchell Gardens,Boston,Massachusetts,Suffolk County,25025,02114,42.34131887252699,-71.09166514311572,1332.99,17360.96,15127
f46d5b9d-3004-abeb-a394-365906a048a6,1999-04-04,,999-89-2443,S99993678,X32684637X,Mr.,Alphonso102,Aron520,Weimann465,,,,white,nonhispanic,M,Malden  Massachusetts  US,892 Brakus Spur,Arlington,Massachusetts,Middlesex County,25017,02474,42.3856316665255,-71.129532048674,106566.62,3985.36,78944
20c08dfa-7815-0ee6-7841-e0b033a6d311,1998-07-12,2014-05-29,999-57-6284,,,,Lurlene215,,Dickens475,,,,white,nonhispanic,F,Fall River  Massachusetts  US,456 Carter Corner Unit 30,Winchester,Massachusetts,Middlesex County,25017,01890,42.43812448836999,-71.1792384638248,6011.22,528290.86,7740
255b4c16-0968-2d9b-1d1e-6c9a054a1dd5,1981-01-30,,999-51-2230,S99961056,X85438498X,Mrs.,Collette420,Joseph689,Will178,,Koss676,D,white,nonhispanic,F,Maynard  Massachusetts  US,585 Carter Mall,North Westport,Massachusetts,Bristol County,,00000,41.63359258967623,-71.13134484802211,230200.77,229009.42,123966
f2a11fee-7356-1cb0-955e-9be5c986eed8,1977-09-28,,999-25-4061,S99979706,X65920504X,Mrs.,Lynsey2,Kristel938,Tromp100,,Treutel973,M,black,nonhispanic,F,Waltham  Massachusetts  US,798 Cassin Manor,Marlborough,Massachusetts,Middlesex County,25017,01752,42.39895133423541,-71.51929615908692,340581.04,1111774.01,131149
439cedd4-2192-0c97-64e0-0d833b1aa6c8,1927-08-22,2011-10-03,999-45-6499,S99995898,X24179964X,Mr.,Dong972,Wilbert25,Rodriguez71,,,M,white,nonhispanic,M,Nice  Provence-Alpes-Cote d'Azur  FR,933 Littel Row Unit 22,Worcester,Massachusetts,Worcester County,25027,01605,42.206434513204336,-71.77258381742462,223612.30,254389.90,199047
e166b831-19da-694d-1d28-abc1d3844e9e,1998-07-12,,999-14-1859,S99930904,X52741680X,Mrs.,Arline53,Kimberlee228,Kessler503,,Walter473,M,white,nonhispanic,F,Somerville  Massachusetts  US,463 Yundt Ramp Suite 34,Winchester,Massachusetts,Middlesex County,25017,01890,42.42443544109341,-71.16676241723081,12274.68,1088413.97,7740
b864caed-e89d-8a18-4436-e99494536f4f,1993-07-21,,999-57-7585,S99947875,X97581274X,Ms.,Remona896,,Halvorson124,,,S,white,nonhispanic,F,Brookline  Massachusetts  US,938 Berge Skyway Unit 16,Malden,Massachusetts,Middlesex County,25017,02148,42.46168569124268,-71.10317289091638,447467.06,52946.96,46301
875002e4-33fe-1e87-1c28-06f37ddef7f2,1960-01-14,,999-41-3154,S99970338,X30993698X,Mrs.,Kelsie51,,Mills423,,Gorczany269,D,white,nonhispanic,F,Medford  Massachusetts  US,157 Weber Street Apt 85,Granby,Massachusetts,Hampshire County,25015,01033,42.293124350228254,-72.45495136798522,191019.62,771540.00,180088
ecf0e800-b00e-dcff-a7ee-364c593652b6,2012-02-13,,999-38-2792,,,,Débora815,Rocio28,Palomino953,,,,white,hispanic,F,San Juan  Puerto Rico  PR,704 Cormier Plaza,Whitman,Massachusetts,Plymouth County,,00000,42.060553172266445,-70.93928277145974,40389.81,252395.29,81884
a6a69df0-bd81-f2c5-007c-66e40c51774c,1946-08-15,,999-18-7978,S99949604,X03329812X,Mrs.,Clarisa227,Elaina826,Zemlak964,,Wisoky380,W,white,nonhispanic,F,Franklin  Massachusetts  US,145 Wolff Path,Belmont,Massachusetts,Middlesex County,25017,02478,42.39304764134475,-71.1234454498886,23675.18,1252438.83,17345
6b52dc00-3a5c-7027-eb67-e3013258d9fb,1957-02-02,2026-04-11,999-50-9970,S99996035,X35514173X,Mrs.,Donette997,Cecille691,Anderson154,,Gislason620,M,black,nonhispanic,F,Salem  Massachusetts  US,424 Purdy Esplanade Unit 31,Springfield,Massachusetts,Hampden County,25013,01105,42.143319513366784,-72.49881663987072,129733.41,1863674.56,22794
1c69d1d5-ad80-6b9e-10be-296e955e0a27,1973-07-17,,999-85-9585,S99972949,X53834389X,Mrs.,Bernarda685,Shaunna800,Blanda868,,Dickinson688,M,white,nonhispanic,F,North Westport  Massachusetts  US,123 Lueilwitz Lock Unit 38,Boston,Massachusetts,Suffolk County,25025,02132,42.31746914014057,-71.01963810587108,220811.38,69649.88,54630
e756f120-240e-1f05-afe9-89f4848248b9,1916-11-16,1961-12-30,999-93-9894,S99988658,X84963306X,Mr.,Bryant814,Blaine377,Hayes766,,,M,white,nonhispanic,M,Framingham  Massachusetts  US,458 Wiza Avenue,Holliston,Massachusetts,Middlesex County,,00000,42.24537638988197,-71.46069560658486,65824.52,46843.45,174654
adfc3204-02a8-6635-3058-5a33e2d1ae86,1962-09-17,1967-02-16,999-92-4005,,,,Noelle559,Raina861,Schulist381,,,,white,hispanic,F,Westfield  Massachusetts  US,1053 Collins Lane Apt 60,Boston,Massachusetts,Suffolk County,25025,02113,42.412744975730476,-71.04947072321184,42398.21,336504.25,29006
c16f73ef-dd32-fc3a-75ae-1598221b87d4,1962-12-04,,999-33-3303,S99915199,X94687718X,Mrs.,Twyla619,,Reilly981,,Keebler762,M,asian,nonhispanic,F,Seekonk  Massachusetts  US,236 Monahan Hollow,Pembroke,Massachusetts,Plymouth County,,00000,42.082566689252396,-70.8405106580599,56008.15,1991875.75,169082
1a6afee9-f255-259a-4e70-d6b9795feeb2,1960-04-21,2002-11-28,999-67-4122,S99999968,X52387671X,Mrs.,Rickie717,Lavinia262,Hickle134,,Rolfson709,M,black,nonhispanic,F,Tyngsborough  Massachusetts  US,866 Rau Overpass Unit 36,Worcester,Massachusetts,Worcester County,25027,01604,42.29976289050117,-71.76252404224155,438321.08,30341.54,117796
50c93b00-fba6-62fc-37e8-b86fb5c0f093,1922-05-20,2020-12-03,999-76-3646,S99952045,X24857789X,Mr.,Waldo53,Shane235,Ratke343,,,S,asian,nonhispanic,M,Daegu  Daegu  KR,505 Fadel Gateway,Canton,Massachusetts,Norfolk County,,00000,42.143475254612994,-71.10368844822534,317128.42,969715.04,91480
aa330443-3d77-2442-76f5-9aa207806ac1,2006-12-29,,999-31-5539,S99963545,,Mr.,Jess275,,Toy286,,,,white,nonhispanic,M,Southampton  Massachusetts  US,455 Sauer Mews,Oxford,Massachusetts,Worcester County,25027,01540,42.14865846208728,-71.86531317030067,55200.18,15895.53,159501
1d45e6ad-bda2-30e3-2cf5-e0216070995d,1927-08-22,,999-51-4962,S99976538,X94060802X,Mr.,Jordon466,,Aufderhar910,,,S,white,nonhispanic,M,Toulouse  Occitanie  FR,440 Schroeder Tunnel Apt 71,Worcester,Massachusetts,Worcester County,25027,01583,42.294959110490176,-71.8321733556793,171957.78,297209.94,199047
2aa37ce8-3fbc-7ced-564a-483396d6f3d8,1976-08-09,,999-94-4109,S99927139,X02822612X,Mr.,Octavio643,,Granado100,,,S,white,hispanic,M,San Salvador  El Salvador  SV,1053 Mills Bypass,Amherst,Massachusetts,Hampshire County,,00000,42.409989449444716,-72.47542333592375,26660.28,167525.62,163933
98341386-2d52-f4a6-16ad-347ef38024f1,1931-11-02,2023-03-06,999-30-4351,S99984093,X57791801X,Mr.,Elijah719,,Wuckert783,,,S,white,nonhispanic,M,Weymouth  Massachusetts  US,986 Pouros Flat Apt 26,Pembroke,Massachusetts,Plymouth County,,00000,42.11136961487882,-70.80043999897173,135963.06,439589.45,126825
23deda34-3a7b-54da-07bf-641218e2ac28,1944-03-14,,999-45-4297,S99961051,X50403644X,Mrs.,Rosalia943,Reina25,Maldonado119,,Ojeda263,M,white,hispanic,F,Santiago  Santiago Province  CL,432 Crona Corner,Andover,Massachusetts,Essex County,25009,01810,42.633572421692406,-71.21008036225307,369427.98,1636530.82,131295
83ac1208-36df-96f5-4319-8c5c16a4a876,1944-07-28,,999-60-1539,S99924646,X25821680X,Mrs.,Delaine470,Deeanna316,Funk324,,Bartoletti50,W,white,nonhispanic,F,Brookline  Massachusetts  US,449 Stehr Heights Unit 63,Lawrence,Massachusetts,Essex County,25009,01840,42.67573912790957,-71.1682348097808,229974.16,1194532.22,24546
5259ed4e-cd72-b60b-2809-5e01207ed2d3,1943-08-06,,999-95-6631,S99947405,X94819618X,Mrs.,Ailene520,Melanie283,Lueilwitz711,,Gutkowski940,M,white,nonhispanic,F,Agawam  Massachusetts  US,633 Balistreri Neck,West Springfield,Massachusetts,Hampden County,25013,01089,42.15999816008138,-72.60331129635514,247269.68,986987.05,33202
4ffa7404-2afe-eefe-eac4-603789e3f075,1960-04-21,2020-03-15,999-96-1380,S99984891,X35529746X,Mrs.,Malorie969,Shanita956,Tromp100,,Keebler762,M,black,nonhispanic,F,Barnstable  Massachusetts  US,1086 Cummerata Ville Unit 3,Worcester,Massachusetts,Worcester County,25027,01610,42.197987520111866,-71.76124685967768,403982.46,333543.80,117796
18b48363-c556-ec7d-3696-59006687b42b,1950-12-06,,999-79-1043,S99987457,X86277850X,Mr.,Jarvis643,Basil991,Hagenes547,,,M,white,nonhispanic,M,Arlington  Massachusetts  US,185 Hintz Dale,Lynn,Massachusetts,Essex County,25009,01905,42.488588336318124,-70.93976104358474,187024.94,186097.28,124978
3c2a8927-a03c-3b05-6083-36499cf2b281,1978-03-14,,999-47-4551,S99962279,X31825877X,Mrs.,Lula998,Annetta101,Beier427,,Ebert178,D,white,nonhispanic,F,Wareham  Massachusetts  US,278 Thiel Viaduct,Somerville,Massachusetts,Middlesex County,25017,02138,42.44022180379577,-71.1441751183511,193811.32,191471.24,98453
ceb610cb-28ef-3e88-b556-c59265254af1,1959-05-30,,999-40-9478,S99992662,X70915312X,Mrs.,Mariette443,Desiree125,Pfeffer420,,Mann644,M,white,hispanic,F,Brookline  Massachusetts  US,497 Haley Trail Suite 23,Dracut,Massachusetts,Middlesex County,,00000,42.72409450368507,-71.3028871583266,23904.75,1425496.79,16427
e98aa12b-aab0-bcb2-af42-2f2c3c37822d,1962-09-17,,999-73-3185,S99952135,X56821268X,Mrs.,Elke785,Buena501,Stamm704,,Schuppe920,D,white,hispanic,F,Chatham  Massachusetts  US,509 Konopelski Trafficway Suite 54,Boston,Massachusetts,Suffolk County,25025,02118,42.357697605401455,-71.02358613816021,293522.48,901622.41,29006
44a122fa-0a67-c740-fc02-3624ee955d50,1916-11-16,,999-87-3203,S99982039,X44165147X,Mr.,Jere230,Joshua658,Gibson10,,,M,white,nonhispanic,M,Agawam  Massachusetts  US,618 Harvey Manor,Holliston,Massachusetts,Middlesex County,,00000,42.22368505105277,-71.41374114062857,169674.28,250281.69,174654
30b4624a-f7f4-c8bb-3c8f-b202af4b1c61,1958-02-09,1999-06-07,999-39-8992,S99960319,X13997935X,Mrs.,Deja232,Kaley842,Collier206,,Schowalter414,M,white,nonhispanic,F,Grafton  Massachusetts  US,828 Langosh Harbor Unit 82,Fall River,Massachusetts,Bristol County,25005,02720,41.6110963630126,-71.06177595341586,13462.21,689020.45,14587
bf56fa18-ab49-a993-e2ff-3144167a6f15,1922-05-20,,999-92-5181,S99997859,X15043875X,Mr.,Ron353,Dominic463,Streich926,,,M,asian,nonhispanic,M,Seoul  Seoul  KR,446 Brown Dam Suite 75,Canton,Massachusetts,Norfolk County,,00000,42.184313684366124,-71.14862724292483,237568.14,200260.96,91480
ed97f859-57d1-46aa-1c13-f0ca76f294d8,1997-01-30,,999-52-2342,S99997201,X88204180X,Mr.,Albert312,,Langosh790,,,S,white,nonhispanic,M,Hamburg  Hamburg  DE,393 Langosh Bay,Boston,Massachusetts,Suffolk County,25025,02215,42.315198668758235,-71.06617535755676,45169.37,50437.05,179460
12fc0b86-ab05-ec52-b68c-2f8703627998,1931-11-02,1987-10-29,999-17-8271,S99938842,X92157479X,Mr.,Cesar434,,Ward668,,,M,white,nonhispanic,M,East Bridgewater  Massachusetts  US,764 Powlowski Mall Suite 5,Pembroke,Massachusetts,Plymouth County,,00000,42.04252240708552,-70.79911727266656,181132.97,428109.38,126825
2714f945-da50-ad07-90d7-a3fb16311e63,1978-10-02,,999-47-5540,S99962776,X37010498X,Mrs.,Bridget51,Phillis443,Mraz590,,Swaniawski813,D,white,nonhispanic,F,Pepperell  Massachusetts  US,107 Terry Mill,Newton,Massachusetts,Middlesex County,25017,02464,42.30079190747472,-71.23314180724002,219688.24,374093.84,862771
38f1d01c-a5ef-4063-3b0a-3ba6a14a6f90,2006-01-23,,999-57-9860,S99940265,X25024157X,Ms.,Leila837,Elida479,Stoltenberg489,,,,white,nonhispanic,F,Norfolk  Massachusetts  US,355 Conroy Parade Suite 57,Bourne,Massachusetts,Barnstable County,25001,02532,41.745004180853115,-70.5671227243247,101113.45,0.00,101891
00baac29-b77e-9f73-78b1-0bd0bde7cfe4,2023-11-25,,999-37-4086,,,,Yuri475,,Price929,,,,black,nonhispanic,F,Framingham  Massachusetts  US,697 Treutel Club Suite 92,Boston,Massachusetts,Suffolk County,25025,02203,42.355485992659865,-71.10971617164361,600.00,10213.92,3181
2f1283d3-0356-a25e-4166-4e326ed5651b,1958-05-31,2021-01-12,999-24-6022,S99920441,X82690353X,Mr.,Jude172,Michal596,Greenfelder433,,,S,white,nonhispanic,M,Hopedale  Massachusetts  US,828 Prosacco Street Unit 67,Norwood,Massachusetts,Norfolk County,25021,02062,42.214560270770676,-71.24818553205266,160121.05,330986.80,69006
666692e9-137b-894d-90f2-b72c4c1d3d29,1960-04-21,,999-86-1570,S99976255,X85771659X,Mrs.,Deidra675,,Johnson679,,Gleason633,M,black,nonhispanic,F,Marshfield Hills  Massachusetts  US,1088 Bartell Neck,Worcester,Massachusetts,Worcester County,25027,01603,42.24559271228763,-71.69652650021325,806480.41,205600.02,117796
feea6cc6-8977-c803-2f86-527082839c60,2005-08-23,,999-81-8101,S99952769,X29963020X,Mr.,Carmen818,,Crist667,,,,white,hispanic,M,Danvers  Massachusetts  US,363 Kassulke Ville Unit 79,Lenox,Massachusetts,Berkshire County,25003,01240,42.38290958699267,-73.23126187910368,69868.06,612702.49,742878
1a701d45-b0e0-5d32-c431-5d5f1838b757,1978-07-22,,999-93-1232,S99948767,X09834754X,Mrs.,Lucy743,Angeles319,Kris249,,Koss676,D,white,hispanic,F,Bourne  Massachusetts  US,158 Schaden Lodge,Dartmouth,Massachusetts,Bristol County,,00000,41.577892596664405,-70.9364858136157,42460.36,1451879.27,20445
164f92e9-68fc-0802-52f0-a9c2f28c9522,1951-12-15,2020-04-13,999-84-1093,S99916265,X24036700X,Mr.,Dewey930,Gustavo235,Daniel959,,,S,white,nonhispanic,M,Andover  Massachusetts  US,894 Jerde Way Unit 31,Saugus,Massachusetts,Essex County,25009,01906,42.42951976324733,-70.96663231597094,799974.63,472455.32,79312
12d7c9d2-a93d-1e52-3818-09f21a08288e,2011-06-10,,999-47-4849,,,,Christoper325,Milo271,Miller503,,,,asian,nonhispanic,M,Tokyo  Tokyo  JP,510 Huels Extension Suite 93,Boston,Massachusetts,Suffolk County,25025,02131,42.34337425996349,-71.1411660383879,36597.51,33710.16,52149
b43d8e3a-2de2-30f8-e7a1-70edbe84a6aa,1957-02-02,2021-02-26,999-54-8634,S99977482,X79284029X,Mrs.,Shavon903,,Dietrich576,,Lang846,M,black,nonhispanic,F,Springfield  Massachusetts  US,426 Kilback Trafficway,Springfield,Massachusetts,Hampden County,25013,01105,42.18337153376542,-72.55326914664596,29264.17,1860307.32,22794
ed50b904-11b3-f3ee-2da3-a54ec6fad938,1970-03-29,,999-89-3809,S99981645,X08825449X,Mrs.,Cassidy160,Terrie907,Reilly981,,Rath779,M,white,nonhispanic,F,Marlborough  Massachusetts  US,626 Conn Harbor,Norwood,Massachusetts,Norfolk County,25021,02062,42.217094920138955,-71.25040741252522,879280.25,530696.45,67715
a53bb780-3917-2f48-6239-4eb5c48d9c9a,1962-12-10,,999-80-1087,S99918077,X65598226X,Ms.,Trang668,Virgil85,Medhurst46,,,S,white,nonhispanic,F,Acton  Massachusetts  US,303 Cole Overpass Apt 85,Salem,Massachusetts,Essex County,25009,01907,42.47525535500775,-70.85408826020085,908057.10,378528.30,40121
7fcb68fd-6098-e9b0-649e-679853b21b55,2018-06-11,,999-28-7626,,,,Nikki942,,Upton904,,,,white,nonhispanic,F,Wellesley  Massachusetts  US,468 Sawayn Terrace,Waltham,Massachusetts,Middlesex County,25017,02472,42.39336529922189,-71.24874626448316,17410.74,2994.79,523436
2137facc-be29-19e6-3461-f33d3ae63dd1,1992-12-19,,999-76-5781,S99979068,X68056895X,Mrs.,Trang668,Anastacia583,Bogisich202,,Cronin387,M,white,nonhispanic,F,Boston  Massachusetts  US,613 Champlin Frontage road,Everett,Massachusetts,Middlesex County,25017,02148,42.36746470298536,-71.05089210591167,131573.97,138441.90,117592
9fc4bf8e-87f8-a18e-5301-586e9c5972d5,2024-10-21,,999-19-6453,,,,Amina496,Joie561,Lockman863,,,,white,nonhispanic,F,Shirley  Massachusetts  US,746 Moore Mission,Springfield,Massachusetts,Hampden County,25013,01129,42.124120964108506,-72.6217872245677,418.48,6669.10,11334
bf2e0e1c-517d-acd6-7c69-1364496f5252,1981-07-20,,999-92-2051,S99917558,X62295141X,Mrs.,Guillermina633,Sabrina514,Ratke343,,Daniel959,M,white,nonhispanic,F,Brookline  Massachusetts  US,465 Lehner Haven,Lynn,Massachusetts,Essex County,25009,01907,42.44297559518421,-70.95279417561221,425316.04,658707.72,118605
c16e3d72-d0ff-5b60-b36f-221032a1781c,1958-02-09,,999-12-6930,S99963716,X90116809X,Mrs.,Rosemarie149,Marsha122,Lakin515,,Watsica258,M,white,nonhispanic,F,Paxton  Massachusetts  US,894 Wyman Loaf Suite 36,Fall River,Massachusetts,Bristol County,25005,02747,41.74179076451669,-71.10228410248423,24905.74,1227362.62,14587
153ebf70-27a8-bafe-8a47-66e594b43357,2012-06-30,,999-99-6818,,,,James276,Minh326,Wuckert783,,,,white,nonhispanic,M,Holden  Massachusetts  US,249 Kiehn Run,Milton,Massachusetts,Norfolk County,25021,02186,42.2569431002725,-71.11514047578268,46364.67,29680.34,61659
34d66c85-1054-c8c9-1540-2e0c33dad4e8,2001-02-21,,999-76-2843,S99959443,X54718386X,Mr.,Chance908,Bennett146,Rice937,,,,black,nonhispanic,M,Sturbridge  Massachusetts  US,190 Hoeger Path,Sutton,Massachusetts,Worcester County,,00000,42.1133714635478,-71.72082056442912,100319.37,155871.06,49020
62379a88-8bc2-f015-1406-f0e05f317436,2019-03-26,,999-97-7895,,,,Jerome176,Lowell343,Mosciski958,,,,white,nonhispanic,M,Concord  Massachusetts  US,167 Welch Mews,Waltham,Massachusetts,Middlesex County,25017,02451,42.338598246620094,-71.20735151249363,18311.01,0.00,96637
41560957-462f-a7b9-46b2-ef10ac0a331e,1995-11-04,,999-45-6388,S99953565,X56359503X,Mrs.,Bambi5,Tameka381,Batz141,,Ullrich385,M,white,nonhispanic,F,North Attleborough  Massachusetts  US,540 Runte Ranch,Everett,Massachusetts,Middlesex County,25017,02149,42.390640806816485,-71.04572156199862,170011.00,277674.07,56535
4eb63420-13d8-3754-1092-614507d4f775,1987-08-10,1995-08-15,999-86-6797,,,,Shemeka786,Pandora807,Nitzsche158,,,,white,nonhispanic,F,Springfield  Massachusetts  US,1084 Block Rest Apt 72,North Reading,Massachusetts,Middlesex County,,00000,42.54365862045259,-71.12586503794279,14090.18,60128.36,837491
40262766-7647-c95f-f595-0639542b2bef,1960-10-21,,999-60-6254,S99937431,X60780709X,Mr.,Preston275,Stefan297,Cremin516,,,S,white,nonhispanic,M,Lawrence  Massachusetts  US,1095 Brakus Green Apt 82,Pepperell,Massachusetts,Middlesex County,25017,01463,42.685875432189114,-71.56968280045034,21369.66,582184.22,14614
8e04e9ae-a3fa-4bd0-b140-12b18b6841bb,1988-05-03,,999-13-4869,S99987762,X05787355X,Mr.,Salvador46,Alva958,Rowe323,,,M,black,nonhispanic,M,Worcester  Massachusetts  US,558 Schmidt Divide Apt 73,Boston,Massachusetts,Suffolk County,25025,02116,42.28227133516009,-71.07203951901009,8541.66,104574.32,14342
7d1372ac-d86e-5989-896a-86a655f7deb2,1958-05-31,,999-90-3502,S99973157,X04404294X,Mr.,Jeremiah751,Jamey282,Pollich983,,,S,white,nonhispanic,M,Quincy  Massachusetts  US,978 Morar Trafficway,Norwood,Massachusetts,Norfolk County,25021,02090,42.232255490949555,-71.23520722489944,532467.52,415854.64,69006
0822ef95-60ec-cb47-3b6e-2a1e83671dcd,1965-12-04,,999-64-1559,S99953767,X13903440X,Mr.,Haywood675,Tyrone215,Buckridge80,,,M,white,hispanic,M,Boston  Massachusetts  US,415 Konopelski Rest Suite 1,Easthampton,Massachusetts,Hampshire County,25015,01027,42.30595448693514,-72.67118316137737,194880.53,66904.34,99985
c8f06524-65a0-f412-ec63-7fc9e1860641,1971-04-13,,999-39-2632,S99978118,X86356355X,Mr.,Blair400,Albert312,Bernhard322,,,M,other,nonhispanic,M,Salisbury  Massachusetts  US,905 Goyette Club,Westford,Massachusetts,Middlesex County,,00000,42.597203355253185,-71.4436970286297,173144.55,0.00,114243
d42d58cf-ccbe-02a5-d3da-af2a186e3163,1951-12-15,2016-02-10,999-21-7429,S99977852,X04598982X,Mr.,Garfield38,,Kohler843,,,M,white,nonhispanic,M,Granville  Massachusetts  US,779 Schmitt Heights,Saugus,Massachusetts,Essex County,25009,01906,42.42720092569092,-71.03601383902593,114466.25,75877.58,79312
96cb4b20-e2fa-3d6e-9ac9-55155d7f2cdd,1957-02-02,,999-88-6964,S99942070,X65560969X,Ms.,Jenice416,,Morar593,,,S,black,nonhispanic,F,Everett  Massachusetts  US,963 Abernathy Heights Suite 86,Springfield,Massachusetts,Hampden County,25013,01119,42.127409208742755,-72.56266941382165,27095.43,1392667.43,22794
dd33b03a-2d6e-24a8-22ac-529953291742,1931-11-02,1998-08-13,999-92-4235,S99961000,X17543910X,Mr.,Sammie902,Jordan900,Weimann465,,,M,white,nonhispanic,M,Lynn  Massachusetts  US,361 Cartwright Neck Suite 97,Pembroke,Massachusetts,Plymouth County,,00000,42.04797586555689,-70.83184925636776,225283.72,326290.03,126825
7a72338b-e86b-59f1-521e-2a56de024fad,2025-12-29,,999-13-2942,,,,Elsa29,,Velásquez56,,,,white,hispanic,F,Lima  Lima Province  PE,834 Lebsack Gateway Unit 53,Gloucester,Massachusetts,Essex County,25009,01930,42.6184912544625,-70.69591977111531,1748.16,1160.64,197195
a53445a0-8639-f968-cd24-b84af31694f9,1984-09-25,,999-97-1039,S99951059,X11719975X,Ms.,Susannah249,Kisha966,Beahan375,,,S,white,nonhispanic,F,Ludlow  Massachusetts  US,311 Cruickshank Street Apt 81,Braintree,Massachusetts,Norfolk County,25021,02184,42.17896141210096,-71.04204457537469,62171.48,358627.86,25727
742da1e5-1124-7e5e-8403-21eb88eabe19,1996-06-23,,999-16-8629,S99991747,X93082888X,Mrs.,Francisca486,Cecilia788,Sotelo656,,Sandoval902,M,white,hispanic,F,Bayamon  Puerto Rico  PR,485 Bernhard Key,Belmont,Massachusetts,Middlesex County,25017,02478,42.40360208825726,-71.15182038907673,125545.43,359468.34,109956
eccab8f0-fd0a-51db-281c-37747476de1f,1987-08-10,,999-77-1845,S99936896,X46822634X,Mrs.,Sheila338,,Upton904,,McClure239,M,white,nonhispanic,F,Dracut  Massachusetts  US,623 Kub Avenue Unit 75,North Reading,Massachusetts,Middlesex County,,00000,42.58508458281314,-71.07964165365165,223901.82,324369.02,837491
7d40aa49-f299-de6a-d551-973a82ad1360,2007-03-21,,999-94-3388,S99941621,,Ms.,Amparo58,Tijuana228,Wisoky380,,,,white,nonhispanic,F,Newton  Massachusetts  US,774 Johnston Mall Apt 39,Plymouth,Massachusetts,Plymouth County,25023,02360,41.854816457299215,-70.60165930584877,5539.48,764832.65,16898
996180bd-13e7-e7be-f626-e1aa992a48a1,1942-04-06,2011-12-02,999-64-3951,S99950741,X39403137X,Mrs.,Tillie335,William805,Herzog843,,Hettinger594,M,white,nonhispanic,F,Sagamore  Massachusetts  US,549 Mertz Byway,Norwood,Massachusetts,Norfolk County,25021,02090,42.22205394833698,-71.19097449880708,455443.80,347732.01,39872
86a51d7a-0d11-d078-4550-a1f11b8945e3,2005-09-15,,999-28-4587,S99911072,X33839715X,Ms.,Armanda758,Stephanie963,O'Hara248,,,,white,nonhispanic,F,Nahant  Massachusetts  US,735 Buckridge Trace Suite 52,Falmouth,Massachusetts,Barnstable County,25001,02540,41.59683312719354,-70.60650669586143,77229.16,0.00,80489
d8917ca1-4197-d7ac-d8e0-bb0d7257431c,2015-12-24,,999-45-5973,,,,Millie392,Evangeline16,Marquardt819,,,,white,nonhispanic,F,Oxford  Massachusetts  US,150 Littel Forge,New Bedford,Massachusetts,Bristol County,25005,02745,41.678162765173475,-70.92639948482312,19303.98,2440.45,125891
9dc0c2af-b204-425c-58dd-e7661d960a8a,1952-03-23,2021-02-08,999-14-1804,S99943357,X13059363X,Mrs.,Dung738,Neely59,Carter549,,Hackett68,W,white,nonhispanic,F,Dalton  Massachusetts  US,959 Howell Ramp Apt 48,Wilmington,Massachusetts,Middlesex County,25017,01887,42.56170841447784,-71.14212765027867,1023986.58,534343.40,112885
3068cd5b-1a29-0e1b-b403-8b42a7e0aa74,1989-08-10,,999-13-3793,S99971517,X50428754X,Mrs.,Kasey569,,Kessler503,,Sanford861,D,white,nonhispanic,F,Plainville  Massachusetts  US,192 Steuber Way Suite 47,Lunenburg,Massachusetts,Worcester County,25027,01462,42.61300372204917,-71.75100664638438,230255.29,814576.51,199621
414ab9e8-3071-3c55-58bd-4662e99e73a7,2012-10-09,,999-66-5165,,,,Hung902,,Kemmer137,,,,white,nonhispanic,M,Worcester  Massachusetts  US,494 Barton Wall,Warren,Massachusetts,Worcester County,25027,01585,42.197571548633185,-72.21720137030164,34713.51,5412.75,611542
e0a6fa23-b08c-12f6-b90e-e4bb7c04db17,1962-01-06,,999-95-2219,S99920712,X55154301X,Mrs.,Remona896,Joellen497,Tillman293,,White193,W,white,hispanic,F,Worcester  Massachusetts  US,334 Cruickshank Terrace Suite 14,Chicopee,Massachusetts,Hampden County,25013,01013,42.16473660737936,-72.49807033146853,16146.99,1004084.44,13375
da447bb8-dabc-9265-0330-db271f59dd4f,1967-10-25,,999-89-3639,S99956357,X76071363X,Mr.,Man114,Jerry654,Champlin946,,,S,white,nonhispanic,M,Dennis  Massachusetts  US,418 Beahan Bridge,Shrewsbury,Massachusetts,Worcester County,,00000,42.25460309089781,-71.73723292986723,110037.44,54695.78,125390
7fe7b1be-11a3-dbf9-3799-82421b307275,2025-10-28,,999-35-8425,,,,Brande998,Merilyn246,Homenick806,,,,white,nonhispanic,F,Whately  Massachusetts  US,615 White Estate,Norwood,Massachusetts,Norfolk County,25021,02062,42.193550650774526,-71.23062453038408,4147.13,0.00,70800
6023502d-da1b-da40-3dde-4eebec2c5ff1,1978-09-04,,999-64-1828,S99963916,X01689443X,Mr.,Gilberto712,,Tamayo777,,,M,white,hispanic,M,La Paz  Baja California  MX,395 Cruickshank Pathway,Easthampton,Massachusetts,Hampshire County,25015,01027,42.28837991440332,-72.64033458806627,238441.46,41093.06,47991
49fa1432-6fdc-5cfd-0a59-21eb1ea85b4b,1969-11-06,,999-36-7435,S99973444,X16892872X,Mr.,Tony646,Earl438,Hermann103,,,S,black,nonhispanic,M,Boston  Massachusetts  US,126 Prosacco Mission,Worcester,Massachusetts,Worcester County,25027,01604,42.30078235001036,-71.81839227186815,10876.27,265960.47,11125
44a2ada1-84e7-8bb0-5e8d-b38e54a26fae,1984-02-12,,999-70-5610,S99925501,X26761999X,Mrs.,Mardell937,Graciela518,Thompson596,,Marvin195,M,white,nonhispanic,F,Yekaterinburg  Sverdlovsk Oblast  RU,847 Moen Stravenue Apt 68,Taunton,Massachusetts,Bristol County,25005,02767,41.91111280159708,-71.12237613983086,739798.27,137161.97,53657
5350a9a1-56b9-19e6-233f-760cea7dd061,1951-12-15,,999-98-1020,S99931855,X39392853X,Mr.,Jerald662,Horacio317,Krajcik437,,,S,white,nonhispanic,M,Blackstone  Massachusetts  US,365 Nader Grove Suite 64,Saugus,Massachusetts,Essex County,25009,01906,42.481241374368025,-70.98113957483241,499824.83,398546.69,79312
8151b3de-911f-1350-0cc8-1f76b3ef0c2e,1971-06-09,,999-75-6174,S99936463,X66960007X,Mr.,Doug189,,Hoppe518,,,D,white,nonhispanic,M,Faro  Algarve  PT,881 Weber Rapid,Medford,Massachusetts,Middlesex County,25017,02155,42.39112186593524,-71.07522369665078,93413.46,812431.61,181428
b5e1733b-b89a-636d-05db-dd29fa068aa2,2001-09-17,,999-48-4847,S99926672,X37080756X,Ms.,Toni630,,Connelly992,,,,black,nonhispanic,F,Waltham  Massachusetts  US,950 Doyle Lane Suite 79,Boston,Massachusetts,Suffolk County,25025,02125,42.29180285976735,-71.20704106953951,44492.58,54513.60,191644
4c32e81d-a99d-b2be-0926-41d6597731a7,1942-04-06,2020-04-16,999-67-1136,S99929029,X38612331X,Ms.,Ana972,,Abbott774,,,S,white,nonhispanic,F,Reading  Massachusetts  US,808 Howe Key,Norwood,Massachusetts,Norfolk County,25021,02090,42.23592432708923,-71.18112517280548,413881.94,346763.33,39872
c8822aab-33a5-9cd2-9f23-c58e8f674a76,1967-03-05,,999-97-3488,S99962044,X26461520X,Mrs.,Jesus702,Hiedi833,Kassulke119,,Rau926,M,white,nonhispanic,F,Revere  Massachusetts  US,274 Mohr Rest,Oxford,Massachusetts,Worcester County,25027,01540,42.11694863901401,-71.85235872606282,785068.02,463447.37,60108
f513af3d-db2f-2f30-9478-9289c3c41c4f,1983-12-13,,999-28-5952,S99966344,X88249598X,Mr.,Ramon749,Lacy523,Bradtke547,,,M,white,nonhispanic,M,Cambridge  Massachusetts  US,887 Grimes Run Suite 73,Boston,Massachusetts,Suffolk County,25025,02118,42.35117608581097,-71.01241563565767,164865.29,7436.33,45242
c7b11132-1631-55ec-2aa1-2b1bdf109a62,1985-04-27,,999-27-4796,S99931285,X79201130X,Mr.,Trent525,Stephen891,Larkin917,PhD,,M,white,nonhispanic,M,Dartmouth  Massachusetts  US,251 Hessel Course Apt 87,Marshfield,Massachusetts,Plymouth County,25023,02050,42.160134921426646,-70.67480503729273,8127.99,113643.41,14391
d7b3d030-cc32-a733-01ab-8cdb907f9819,1944-11-29,2002-07-29,999-82-1030,S99981578,X45652038X,Mrs.,Kellye282,Fermina506,Hessel84,,Schamberger479,D,white,nonhispanic,F,Templeton  Massachusetts  US,661 Jaskolski Brook,Somerville,Massachusetts,Middlesex County,25017,02155,42.36409864301777,-71.146721156224,940143.46,144421.07,55758
82038511-e804-1590-ee44-a5d815cc0a0f,1991-05-25,,999-38-3856,S99939012,X42733987X,Mr.,Ali918,,Schultz619,,,D,white,nonhispanic,M,Framingham  Massachusetts  US,284 Orn Avenue,Seekonk,Massachusetts,Bristol County,,00000,41.81940234972083,-71.33161627873774,96502.86,0.00,47336
138cf287-ba0f-afb2-c2ce-30d3c6827631,1995-12-14,,999-17-9113,S99966241,X74266057X,Mr.,Dean966,Ernesto186,Lemke654,,,M,white,nonhispanic,M,New Bedford  Massachusetts  US,935 Auer Road,Boston,Massachusetts,Suffolk County,25025,02113,42.36212946972833,-71.09881876503839,73005.05,5204.72,128765
8162e22e-5a84-79fd-6d7b-1697a0434b0e,1952-03-23,2020-09-04,999-86-9739,S99997208,X51630782X,Mrs.,Dorris197,Kirstie385,Pacocha935,,Casper496,M,white,nonhispanic,F,Boston  Massachusetts  US,171 Cremin Gardens Apt 52,Wilmington,Massachusetts,Middlesex County,25017,01887,42.54292377750427,-71.12212445340745,748294.79,349990.38,112885
c12be877-4e8d-3abd-b2bd-9bb944827d87,2005-09-01,,999-79-2508,S99987212,X40769147X,Mr.,Tyson541,,Nienow652,,,,white,nonhispanic,M,Agawam  Massachusetts  US,576 Sawayn Landing,Medway,Massachusetts,Norfolk County,,00000,42.18308221779785,-71.4757560622463,28986.64,20407.30,190481
9a0ddb7c-0d04-bf35-7149-45720b4cad33,1984-08-10,,999-32-6892,S99925115,X18371659X,Mrs.,Joshua658,,Sanford861,,McCullough561,M,white,nonhispanic,F,Lynn  Massachusetts  US,1015 Hegmann Throughway Unit 91,Watertown,Massachusetts,Middlesex County,25017,02472,42.335447017309136,-71.14358671623094,21232.46,1000399.06,5831
2090b8b1-fd37-af49-ea49-253372547229,1931-11-02,2020-01-22,999-62-3118,S99942650,X46307225X,Mr.,Trent525,Bobbie849,Boyer713,,,W,white,nonhispanic,M,South Lancaster  Massachusetts  US,285 Kiehn Flat,Pembroke,Massachusetts,Plymouth County,,00000,42.04621933224614,-70.83405678630788,29862.53,414102.52,126825
009b5c74-2460-ca6c-4982-b73c84183ab0,1973-05-24,,999-87-6800,S99913367,X67314610X,Mr.,Rudolf736,,Emmerich580,,,M,black,nonhispanic,M,Grafton  Massachusetts  US,518 O'Reilly Arcade Apt 5,Leicester,Massachusetts,Worcester County,,00000,42.234322457681884,-71.90050330544108,175373.92,690946.73,152724
99b661d5-54cf-4ee9-0467-41fe9710b081,2005-03-29,,999-49-7725,S99987687,X25210062X,Ms.,Jasmin506,Dione665,Marquardt819,,,,asian,nonhispanic,F,Hong Kong  Hong Kong Special Administrative Region  CN,996 Sauer Fork Apt 81,Leominster,Massachusetts,Worcester County,25027,01420,42.57519450359862,-71.83845356760663,36235.86,33842.24,86601
aa46e226-2bd6-5eb0-c99d-b6440de5f8ab,1929-10-20,2019-12-31,999-49-8454,S99953931,X54222694X,Mr.,Doug189,Antwan357,Schmeler639,,,W,white,nonhispanic,M,Quincy  Massachusetts  US,439 Bahringer Dam,Clinton,Massachusetts,Worcester County,25027,01510,42.36687245285971,-71.71799656712395,236328.13,257914.15,77322
b8baf5cc-10ab-ea0a-cd23-e129200efe17,2004-12-06,2016-11-07,999-90-3708,,,,Marco Antonio298,,Domínguez946,,,,white,hispanic,M,Bogota  Bogota  CO,278 Nader Orchard,Boston,Massachusetts,Suffolk County,25017,02467,42.3051847776594,-71.1093037399311,3103.07,51209.95,8434
938036d7-e109-c353-31c1-bd650105a891,1964-04-15,,999-27-3796,S99981550,X46285940X,Mr.,Doug189,Pat3,Nikolaus26,,,D,black,nonhispanic,M,Boston  Massachusetts  US,112 O'Conner Neck Apt 63,Salem,Massachusetts,Essex County,25009,01970,42.53274302731261,-70.87871738544825,73020.58,140897.43,24694
9fae705c-5566-9940-0bb3-0ba2cddd7091,1942-04-06,1997-05-21,999-10-5977,S99911349,X21133634X,Mrs.,Willena258,,Schinner682,,Reinger292,D,white,nonhispanic,F,Danvers  Massachusetts  US,253 King Row Suite 18,Norwood,Massachusetts,Norfolk County,25021,02090,42.25359405569995,-71.21369490462048,2438065.27,2295407.44,39872
66751c62-98bf-c16a-0c7f-9cc537b5a10a,1973-02-15,,999-85-8999,S99936930,X44733637X,Mr.,Lorenzo669,Dirk334,Gulgowski816,,,M,white,nonhispanic,M,Hull  Massachusetts  US,1063 Gerhold Lodge Unit 69,Salem,Massachusetts,Essex County,25009,01970,42.509200280911415,-70.88767847607889,225970.91,31065.27,68122
4861e97a-de7b-1d51-8252-0ad90b5e383a,2001-05-08,,999-47-1016,S99925468,X01473442X,Ms.,Kimberlee228,Yasuko490,Weimann465,,,,white,nonhispanic,F,Reading  Massachusetts  US,570 Douglas Bridge,Newton,Massachusetts,Middlesex County,25017,02461,42.3388579868656,-71.24738505953722,94087.98,114945.49,146669
8f2e4fe2-d871-e3a8-ff41-2223620fbdb8,1998-09-16,,999-64-8679,S99976331,X54126159X,Mr.,Calvin845,,Von197,,,,white,nonhispanic,M,Haverhill  Massachusetts  US,435 Hickle Club,Boston,Massachusetts,Suffolk County,25025,02121,42.341730533026386,-71.07566503971302,9783.94,265584.42,745
91ab8802-52b7-3379-f2b8-689c972f00f6,1966-11-16,,999-16-3141,S99931778,X13421246X,Mr.,Rocky100,Erich201,Boehm581,,,M,white,nonhispanic,M,Leominster  Massachusetts  US,159 Haley Approach,Worcester,Massachusetts,Worcester County,25027,01583,42.24573637960816,-71.80399072782379,10322.30,203915.82,13436
66f71abf-9e2f-a4d4-e208-ff59e21fa5f0,2004-12-06,,999-41-1567,S99932743,X21641666X,Mr.,Emilio417,Patricio639,Escobar593,,,,white,hispanic,M,Roseau  Saint George  DM,370 Weissnat Rapid,Boston,Massachusetts,Suffolk County,25025,02134,42.383749436477395,-71.07728359411911,11312.97,717436.07,8434
94bf1808-9fcb-dbca-20f6-91afeb1ee905,1999-09-29,,999-98-1169,S99997957,X63968552X,Mr.,Luther918,Leon728,Ziemann98,,,,white,nonhispanic,M,Boston  Massachusetts  US,691 Cummings Gardens,Norwood,Massachusetts,Norfolk County,25021,02062,42.24754131735196,-71.18514393966092,86510.23,9605.21,142149
8302a301-9e44-51fe-d5fb-2199c2cd4f7d,1952-03-23,2012-02-28,999-89-3231,S99947802,X37794038X,Mrs.,Teri144,Brenda158,Kuvalis369,,Schmeler639,M,white,nonhispanic,F,Worcester  Massachusetts  US,577 Senger Dale,Wilmington,Massachusetts,Middlesex County,25017,01887,42.53733557324131,-71.1481632502873,1074509.84,195306.24,112885
96a2d05a-a35e-4ded-49ca-45e9e3d1486d,1959-12-31,,999-29-2388,S99918137,X61561562X,Mr.,Zachariah133,Jefferey580,Bailey598,,,S,white,nonhispanic,M,Boston  Massachusetts  US,716 Torp Meadow Suite 61,Brookline,Massachusetts,Norfolk County,25025,02215,42.29437789317953,-71.08400155940856,272185.01,769760.86,123613
defeebe8-c81a-e401-397d-ac207c00f891,1931-11-02,2024-07-21,999-33-1430,S99963221,X55492847X,Mr.,Eugene421,Gordon377,Kirlin939,,,W,white,nonhispanic,M,Leicester  Massachusetts  US,612 Kuhlman Vale,Pembroke,Massachusetts,Plymouth County,,00000,42.05128745217355,-70.83158954296994,152162.65,196429.78,126825
18c3e96e-5ed6-1899-9f36-3518fff029b3,2017-04-30,,999-60-5415,,,,Mariano761,Gustavo235,Cole117,,,,white,nonhispanic,M,Braintree  Massachusetts  US,214 Hirthe Gateway,Gardner,Massachusetts,Worcester County,25027,01440,42.6068239993292,-71.9655524265743,25694.28,7516.02,69517
45fd6735-e47b-259a-d953-256f523af630,1929-10-20,1999-04-02,999-40-9765,S99938637,X42759309X,Mr.,Nicholas495,Alden634,Wilderman619,,,D,white,nonhispanic,M,Everett  Massachusetts  US,665 Schmitt Path Suite 99,Clinton,Massachusetts,Worcester County,25027,01510,42.39698592187302,-71.69318389647675,582764.31,481193.07,77322
56a3fdb7-54e8-9f78-859d-d82c7562abb7,1944-11-29,,999-14-1209,S99929708,X38909788X,Mrs.,Hildred696,Asuncion264,Lowe577,,Leffler128,M,white,nonhispanic,F,Melrose  Massachusetts  US,409 Schowalter Viaduct,Somerville,Massachusetts,Middlesex County,25017,02145,42.377727149192715,-71.09805580789644,924519.57,1058999.73,55758
125d5eaa-cd03-19ca-dd12-446529b5cf12,2008-05-26,,999-44-8420,S99973445,,Mr.,Monroe732,Alvaro283,Moore224,,,,white,nonhispanic,M,Mansfield  Massachusetts  US,1028 Simonis Rue Apt 33,Templeton,Massachusetts,Worcester County,,00000,42.60847193329989,-72.094040075352,9028.30,730504.50,21401
fb62c736-057a-51d9-9407-85719efe965e,1999-07-03,,999-47-6976,S99988438,X66807094X,Mr.,Andrés117,,Segura601,,,,white,hispanic,M,Puebla  Puebla  MX,745 Harvey Village Apt 11,Southwick,Massachusetts,Hampden County,,00000,42.08462337029369,-72.75993230143435,70549.11,22343.85,991924
1531dab8-2121-5aa3-c326-3a5934db06bb,2014-08-25,,999-59-9721,,,,Renaldo199,Hobert364,Block661,,,,white,nonhispanic,M,Amherst  Massachusetts  US,452 Johns Gardens,Fall River,Massachusetts,Bristol County,25005,02724,41.69986311602477,-71.11882670279019,35733.57,0.00,64985
5ffc10ce-2eed-a488-8e79-f6b1a64e3a92,2022-10-12,,999-59-9540,,,,Dewey930,Lucius907,Conroy74,,,,white,nonhispanic,M,Chesterfield  Massachusetts  US,528 Moore Junction Unit 8,Dunstable,Massachusetts,Middlesex County,,00000,42.70385559372722,-71.50858885380254,5324.54,6681.78,26443
0c7196f1-9814-4411-2e14-204c3cb9ce9e,1994-01-21,,999-60-1008,S99952262,X64011604X,Mrs.,Ute382,Vania595,Von197,,Smith67,M,white,nonhispanic,F,New Bedford  Massachusetts  US,347 Stroman Lock,Boston,Massachusetts,Suffolk County,25017,02467,42.30905314507645,-71.06429854455384,234519.84,1282339.89,43677
a313fddf-a14e-be0e-c01a-625de982dd6e,1969-07-23,,999-34-7879,S99918541,X21980012X,Mrs.,Myrta75,,Stamm704,,Breitenberg711,M,white,nonhispanic,F,North Andover  Massachusetts  US,801 Larson Terrace Suite 86,Leominster,Massachusetts,Worcester County,25027,01453,42.58138211800727,-71.77721298639933,295279.06,1045781.25,330757
899cf42b-242b-055a-f457-63952781aec9,1954-03-14,,999-54-7967,S99946852,X86485768X,Mr.,Asa127,Jamel269,Crooks415,,,M,white,hispanic,M,Fall River  Massachusetts  US,732 Williamson Grove Suite 10,Winchendon,Massachusetts,Worcester County,25027,01475,42.62156292312017,-72.01490144341953,23128.46,519169.59,10191
3104b7a5-0587-85b0-3767-b0ae99e2faec,1954-04-24,,999-92-2997,S99987147,X89461124X,Mr.,Alan320,Dave764,Goodwin327,,,M,white,nonhispanic,M,Brockton  Massachusetts  US,302 McLaughlin Haven Suite 63,West Yarmouth,Massachusetts,Barnstable County,25001,02673,41.69156301192075,-70.25100838594307,288943.45,851688.82,149294
77f1f672-b9d1-38a2-30b9-a49920f6970a,1931-11-02,2015-07-29,999-16-5422,S99988773,X51777855X,Mr.,Benton624,Devin82,Champlin946,,,W,white,nonhispanic,M,Milton  Massachusetts  US,124 Carroll Path,Pembroke,Massachusetts,Plymouth County,,00000,42.06014322836897,-70.80386857443746,157086.94,159152.56,126825
87650e0f-b5bc-db6d-48de-1dc42ee49dce,2018-10-27,,999-41-2049,,,,Hershel911,,Gulgowski816,,,,white,nonhispanic,M,Peabody  Massachusetts  US,169 Stokes Forge Apt 91,Millis-Clicquot,Massachusetts,Norfolk County,,00000,42.118219906809664,-71.33949503003451,18697.53,1095.67,181627
8e0094ed-615d-9cd6-60df-73343fbc2f7b,1989-02-23,,999-84-9107,S99972464,X87104777X,Mr.,Brandon214,Terrence276,Hamill307,,,S,white,nonhispanic,M,Winthrop  Massachusetts  US,1062 Tillman Alley Unit 23,Marlborough,Massachusetts,Middlesex County,25017,01752,42.33627423851622,-71.57552362391134,53595.04,119242.89,24970
486dd016-a3ad-3147-765c-a4688360437f,1973-04-01,,999-21-5012,S99927621,X00464917X,Mr.,Asa127,Gilbert263,Jones311,,,M,white,nonhispanic,M,Needham  Massachusetts  US,118 Rolfson Loaf Apt 93,Springfield,Massachusetts,Hampden County,25013,01106,42.14267262448075,-72.55463889347911,9070.44,119211.75,15730
6a559c2d-9241-29d2-b108-239c81aea9ba,1916-08-08,,999-17-8902,S99919998,X27931444X,Mrs.,Ileen763,Vera718,Kovacek682,,Legros616,D,white,nonhispanic,F,Douglas  Massachusetts  US,1041 Smith Approach,Weston,Massachusetts,Middlesex County,,00000,42.39687551565546,-71.3240742444981,29188.14,1050345.25,17052
cc574900-ebe8-7063-7c68-3796723e4cbe,1952-03-23,,999-38-7303,S99933011,X82053269X,Mrs.,Evon528,Mellie476,Little434,,Sporer811,D,white,nonhispanic,F,Plymouth  Massachusetts  US,646 Kirlin Rapid,Wilmington,Massachusetts,Middlesex County,25017,01887,42.59874144258122,-71.18040473051089,491107.44,1182658.36,112885
ac9d8ae6-9d63-17a1-47dd-376099e5f185,1942-04-06,,999-33-4762,S99929577,X98995989X,Mrs.,Mirna233,Consuelo468,Ritchie586,,Roob72,M,white,nonhispanic,F,Braintree  Massachusetts  US,783 Marvin Rue,Norwood,Massachusetts,Norfolk County,25021,02090,42.214793900336105,-71.16965260878831,512287.18,486873.25,39872
fb556109-3975-9013-3edc-091ba2ba0a18,2006-05-11,,999-97-1344,S99926241,X30691071X,Mr.,Leonard963,,Blick895,,,,white,nonhispanic,M,Heath  Massachusetts  US,294 Goodwin Trafficway,Brockton,Massachusetts,Plymouth County,25023,02351,42.10326344076742,-71.05201362420935,46701.02,13495.19,43001
dd432139-53d5-413b-669d-f05343c4d4b1,2002-11-10,,999-75-8214,S99922815,X74821857X,Mr.,Erwin847,Gene733,Gerlach374,,,,white,nonhispanic,M,Winchester  Massachusetts  US,268 Nader Parade Apt 92,Becket,Massachusetts,Berkshire County,,00000,42.30326485638182,-73.05590569904996,68716.72,13062.13,26853
6953f76c-8513-858b-6070-ff521e99d13f,1991-12-27,,999-64-5026,S99934298,X30322947X,Mrs.,Fransisca150,Yung349,Feeney44,,Hermann103,M,white,hispanic,F,Pinehurst  Massachusetts  US,354 Leuschke Flat,Longmeadow,Massachusetts,Hampden County,25013,01106,42.07552326128727,-72.62087697293329,242266.43,750343.02,84277
9f6292b7-0bc1-2e27-deee-813f232b8a92,1960-01-05,,999-21-6519,S99991052,X26743940X,Mr.,Kory651,,Okuneva707,,,M,white,nonhispanic,M,Worcester  Massachusetts  US,354 Spencer Frontage road,Foxborough,Massachusetts,Norfolk County,25021,02035,42.05718241308941,-71.22872114267156,106246.74,154494.68,192060
245c1bcc-e5cb-c31b-b4da-e6b9810daca0,1993-06-13,,999-70-8758,S99965896,X48757135X,Mr.,Eloy929,Gregorio366,Gibson10,,,M,asian,nonhispanic,M,Everett  Massachusetts  US,998 Durgan Approach,Cambridge,Massachusetts,Middlesex County,25017,02139,42.391473720313826,-71.06633652127525,66015.67,4428.09,36958
3035253a-501b-1aa2-0ec0-589964d3fa0a,2013-02-13,,999-47-9555,,,,Alejandro916,Gustavo235,Bonilla161,,,,white,hispanic,M,Port-au-Prince  Haiti  HT,1068 Ernser Dam,Fall River,Massachusetts,Bristol County,25005,02724,41.6416941031334,-71.10651187790646,2416.96,47055.34,16212
b68232af-ae39-31af-4969-9241e54e848e,2004-01-07,,999-87-6306,S99944130,X22194527X,Mr.,Rene434,Monroe732,Connelly992,,,,white,nonhispanic,M,Springfield  Massachusetts  US,617 Koelpin Vista Suite 48,Belmont,Massachusetts,Middlesex County,25017,02472,42.35237224125996,-71.2154512081097,4367.11,89239.46,19743
b507241b-e44e-a171-7a71-eff2b25a4ad9,1992-02-16,,999-69-2711,S99939799,X88844915X,Mr.,Russ979,,Stroman228,,,M,white,nonhispanic,M,Revere  Massachusetts  US,318 Quigley Crossroad,Haverhill,Massachusetts,Essex County,25009,01830,42.82270896729812,-71.10223634403603,96336.91,1253.22,713364
7563d4f9-feb3-2271-bbcc-9e8bb84891ae,2021-06-16,,999-50-3705,,,,Sebrina910,Son314,Senger904,,,,white,nonhispanic,F,Sterling  Massachusetts  US,1090 Streich Vista,Boston,Massachusetts,Suffolk County,25025,02115,42.38163207633869,-71.03987198940823,16100.63,5997.91,53030
c603965e-35db-ccb8-9adc-557bb7c058d7,1931-11-02,1967-02-14,999-17-9009,S99989485,X80501959X,Mr.,Elmo857,Melvin857,Larson43,,,D,white,nonhispanic,M,Brookline  Massachusetts  US,683 Johns Course,Pembroke,Massachusetts,Plymouth County,,00000,42.07558498154281,-70.80664858119881,66897.79,81313.31,126825
e93580ec-4ce7-b67a-237e-242cc1303c27,1977-12-02,,999-36-9985,S99981691,X47800902X,Mr.,Rickie717,Stanford577,Bergnaum523,,,M,white,nonhispanic,M,Leicester  Massachusetts  US,368 Olson Center,Somerville,Massachusetts,Middlesex County,25017,02140,42.37207987604547,-71.14918294471055,344564.10,9426.29,86510
27b7be4a-fe16-8851-b500-987a94359082,2007-12-21,,999-17-6613,S99919198,,Mr.,Leandro563,Alva958,Heidenreich818,,,,white,nonhispanic,M,Westwood  Massachusetts  US,1083 Gislason Promenade Suite 60,Lowell,Massachusetts,Middlesex County,25017,01851,42.596012805550316,-71.3580668498128,68213.71,12303.49,137229
ab4db9b1-75f2-3687-b789-89f1807637b6,2006-06-22,,999-12-6202,S99993306,X88512371X,Mr.,Buster609,Herschel574,Mosciski958,,,,asian,nonhispanic,M,Palmer  Massachusetts  US,725 Reynolds Highlands Unit 8,Boston,Massachusetts,Suffolk County,25025,02120,42.33871915306091,-71.05935160396108,5186.00,57037.26,10317
c9e0a452-cc15-9d3b-5c0b-16fc50daaaa9,2018-12-16,,999-39-5057,,,,Jenee387,Odessa199,Davis923,,,,white,nonhispanic,F,Milton  Massachusetts  US,167 Kuphal Promenade,Gloucester,Massachusetts,Essex County,25009,01930,42.657416813150945,-70.69569485358143,1291.72,23021.99,15926
c087ac78-f5fb-ab15-1c5b-dfd8fef2ea8a,2014-06-21,2015-09-24,999-49-1916,,,,Ginette140,,Cole117,,,,white,nonhispanic,F,Marlborough  Massachusetts  US,692 Feil Wynd,Hingham,Massachusetts,Plymouth County,25023,02043,42.26403887407491,-70.91125010468681,7095.80,15290.39,176120
c921fcdd-d7b3-2001-2ade-d6d637f22e0f,1963-07-19,2019-03-17,999-21-7342,S99988687,X01964970X,Mrs.,Valarie790,,Murphy561,,Cassin499,M,white,nonhispanic,F,Marshfield  Massachusetts  US,208 Muller Meadow,Sandwich,Massachusetts,Barnstable County,25001,02563,41.75092234736342,-70.46730763988089,296801.24,801392.85,868447
a5f2b4e3-598b-ef2d-6f5d-a14ece83321f,1948-11-08,1988-12-03,999-63-2358,S99940027,X81411576X,Mr.,Kory651,Cleveland582,Wisoky380,,,M,white,nonhispanic,M,Rochester  Massachusetts  US,582 Pfannerstill Rapid,Dartmouth,Massachusetts,Bristol County,,00000,41.59142053869325,-70.94876452065681,107141.25,0.00,119852
67ca09f5-68fc-f4ff-0af5-8d953a5b71fc,1967-03-12,,999-18-9053,S99925187,X29118482X,Mr.,Trey250,Enrique929,Murray856,,,D,white,nonhispanic,M,Boston  Massachusetts  US,339 Howe Rue,Revere,Massachusetts,Suffolk County,25025,02151,42.44777641167679,-70.96865517234046,110676.30,39786.57,27244
d187fb04-08a8-6904-39d1-9318e19b987f,2014-06-21,,999-23-4878,,,,Pearle865,Etsuko685,Murazik203,,,,white,nonhispanic,F,Quincy  Massachusetts  US,899 Yost Viaduct Unit 92,Hingham,Massachusetts,Plymouth County,25023,02043,42.17129527923406,-70.85532492949717,38255.78,9306.79,176120
3969932b-6754-b163-892e-068c558cf7f6,1966-08-08,,999-38-9240,S99968118,X18666980X,Mr.,Refugio197,Denis399,Crist667,,,D,white,nonhispanic,M,Southwick  Massachusetts  US,365 Schmitt Parade Unit 12,Stoughton,Massachusetts,Norfolk County,,00000,42.15000177321195,-71.05563143224998,140439.36,15139.35,96241
1e6bbd9a-83cc-e2eb-0b22-6e62d3a0ae00,1941-11-21,2022-01-01,999-28-4838,S99955976,X40033236X,Ms.,Maryjo280,Georgiann138,Jaskolski867,,,S,white,nonhispanic,F,Fairhaven  Massachusetts  US,324 Labadie Path,Methuen,Massachusetts,Essex County,25009,01841,42.774085139957464,-71.13466266805429,625399.99,528017.38,58278
3d976204-7619-ae7e-ea35-56c95468178d,1994-01-11,,999-78-3223,S99985021,X04744820X,Mrs.,Genevive999,Damaris45,Funk324,,Weissnat378,M,white,nonhispanic,F,New Bedford  Massachusetts  US,557 Swaniawski Port,Dighton,Massachusetts,Bristol County,,00000,41.82643334802623,-71.11259754713348,180774.12,144789.37,101346
e928b7cf-5d63-2e48-2acd-b6145c3f6b1e,1955-03-23,,999-52-9696,S99956467,X93705006X,Mrs.,Terresa418,Anthony633,Schamberger479,,Kassulke119,D,white,nonhispanic,F,Palmer  Massachusetts  US,381 Cole Gateway Apt 17,Groveland,Massachusetts,Essex County,,00000,42.752697935913375,-70.99660329483716,1095037.69,733000.78,85528
a1d3f7a5-4f13-0f55-ed6f-258c324aad9b,1962-07-11,,999-85-2947,S99980636,X85413654X,Mrs.,Rhonda22,Gale827,O'Connell601,,Langworth352,M,white,nonhispanic,F,Westford  Massachusetts  US,764 Dickinson Orchard Unit 57,Newton,Massachusetts,Middlesex County,25017,02465,42.362051048102366,-71.18730833919733,177337.69,894890.66,286983
b71de14e-c323-23e3-2992-4dca359b563a,1939-04-01,1996-07-19,999-89-3556,S99912884,X50590444X,Mr.,Arnulfo253,,Koelpin146,,,M,white,nonhispanic,M,Hatfield  Massachusetts  US,646 Conroy Knoll Apt 56,Pembroke,Massachusetts,Plymouth County,,00000,42.07893693030817,-70.79667184190993,86394.35,185101.10,126825
da50bc8d-6e5c-38a2-e2ed-f9c84f1b160d,1929-10-20,,999-68-6957,S99936828,X75592497X,Mr.,Dario75,Teddy976,Runolfsdottir785,,,M,white,nonhispanic,M,Waltham  Massachusetts  US,745 Medhurst Dam,Clinton,Massachusetts,Worcester County,25027,01510,42.387447380929174,-71.64760501938063,205468.37,232203.62,77322
29c1ac14-017e-651f-942e-7a327a2810aa,2015-09-01,,999-61-4519,,,,Taryn906,Margit604,Stanton715,,,,white,nonhispanic,F,Weymouth  Massachusetts  US,755 Purdy Estate,East Harwich,Massachusetts,Barnstable County,25001,02645,41.76053429548785,-70.02741331090016,22063.53,2150.99,122792
fe7f58d1-6738-0703-2142-380c016d72db,1982-03-30,2002-06-23,999-80-4988,S99972318,X76307913X,Mr.,Jake169,Maynard46,Marquardt819,,,,white,nonhispanic,M,Boston  Massachusetts  US,519 Borer Byway Suite 3,Greenfield,Massachusetts,Franklin County,25011,01301,42.61939367068908,-72.64360174962661,59426.29,0.00,47428
9c5e858e-19f6-9969-45b1-15db1a5ad608,1965-03-13,2016-03-06,999-53-2623,S99957606,X97898916X,Mrs.,Marquita692,Delores12,Berge125,,Bode78,M,white,nonhispanic,F,Oxford  Massachusetts  US,1061 Hamill Run Unit 37,North Andover,Massachusetts,Essex County,,00000,42.690762478399925,-71.10678801353787,153909.33,899060.35,239561
c54acec0-07ea-2b1e-32f8-56c28c85b445,1981-04-08,,999-30-2388,S99994533,X42061767X,Mr.,Carson894,Gerard367,Zboncak558,,,M,white,nonhispanic,M,Boston  Massachusetts  US,625 Funk Skyway,Lynn,Massachusetts,Essex County,25009,01940,42.474223788673804,-70.97167087675061,254637.68,56659.76,49889
cc884de8-5d07-869c-5939-934aaf02f56c,1976-11-25,,999-39-9718,S99960238,X00123193X,Mr.,Kenny207,Anibal473,Walter473,,,M,white,nonhispanic,M,Malden  Massachusetts  US,934 Bosco Harbor,Clinton,Massachusetts,Worcester County,25027,01510,42.41193428917999,-71.73191429733916,154007.28,16221.54,129038
156c539d-8fc1-d9bd-45e8-15d371874ce5,1982-03-30,2017-01-24,999-51-6600,S99972187,X12546460X,Mr.,Lewis216,Elroy493,Parker433,,,M,white,nonhispanic,M,Swampscott  Massachusetts  US,802 Lockman Vale,Greenfield,Massachusetts,Franklin County,25011,01301,42.62165680896931,-72.61978348563622,91739.35,7221.60,47428
9f8e2c41-e3b3-040f-5dfb-434fabf4269c,1972-06-14,,999-11-5330,S99923245,X58165215X,Ms.,Cheryle584,Susannah249,Bahringer146,,,S,white,nonhispanic,F,Malden  Massachusetts  US,879 Frami Road Unit 95,Bourne,Massachusetts,Barnstable County,25001,02532,41.69125313855193,-70.60164076304088,308198.45,880500.84,124427
6d3dd289-18ff-e33d-63d9-10de0cc39157,1968-12-28,,999-57-5758,S99913397,X12910633X,Mrs.,Patrick786,Leigha840,Kilback373,,Watsica258,M,white,nonhispanic,F,Worcester  Massachusetts  US,792 Jast Fork,Sandwich,Massachusetts,Barnstable County,25001,02563,41.689220402421284,-70.51557625895401,1057533.89,133048.74,92686
94748377-40d7-08a3-7ff9-ff9b7b31d272,1957-06-16,,999-73-3125,S99998131,X67267179X,Mr.,Mauro926,Forrest301,Howe413,,,M,white,hispanic,M,Concord  Massachusetts  US,529 Koepp Terrace Apt 86,Gloucester,Massachusetts,Essex County,25009,01930,42.60715773116427,-70.64347761897545,179352.10,171219.27,79388
40fd6acc-150f-b64e-9fc9-458dcead7129,1975-04-04,,999-69-8769,S99916508,X64181412X,Mr.,Stewart672,Steven797,Koelpin146,,,S,white,nonhispanic,M,Dartmouth  Massachusetts  US,826 Wilderman Parade Suite 97,Stoughton,Massachusetts,Norfolk County,,00000,42.09382401347788,-71.07283976498005,157077.46,75059.57,29170
851d14fa-27f0-d5fd-3be7-1aaff967e9ad,1939-04-01,2018-05-02,999-64-6029,S99944360,X28884561X,Mr.,Chad48,Kent912,Marquardt819,,,M,white,nonhispanic,M,Lawrence  Massachusetts  US,273 Greenfelder Mission,Pembroke,Massachusetts,Plymouth County,,00000,42.06484788917094,-70.84793347498929,176155.27,289576.45,126825
e22d155d-2881-fafa-a7f0-98d12432a507,1941-11-21,2012-04-07,999-11-6592,S99921322,X81099573X,Mrs.,Jone716,Tatum703,Pfannerstill264,,Feil794,M,white,nonhispanic,F,East Longmeadow  Massachusetts  US,361 Goldner Annex Apt 34,Methuen,Massachusetts,Essex County,25009,01841,42.67930260550651,-71.15894553073214,184631.24,838419.57,58278
8723b3cb-6ed3-ef3e-1c4f-73be4ffaafaf,1948-11-08,,999-89-5365,S99926290,X60200674X,Mr.,Augustus49,Sandy901,Ullrich385,,,M,white,nonhispanic,M,Boston  Massachusetts  US,938 Koch Corner Unit 93,Dartmouth,Massachusetts,Bristol County,,00000,41.57973073030749,-70.93440768549887,434460.51,799253.92,119852
d3e8b262-5b00-d610-0df5-5eb6cee206d5,1996-04-11,,999-44-9506,S99975755,X76667032X,Mr.,Sebastian508,Cornell131,Durgan499,,,M,white,nonhispanic,M,Munich  Bavaria  DE,460 Prohaska Vista,Clinton,Massachusetts,Worcester County,25027,01510,42.45731399262691,-71.70949058234393,63564.10,0.00,104366
c38fbdba-10ac-132c-a0a1-3beb1e92a9ce,1982-03-30,,999-97-5993,S99918641,X47760783X,Mr.,Alejandro916,,Gorczany269,,,M,white,nonhispanic,M,Milford  Massachusetts  US,290 Spencer Knoll Apt 87,Greenfield,Massachusetts,Franklin County,25011,01301,42.66967378981057,-72.61498137966137,82820.06,6087.41,47428
383109a1-ab91-97a2-f70b-3367023a20a5,1979-07-22,,999-10-6059,S99942138,X63035027X,Mrs.,Shanika235,Cherlyn665,Hand679,,Schaden604,D,asian,nonhispanic,F,Boston  Massachusetts  US,267 Hauck Neck,Lynnfield,Massachusetts,Essex County,25009,01940,42.5440006821398,-70.99268752135956,208514.17,619929.04,99820
f9f0b171-7042-0101-be63-a5a1a4c55504,1985-10-27,,999-80-3358,S99979804,X62499895X,Mr.,Gregory545,Riley817,Harris789,,,S,white,nonhispanic,M,Amherst Center  Massachusetts  US,725 Erdman Key Suite 61,Methuen,Massachusetts,Essex County,25009,01841,42.780073821686614,-71.15212155041704,114783.05,2612.77,58281
cfb87293-197c-50c4-da0d-8dbd656a3df7,1965-07-13,,999-45-1882,S99927634,X57603024X,Mr.,Titus37,Monty345,Moen819,,,M,white,nonhispanic,M,North Brookfield  Massachusetts  US,1076 Hyatt Overpass Suite 59,Scituate,Massachusetts,Plymouth County,25023,02066,42.24499534265706,-70.73119256940205,92883.25,132966.40,212644
3991ebb3-ba30-5cc8-cc80-d42f57551be0,1968-07-18,2019-10-06,999-52-5574,S99994560,X61677299X,Mrs.,Gracia333,Catalina187,Flatley871,,Rempel203,M,white,nonhispanic,F,Boston  Massachusetts  US,868 Gorczany Bay,Ashland,Massachusetts,Middlesex County,,00000,42.255196040716356,-71.50543006111265,543002.30,166182.09,67176
3d0a818b-43fb-3b09-00e8-8ef9c3554d35,1985-06-25,,999-71-2701,S99985910,X74266503X,Mrs.,Damaris45,Lovie151,Yundt842,,Buckridge80,M,white,nonhispanic,F,West Concord  Massachusetts  US,366 Schoen Passage Apt 21,Ware,Massachusetts,Hampshire County,25015,01082,42.29310062136715,-72.29612675839365,253054.25,635216.65,123677
264e1f0c-5da5-61ca-5f4a-3c4f46d39db5,1963-07-19,2025-09-10,999-61-7549,S99985842,X84566415X,Mrs.,Olimpia983,Creola518,Hoeger474,,Conn188,M,white,nonhispanic,F,Scituate  Massachusetts  US,1068 Daugherty Track Unit 12,Sandwich,Massachusetts,Barnstable County,25001,02563,41.68077967690732,-70.4963558389206,488179.27,1470128.03,868447
7faa80b0-e2d3-eef0-8cd7-326144cb834b,1939-04-01,1996-04-20,999-86-5129,S99948112,X89818641X,Mr.,Shane235,Donn979,Ledner144,,,M,white,nonhispanic,M,Gardner  Massachusetts  US,367 Thiel Byway Apt 32,Pembroke,Massachusetts,Plymouth County,,00000,42.087243583621984,-70.80196545425905,165640.13,3069871.17,126825
6c1fd6e6-9d0a-ed91-3ee4-0eb8b3fc31c7,2018-04-12,,999-15-4106,,,,Collin529,Silas208,Hilpert278,,,,white,nonhispanic,M,Somerville  Massachusetts  US,483 Jacobi Wall,Middlefield,Massachusetts,Hampshire County,,00000,42.397867430582544,-72.98396607576568,15173.73,13654.69,99915
51a953ef-cba7-5854-f8d5-642fcbd53c68,1955-05-14,,999-88-6714,S99950101,X11188822X,Ms.,Gia583,Corina534,Borer986,,,S,white,nonhispanic,F,Boston  Massachusetts  US,1021 Mante View Unit 40,Mendon,Massachusetts,Worcester County,,00000,42.13544060729806,-71.5670530022288,204761.40,317237.67,126593
3dc7d033-9a42-c767-5524-d5800069943f,1978-05-10,,999-75-2411,S99961635,X45411057X,Mr.,Darwin703,,Schmidt332,,,D,asian,nonhispanic,M,Beijing  Beijing Municipality  CN,663 Kling Gardens Apt 45,Walpole,Massachusetts,Norfolk County,25021,02081,42.13557914873658,-71.25702176261669,6881.41,86844.64,6247
34b1e439-423c-2e53-2762-ffb3d1148e1b,1965-03-13,,999-27-5908,S99920677,X43788543X,Mrs.,Annabelle638,Rocio28,Zemlak964,,Harvey63,M,white,nonhispanic,F,Franklin  Massachusetts  US,800 Heidenreich Branch,North Andover,Massachusetts,Essex County,,00000,42.629861860940956,-71.12089037943504,381753.58,534721.63,239561
67601751-aea6-2d71-b92c-f6ff55105b5a,1980-06-02,,999-36-3919,S99923347,X57165622X,Mr.,Marco578,Allan198,Bogisich202,,,M,white,nonhispanic,M,Northbridge  Massachusetts  US,896 Marks Manor,Maynard,Massachusetts,Middlesex County,25017,01754,42.406666715275485,-71.4741111465137,19428.66,189038.69,979987
debe9a85-5f31-92eb-1c86-a5e8c2832142,1979-05-15,,999-12-3945,S99921449,X26178960X,Mr.,Raleigh478,Duane703,Hickle134,,,S,white,nonhispanic,M,Wayland  Massachusetts  US,787 Schaefer Lodge,Rockland,Massachusetts,Plymouth County,,00000,42.10410341560591,-70.86232845595435,88553.15,62933.15,28134
48750fe3-4a0d-3e15-872f-8f9ad2cb233e,1941-11-21,,999-32-2264,S99993008,X85707251X,Ms.,Sharmaine326,,Windler79,,,S,white,nonhispanic,F,Woburn  Massachusetts  US,736 Harber Course Suite 26,Methuen,Massachusetts,Essex County,25009,01841,42.780678496103306,-71.13096240542133,922175.01,637818.96,58278
732ac0c7-3b1b-7c01-1be3-e33832b8235f,1995-09-15,,999-58-3470,S99947303,X06108215X,Mrs.,Shaneka79,,Feest103,,Goldner995,M,white,nonhispanic,F,Braintree  Massachusetts  US,555 Haley Hollow,Boston,Massachusetts,Suffolk County,25025,02136,42.310498078318204,-71.02361440948401,11285.97,536132.47,6023
731bdd00-7cf9-4de1-661b-c9721e29520a,1976-02-20,,999-85-4026,S99944141,X97853551X,Mrs.,Gianna370,Tess185,Mosciski958,,Marvin195,M,white,nonhispanic,F,Southwick  Massachusetts  US,1015 Veum Crossing Apt 82,Lawrence,Massachusetts,Essex County,25009,01843,42.670321345779804,-71.1716054613649,42490.92,1388103.45,65683
38ac7633-05ef-f889-bfda-a6beb5a2a074,1968-07-18,,999-10-1867,S99977139,X96013910X,Mrs.,Yvette315,Raisa16,Blick895,,Medhurst46,M,white,nonhispanic,F,Brockton  Massachusetts  US,377 Paucek Passage Unit 37,Ashland,Massachusetts,Middlesex County,,00000,42.300539949336105,-71.47920117455789,660092.21,475115.93,67176
d909e159-9971-288a-247c-9165c53541bb,1975-09-29,,999-85-9632,S99912789,X78494503X,Mr.,Ike571,,Powlowski563,,,M,white,nonhispanic,M,Chicopee  Massachusetts  US,1080 Rippin Drive,Lynn,Massachusetts,Essex County,25009,01904,42.44996505014669,-70.95934271817325,129501.43,45864.65,186631
72a0dd24-38c7-97c5-7220-e406380d814c,1990-02-07,,999-45-3389,S99987190,X54462756X,Mr.,Lavern240,Trevor374,Hansen121,,,S,white,nonhispanic,M,Amherst Center  Massachusetts  US,326 Pouros Park Unit 88,Malden,Massachusetts,Middlesex County,25017,02155,42.39675744695654,-71.08889382097904,8039.77,116278.54,11260
8045361b-c300-f309-2942-b8bfa625a354,1958-09-08,,999-23-8489,S99968891,X05804122X,Mr.,Jacques50,Wally311,Dietrich576,,,W,white,nonhispanic,M,Dartmouth  Massachusetts  US,198 Cronin Junction Suite 83,Cambridge,Massachusetts,Middlesex County,25017,02142,42.40096965372007,-71.09668801664611,581524.19,220925.19,50738
3567c406-2491-08dc-bea2-6d96a9b7bca5,2016-09-18,,999-58-6516,,,,Alice368,Riva522,Marvin195,,,,white,nonhispanic,F,Framingham  Massachusetts  US,619 Kozey Brook,Brockton,Massachusetts,Plymouth County,25023,02351,42.103675029690294,-70.98263801201996,1750.00,29997.14,18992
9328a642-9c48-ed89-22f8-de7b88050ed2,2008-03-21,,999-78-1057,S99987917,,Ms.,Meridith488,Alix578,Corwin846,,,,white,nonhispanic,F,Plymouth  Massachusetts  US,1063 O'Kon Wynd Suite 87,Somerville,Massachusetts,Middlesex County,25017,02144,42.37692380192419,-71.14342396108263,61912.34,11315.54,117233
45370f07-f6f1-f8d7-dcaf-58117d40491c,2025-08-08,,999-15-6371,,,,Hal307,Deon400,Yundt842,,,,white,nonhispanic,M,Winchendon  Massachusetts  US,486 Sauer Walk,Carver,Massachusetts,Plymouth County,,00000,41.83275700700012,-70.75976889737046,224.38,3790.03,16524
d0de7e6f-3a44-70a7-959e-8cbc640374db,1976-07-17,,999-93-7046,S99916497,X02388860X,Mr.,Virgilio529,Robbie31,Zieme486,,,D,white,nonhispanic,M,Kingston  Massachusetts  US,130 Kozey Loaf Unit 32,New Bedford,Massachusetts,Bristol County,25005,02745,41.750336054168706,-70.98321380873217,257581.46,352222.06,95259
fd403937-fcf6-eb8f-7cef-f6c53391b597,2019-10-11,,999-16-5688,,,,Britni406,Ebonie344,Jaskolski867,,,,black,nonhispanic,F,Lowell  Massachusetts  US,731 Deckow Corner,Malden,Massachusetts,Middlesex County,25017,02155,42.45148036761147,-71.06148359632736,7184.42,5124.10,32535
b2e00590-f059-d802-6c79-4e30dc42ad95,2016-09-21,,999-73-1194,,,,Isabel214,Sonia106,Galarza986,,,,white,hispanic,F,Buenos Aires  Ciudad de Buenos Aires  AR,609 Kilback Well,Springfield,Massachusetts,Hampden County,25013,01118,42.116085477639736,-72.52582857386601,14056.66,8575.74,46298
4be63ff5-7cf3-cfaa-6c38-1ba2c1d08f53,1951-09-28,,999-83-7515,S99978169,X45338650X,Mrs.,Glynis780,Leandra549,Lynch190,,Koelpin146,M,white,nonhispanic,F,Belmont  Massachusetts  US,734 Anderson Well Unit 45,Waltham,Massachusetts,Middlesex County,25017,02453,42.440124510804026,-71.16799551926137,1739963.86,1459193.30,58695
ed65f22f-39cb-7d03-8338-f05eba8806d0,1947-05-05,1983-09-23,999-82-5103,S99977956,X19742917X,Mrs.,Denisha680,Ariel183,Durgan499,,Hagenes547,M,white,nonhispanic,F,Boston  Massachusetts  US,629 Deckow Street,Brewster,Massachusetts,Barnstable County,25001,02631,41.71931588155441,-70.10886216222777,797622.02,327145.50,82706
2edbe355-acc5-7a87-a20b-9a503ffcb687,1993-09-09,,999-76-2520,S99978853,X81533352X,Mrs.,Dodie685,Blythe746,Mitchell808,,Huel628,M,white,nonhispanic,F,Springfield  Massachusetts  US,497 Lang Center,Needham,Massachusetts,Norfolk County,25021,02494,42.32869835291142,-71.22071801933924,159117.02,288738.42,110794
fb44b4bf-656a-fe60-535c-936a6c6e7cef,1942-03-22,,999-33-6751,S99998277,X10767419X,Mr.,Eldridge510,Josef103,Zboncak558,,,M,white,nonhispanic,M,Weymouth  Massachusetts  US,629 Waelchi Underpass,Yarmouth,Massachusetts,Barnstable County,,00000,41.719412721483785,-70.22710074345596,15775.30,324599.02,11746
ee984a59-60f4-399b-f623-e33bf15af06d,1960-07-17,,999-31-4478,S99915278,X67007985X,Mrs.,Lurline371,,Cummerata161,,Vandervort697,M,white,nonhispanic,F,Boston  Massachusetts  US,467 Ebert Byway,Tyngsborough,Massachusetts,Middlesex County,,00000,42.67906372361645,-71.45182956263267,21838.09,1429430.48,2054
f69656af-b26d-477c-9331-f9c6ca8a9548,1980-06-22,,999-21-6044,S99980736,X40822717X,Mr.,Samual455,Gaston250,Nicolas769,,,M,white,nonhispanic,M,Middleborough  Massachusetts  US,601 Ruecker Plaza,Barnstable,Massachusetts,Barnstable County,25001,02601,41.64240481046012,-70.40308514198922,109000.62,7184.83,50197
ce079972-2ed1-cba2-95a6-6077b8818818,1946-07-01,2010-07-25,999-61-5570,S99936330,X24657121X,Mrs.,Venessa867,Katharyn928,Sporer811,,Barrows492,D,white,nonhispanic,F,Billerica  Massachusetts  US,660 Kutch Lock,Braintree,Massachusetts,Norfolk County,25021,02184,42.17500898412918,-70.97992116051452,894947.43,194942.84,98205
89fc8b3f-c4f5-7488-5b46-3ea4de698a39,1968-07-18,,999-38-9974,S99967933,X06808770X,Mr.,Lupe126,Fermin479,Nikolaus26,,,S,white,nonhispanic,M,Wakefield  Massachusetts  US,293 Ebert Mews,Pittsfield,Massachusetts,Berkshire County,25003,01201,42.43391073943734,-73.2290242252764,113647.58,129545.40,51199
7f9bcff3-0e39-4421-e0f9-6206e9473744,2001-05-18,,999-66-4248,S99911195,X17377606X,Ms.,Elaine830,Meda165,Pacocha935,,,,white,nonhispanic,F,Warsaw  Masovian  PL,975 Simonis Burg,Abington,Massachusetts,Plymouth County,25023,02351,42.13870662353291,-70.90732053268458,93257.79,140240.52,55350
91e00a11-7447-a588-e117-25ea164c4dec,1987-10-11,,999-18-6477,S99925238,X27004901X,Mr.,Nestor901,Leonard963,Denesik803,,,M,white,nonhispanic,M,Townsend  Massachusetts  US,153 Grady Loaf Apt 99,Sherborn,Massachusetts,Middlesex County,,00000,42.25033418417776,-71.32646977690229,90966.28,32027.27,448076
55c6025c-a0a7-1b93-746e-0b2fd385945c,1963-07-19,,999-43-1436,S99940507,X16134434X,Mrs.,Roberto515,,Medhurst46,,Mitchell808,M,white,nonhispanic,F,Newton  Massachusetts  US,382 Ratke Estate Apt 90,Sandwich,Massachusetts,Barnstable County,25001,02563,41.70426762764295,-70.44339216203915,198258.97,954493.83,868447
ec8b751a-a0cc-6780-b859-d791db455b84,1976-06-03,,999-33-7601,S99975156,X01761959X,Mr.,Young120,Weldon459,Reinger292,,,M,white,nonhispanic,M,Sharon  Massachusetts  US,725 DuBuque Way Apt 66,Spencer,Massachusetts,Worcester County,25027,01562,42.224294556067626,-72.01909105729992,161735.40,10350.98,53121
3803f156-93d0-31c9-bcd7-42ce54edcd9d,1940-09-09,,999-83-9193,S99946090,X30112308X,Mrs.,Rebekah348,Melia148,Reilly981,,West559,M,white,nonhispanic,F,Taunton  Massachusetts  US,455 Bode Parade,Newton,Massachusetts,Middlesex County,25017,02461,42.3460035765432,-71.22700173299683,355315.19,195645.24,68512
7e1c8d1d-3651-1bb6-7f6c-e0c5a139e46a,1991-05-14,,999-31-5793,S99970168,X71113167X,Mr.,Octavio643,,Nava670,,,S,white,hispanic,M,Lima  Lima Province  PE,265 Walker Ramp Apt 41,Lawrence,Massachusetts,Essex County,25009,01841,42.7370968992957,-71.13134598524056,81120.92,653785.41,49253
3201ab88-7d64-177a-5c11-d569a380e003,1956-01-22,,999-97-1298,S99930984,X33820950X,Mr.,Chester802,Hector463,Crona259,,,D,white,nonhispanic,M,Ludlow  Massachusetts  US,920 Tromp Terrace Apt 30,Braintree,Massachusetts,Norfolk County,25021,02184,42.23401657677638,-71.02001620231941,146844.03,75976.59,105487
28f48708-2429-4668-9766-38ec208534d2,2002-10-09,,999-42-1291,S99975744,X72916499X,Mr.,Rod343,Al123,Hegmann834,,,,white,nonhispanic,M,Boston  Massachusetts  US,298 Wyman Mall Suite 70,Somerville,Massachusetts,Middlesex County,25017,02144,42.445460748909,-71.13645880871826,89508.25,0.00,39062
94413f0f-5471-1d77-55a0-bc4be5c90bd4,1975-06-14,,999-47-8257,S99938154,X49520312X,Mr.,Donnie175,,Collins926,,,M,white,nonhispanic,M,Plymouth  Massachusetts  US,573 Rohan Terrace,Goshen,Massachusetts,Hampshire County,,00000,42.38788816320981,-72.77126457876206,15485.12,206408.59,2652
7c4aa6bf-1468-21fd-ad9b-e4e0878f56f2,2016-03-14,,999-70-4269,,,,Antonio44,Terrell212,Torphy630,,,,white,nonhispanic,M,Pepperell  Massachusetts  US,405 Ondricka Gateway,Fitchburg,Massachusetts,Worcester County,25027,01420,42.60070591735508,-71.86076570788177,32302.81,0.00,55324
f1e40b22-3c29-6a28-6a8f-bf9f68a43ac2,1939-04-01,2021-01-24,999-55-4729,S99933999,X32626930X,Mr.,Milton509,Will178,Doyle959,,,M,white,nonhispanic,M,Chelmsford  Massachusetts  US,250 Abshire Quay,Pembroke,Massachusetts,Plymouth County,,00000,42.05775499289502,-70.80100672044914,145756.01,396719.91,126825
266940ca-cb8c-797d-77b6-2c8ccb7f6e1e,1971-03-14,,999-95-8779,S99949653,X73608179X,Mr.,Randall756,Colton403,Lakin515,,,S,white,nonhispanic,M,Worcester  Massachusetts  US,825 Corkery Trail,Swansea,Massachusetts,Bristol County,,00000,41.76822371455741,-71.20064416387537,421299.08,273639.04,54358
6395752d-6307-2d8e-3f45-6415e56dbb55,1946-07-01,,999-67-8212,S99986101,X25799885X,Mrs.,Tijuana228,Juana825,Jenkins714,,Boehm581,M,white,nonhispanic,F,Bedford  Massachusetts  US,656 Weber Passage,Braintree,Massachusetts,Norfolk County,25021,02184,42.23700642039992,-71.03635721581078,432671.08,99014.55,98205
8de7ed91-2106-3456-b4e8-83ea9692358c,1999-01-07,,999-94-9067,S99980500,X00915352X,Mr.,Al123,,Kuhic920,,,,white,nonhispanic,M,Worcester  Massachusetts  US,938 Ullrich Arcade,Brookline,Massachusetts,Norfolk County,25017,02467,42.335407443061094,-71.06234594018466,8533.62,744164.09,4976
97ba01bd-9ccc-f478-dece-49ac6b92cd4f,1964-02-18,1965-01-27,999-20-3933,,,,Chuck784,Seymour882,Schinner682,,,,white,nonhispanic,M,Lynn  Massachusetts  US,792 MacGyver Burg Unit 54,Bridgewater,Massachusetts,Plymouth County,25023,02324,41.933978002835815,-70.97470225296489,30239.87,0.00,107408
eb7d7816-4b59-80bc-cea1-14eb38bacadd,1966-05-05,2017-04-07,999-23-9870,S99993487,X81840599X,Mrs.,Lakendra356,Darnell564,Dooley940,,Strosin214,M,white,nonhispanic,F,Boston  Massachusetts  US,370 Erdman Station Unit 29,Lenox,Massachusetts,Berkshire County,25003,01240,42.32918823381592,-73.26183486282248,613842.03,391599.38,97631
df2d88ca-2dfa-66e6-fbfe-83bdfadde00a,1947-05-05,,999-62-6843,S99943547,X06372164X,Ms.,Keira502,Alexander630,O'Keefe54,,,S,white,nonhispanic,F,Lynn  Massachusetts  US,655 Sanford Park,Brewster,Massachusetts,Barnstable County,25001,02631,41.740724152347134,-70.11572453723993,960873.10,299096.74,82706
61489a33-87b9-7844-6132-232b291bc4bf,1972-04-25,,999-67-7039,S99982836,X87851221X,Mrs.,Natisha940,Georgette866,Carter549,,Beer512,M,white,nonhispanic,F,Wrocław  Lower Silesian  PL,1034 Wehner Path Suite 63,Medway,Massachusetts,Norfolk County,,00000,42.15194378614322,-71.406396271399,815580.52,199387.24,74385
edc7752e-a54f-57c5-4718-86741ba2d150,2014-06-25,,999-40-9819,,,,Isiah14,,Collins926,,,,white,nonhispanic,M,Newbury  Massachusetts  US,507 Bogisich Bypass Suite 64,Mansfield,Massachusetts,Bristol County,,00000,42.0109688810107,-71.25323049024308,56847.95,18897.21,666929
b70de02a-642d-b0e4-3da3-f188c764452b,1971-09-16,,999-66-7506,S99910465,X71439561X,Mr.,Devon268,Elvis145,Streich926,,,D,asian,nonhispanic,M,Brockton  Massachusetts  US,989 Mante Key Apt 75,Lowell,Massachusetts,Middlesex County,25017,01850,42.65966515056207,-71.31302123825223,202992.42,14856.62,80724
545c4f17-a239-d987-bd2c-0d5ebdffddd2,1990-08-15,,999-69-2300,S99991599,X30270311X,Mr.,Dion244,Carroll471,Runte676,,,M,white,nonhispanic,M,Fall River  Massachusetts  US,256 Lowe Ranch Unit 6,Woburn,Massachusetts,Middlesex County,25017,01801,42.53494353441252,-71.10958064331695,89995.98,6546.41,130817
7524bfba-5387-dbb9-9b3b-37bef18ca405,2009-09-01,,999-93-6886,S99927342,,,Terrance440,,Gleichner915,,,,white,nonhispanic,M,Andover  Massachusetts  US,739 Marvin Ranch,Amherst Center,Massachusetts,Hampshire County,,00000,42.419751794007446,-72.53539536317669,2695.86,39123.41,2187
79a7af17-792e-ebd2-7dc8-9949ac881afa,1978-01-09,,999-51-3219,S99960713,X14709285X,Mrs.,Vernie449,Mari763,O'Connell601,,Huels583,M,white,nonhispanic,F,Whitman  Massachusetts  US,978 Morar Loaf,Andover,Massachusetts,Essex County,25009,01810,42.60997992984138,-71.17636379956804,23227.76,1608195.07,17305
77b6b547-2039-889e-4002-4947bbb9280a,1958-08-15,,999-62-6629,S99987920,X88383606X,Mrs.,Hana676,Sook872,Cassin499,,Swift555,D,white,nonhispanic,F,Worcester  Massachusetts  US,748 Metz Approach Unit 2,Fitchburg,Massachusetts,Worcester County,25027,01420,42.609861038552395,-71.8151808107953,352188.55,1007645.68,127193
7485ba69-3895-caf3-587e-773f89766de4,1969-05-30,1983-11-04,999-39-5965,,,,Nathaniel596,,Kulas532,,,,white,nonhispanic,M,Swansea  Massachusetts  US,940 West Row,Revere,Massachusetts,Suffolk County,25025,02151,42.418808197404864,-71.01579433624035,31175.05,9630.97,36826
23b41b3c-99a4-d2e8-a6cd-db21f6056e78,1958-08-27,2023-08-05,999-27-8884,S99914000,X28886077X,Ms.,Alesia841,Tajuana20,Armstrong51,,,S,white,nonhispanic,F,Milford  Massachusetts  US,593 Wuckert Neck Unit 94,Danvers,Massachusetts,Essex County,25009,01937,42.55286580257218,-70.90606895610424,17468.41,872302.49,12914
b9f5f439-8058-9e54-b40a-73d1a6d31094,1996-04-21,,999-75-1746,S99931399,X25619822X,Ms.,Livia401,Chasity985,Nikolaus26,,,S,white,nonhispanic,F,North Westport  Massachusetts  US,510 Champlin Walk,Marshfield,Massachusetts,Plymouth County,25023,02050,42.10035056572892,-70.75346368177526,160983.55,168508.24,146538
a910798d-13c6-9942-d79f-6533837370a3,1988-06-27,,999-90-5734,S99974267,X61525921X,Ms.,Tory770,Chanda935,Heathcote539,,,S,white,nonhispanic,F,Lunenburg  Massachusetts  US,448 Nienow Boulevard Apt 93,Southwick,Massachusetts,Hampden County,,00000,42.09825601257595,-72.74955189526966,175265.06,1150066.65,29568
32f0b768-01e5-5cda-a78b-7e1dc78c027c,2002-06-04,,999-40-4428,S99998780,X55731580X,Mr.,Salvador46,,Will178,,,,white,nonhispanic,M,Amherst  Massachusetts  US,632 Koelpin Crossroad Suite 46,Natick,Massachusetts,Middlesex County,,00000,42.260648226715034,-71.31239547417817,5425.64,73600.10,3556
36938ed6-b239-3097-4a58-35e7f3dad42c,1948-02-28,,999-84-5034,S99988169,X01403546X,Mrs.,Kimberli643,Dorthey25,Marks830,,Anderson154,D,white,nonhispanic,F,North Attleborough  Massachusetts  US,698 Lebsack Rue,Lawrence,Massachusetts,Essex County,25009,01840,42.72372097131504,-71.11952132525391,1007884.65,338894.34,53574
b7287e4f-29b8-8d82-d877-3c3b98d55d05,2016-06-22,,999-15-8193,,,,Marco Antonio298,Jacobo456,Enríquez603,,,,white,hispanic,M,Tegucigalpa  Francisco Morazán  HN,260 Conroy Street,North Andover,Massachusetts,Essex County,,00000,42.65868729902493,-71.13329867203106,14323.15,11582.18,95494
79117657-d400-6691-a8d2-3a5c78e72114,1969-05-30,2023-08-01,999-92-3708,S99957998,X88682456X,Mr.,Arlie183,Cornelius968,Spencer878,,,M,white,nonhispanic,M,Dracut  Massachusetts  US,607 Watsica View,Revere,Massachusetts,Suffolk County,25025,02151,42.47083265487663,-71.03920179922207,115356.51,37441.09,36826
3088f25b-7cb8-1477-7346-a7164634468a,1964-02-18,,999-47-2199,S99971977,X59534950X,Mr.,Emery884,Kenneth671,Thiel172,,,S,white,nonhispanic,M,North Adams  Massachusetts  US,590 Toy Trailer Unit 81,Bridgewater,Massachusetts,Plymouth County,25023,02324,41.99004347575641,-71.01442790078518,522621.58,515866.90,107408
423012f7-c0a6-adc0-433e-997d10fe196f,1966-05-05,,999-29-1971,S99975217,X55606789X,Mrs.,Isaura563,Kazuko67,Rowe323,,Cruickshank494,M,white,nonhispanic,F,Arlington  Massachusetts  US,625 Jakubowski Throughway,Lenox,Massachusetts,Berkshire County,25003,01240,42.378058943370355,-73.28876658889232,1160956.32,355788.64,97631
7d2d6518-1f65-a2f2-bb9b-cde111aee7b2,1963-08-15,,999-56-5407,S99925943,X59621810X,Mr.,Luther918,Eugene421,Cormier289,,,M,white,nonhispanic,M,Boston  Massachusetts  US,258 Gerhold Manor Apt 39,Salem,Massachusetts,Essex County,25009,01970,42.44054773759772,-70.90715600393384,227689.45,186959.26,74344
4387f907-57e7-0030-703f-c7e898502cad,1997-07-27,,999-68-5146,S99975261,X23250701X,Mrs.,Ehtel928,Sherita708,Berge125,,Eichmann909,M,asian,nonhispanic,F,Needham  Massachusetts  US,1019 Harvey Trailer,Needham,Massachusetts,Norfolk County,25021,02492,42.328570911559815,-71.25722449967407,86146.64,734276.37,216012
d9c1468a-72b9-799c-8189-734c7fe8ccf2,1962-12-06,,999-53-6402,S99977678,X57267971X,Mrs.,Melonie209,Thea616,Wolf938,,Swaniawski813,M,white,nonhispanic,F,Middleborough  Massachusetts  US,1038 Bashirian Walk Suite 31,Walpole,Massachusetts,Norfolk County,25021,02081,42.17656671060283,-71.2871762567475,333173.39,194197.13,136153
83c79660-877b-2e9b-40ba-24964012c908,1998-05-23,,999-30-9177,S99917724,X10910863X,Mr.,Rodger755,,Thompson596,,,M,white,nonhispanic,M,Marshfield  Massachusetts  US,239 Bednar Throughway,Easthampton,Massachusetts,Hampshire County,25015,01027,42.31003100503443,-72.70099876389689,95962.85,519826.49,39272
0efc9176-fd6e-51de-fe8e-0715018ee251,1964-02-08,,999-18-2407,S99912236,X33788294X,Mr.,Lou594,Brad867,Tremblay80,,,W,white,nonhispanic,M,Wellesley  Massachusetts  US,767 Trantow Union Apt 23,Wenham,Massachusetts,Essex County,,00000,42.561674064286926,-70.92550951822466,216200.39,0.00,74041
342e7934-369c-3cdb-992a-786329a86100,1939-04-01,2021-05-01,999-43-1745,S99973020,X92922624X,Mr.,Luciano237,Carson894,Beier427,,,M,white,nonhispanic,M,Woburn  Massachusetts  US,290 Schiller Drive Suite 0,Pembroke,Massachusetts,Plymouth County,,00000,42.032613337378145,-70.84809281358783,216451.71,292685.06,126825
3e8d4072-a0df-9525-31db-1af166917726,1958-08-27,,999-66-2762,S99948464,X00233867X,Mrs.,Lynell252,,Bruen238,,Friesen796,D,white,nonhispanic,F,Methuen  Massachusetts  US,671 Kessler Run,Danvers,Massachusetts,Essex County,25009,01923,42.59687296101076,-70.915885492789,16184.14,648536.61,12914
bfea5f75-6085-86f7-f066-b35650206c3b,2002-12-12,,999-14-1108,S99915762,X65959616X,Mr.,Harvey63,Solomon675,Rohan584,,,,asian,nonhispanic,M,Beijing  Beijing Municipality  CN,858 Cole Annex Apt 48,Lawrence,Massachusetts,Essex County,25009,01843,42.65920023989029,-71.19177571699164,33238.90,21226.20,32919
51766cc2-468e-8a9f-8897-f9d2b5a8722e,2003-07-02,,999-68-4504,S99962877,X32424394X,Mr.,Antone63,,Runolfsson901,,,,white,nonhispanic,M,Newburyport  Massachusetts  US,694 Stiedemann Approach,Barnstable,Massachusetts,Barnstable County,25001,02673,41.70517698156253,-70.2353664958128,4595.86,91708.15,4714
e0e17022-45a6-734c-3c5b-cac4dc9cb38c,1967-12-22,,999-40-5189,S99970668,X28365889X,Ms.,Erlinda993,Shelley12,D'Amore443,,,S,white,nonhispanic,F,Marshfield  Massachusetts  US,333 Reinger Ranch,West Bridgewater,Massachusetts,Plymouth County,,00000,42.03391001930052,-70.98545498147423,263551.22,40490.46,115363
937f76e7-9762-65da-4065-07aad8644136,1967-07-02,,999-80-4722,S99980626,X60116257X,Mr.,Dave764,Ferdinand55,Goodwin327,,,M,white,nonhispanic,M,Agawam  Massachusetts  US,1079 Blick Forge,Worcester,Massachusetts,Worcester County,25027,01583,42.197579705376846,-71.82249355060486,178835.51,23990.54,83751
e9f8fe6d-ee0c-602c-af58-9d0d258ee829,1969-05-30,,999-18-1671,S99944925,X83054431X,Mr.,Everett935,,Weber641,,,M,white,nonhispanic,M,Holbrook  Massachusetts  US,780 Roob Meadow Suite 42,Revere,Massachusetts,Suffolk County,25025,02151,42.376878958890416,-71.02046278974026,123485.92,9748.43,36826
f9396690-ec25-2677-bef5-053288a1e445,2005-05-28,,999-67-2817,S99972336,X28842254X,Ms.,Roseann182,Nadene309,Hoppe518,,,,white,nonhispanic,F,North Westport  Massachusetts  US,431 Roob Center Apt 74,Auburn,Massachusetts,Worcester County,,00000,42.16225819867845,-71.8757217569472,70447.70,166525.63,60982
a2adad8d-3cae-3ed5-79de-35026a00d103,1985-10-14,,999-51-6751,S99922822,X15192503X,Mr.,Sean831,Ezekiel373,Stark857,,,S,white,nonhispanic,M,Rutland  Massachusetts  US,850 Murphy Highlands Unit 25,Chicopee,Massachusetts,Hampden County,25013,01022,42.216198197381765,-72.5449881671642,75487.26,16998.35,78878
af448592-0fcb-4c25-86e8-1090fa9bcc94,1974-02-03,,999-63-6591,S99985933,X92469451X,Mrs.,Charmain607,Teena223,Russel238,,Daugherty69,M,black,nonhispanic,F,Lowell  Massachusetts  US,722 Trantow Fort Unit 59,Brockton,Massachusetts,Plymouth County,25023,02302,42.047405361400735,-71.05532266880678,414700.35,0.00,89496
62d396dd-00cc-825b-08dd-2404ecb61b51,2017-01-01,,999-77-3687,,,,Elouise806,Merissa718,Cruickshank494,,,,white,hispanic,F,Worcester  Massachusetts  US,174 Eichmann Throughway,Worcester,Massachusetts,Worcester County,25027,01610,42.23028153416611,-71.83627982036977,16049.91,1617.21,90976
4895b4fc-69eb-b6c9-01a0-f49e287f07ae,1977-07-25,,999-12-2873,S99916260,X68657005X,Mrs.,Jessi630,Kayce253,Price929,,Thompson596,D,white,nonhispanic,F,Paxton  Massachusetts  US,909 Herzog Harbor,Warren,Massachusetts,Worcester County,25027,01083,42.20309329957621,-72.23135063797646,411702.89,788443.68,82850
46a1691b-8a3a-0805-505d-2f729b174f7a,1960-05-21,2014-11-26,999-22-5187,S99933653,X09971233X,Mrs.,Doris153,,Green467,,Kunde533,M,white,nonhispanic,F,Boston  Massachusetts  US,207 Cartwright Way Suite 74,Webster,Massachusetts,Worcester County,25027,01570,42.04326221032965,-71.853255292261,19289.87,1163998.72,6181
482bad56-70e0-fdd1-d8e2-4f89fa84e1dc,1963-12-24,,999-54-1228,S99921052,X02722368X,Mr.,Jared66,Tyrell880,Dach178,,,D,white,nonhispanic,M,Billerica  Massachusetts  US,597 Labadie Tunnel Unit 12,Falmouth,Massachusetts,Barnstable County,25001,02540,41.60323187312109,-70.60942677967844,12536.43,237541.53,23192
687b7ade-f110-2235-d90e-8afb779f4c0b,2009-04-19,,999-62-3755,S99921801,,,Jean712,,Quitzon246,,,,white,nonhispanic,M,Arlington  Massachusetts  US,804 Hegmann Route,Andover,Massachusetts,Essex County,25009,01810,42.63610574050011,-71.12952682482656,24129.04,23042.25,186083
c75ad803-ae01-dde0-9ef7-981e11a3c685,1940-04-16,,999-25-1993,S99934862,X46769852X,Ms.,Loree183,Arnetta705,Brakus656,,,S,white,nonhispanic,F,Randolph  Massachusetts  US,107 Bernier Esplanade,Fall River,Massachusetts,Bristol County,25005,02723,41.58157402897937,-71.05800416580746,15644.41,552728.86,12050
c93e6811-c6cb-d3b8-aa39-d1b08b6e63b9,2024-10-23,,999-61-6444,,,,Odell776,,Upton904,,,,white,nonhispanic,M,Dracut  Massachusetts  US,898 Windler Meadow,Brookline,Massachusetts,Norfolk County,25021,02446,42.38946105602134,-71.16449796901097,5594.09,0.00,178735
36cd9339-1a35-a132-e175-0391bf6a263e,1981-01-30,,999-66-4292,S99962082,X64903984X,Mrs.,Sophia44,Saran641,Denesik803,,Lang846,M,white,hispanic,F,Brockton  Massachusetts  US,115 Bayer Overpass,Westfield,Massachusetts,Hampden County,25013,01085,42.13257940812617,-72.7353078488625,200677.25,1054114.33,33976
4dd3dc12-d8d3-2b07-663a-4b3083c7b22f,1994-10-05,,999-26-4713,S99937470,X17831051X,Mr.,Cruz300,,White193,,,M,white,nonhispanic,M,Boston  Massachusetts  US,587 Monahan Lodge,Chelmsford,Massachusetts,Middlesex County,,00000,42.574828243738274,-71.33773053119496,38003.97,106425.26,579066
58625c03-7d2d-4c58-8e41-e6fbec070fd7,1982-10-31,,999-68-5508,S99951391,X70757201X,Mrs.,Russell422,Julieta402,Jones311,,Leffler128,M,white,nonhispanic,F,Worcester  Massachusetts  US,1063 Stiedemann Path Suite 64,Belmont,Massachusetts,Middlesex County,25017,02472,42.35731629637596,-71.16911327046179,379090.77,587102.57,78875
f3fa884c-863f-9688-00c3-640f5a84202d,2008-04-22,,999-67-1462,S99956727,,Ms.,Sherie778,Ernestine645,Quitzon246,,,,white,nonhispanic,F,Chelsea  Massachusetts  US,278 Schowalter Run Apt 32,Dedham,Massachusetts,Norfolk County,25021,02026,42.21685592379557,-71.18775635846862,65158.03,23028.11,419714
12a6947a-24e4-9cea-a25e-0a8ea2619e97,1976-03-19,,999-66-6462,S99912242,X68481981X,Mr.,Florencio463,Jules135,Beier427,,,M,white,nonhispanic,M,Fairhaven  Massachusetts  US,760 Mueller Way Unit 81,Gloucester,Massachusetts,Essex County,25009,01930,42.64997590501227,-70.66593884701794,11300.65,155605.38,16065
831a30ab-c518-34c6-37c3-f0145bb14c52,2002-10-08,,999-30-3113,S99918243,X23225716X,Ms.,Yvone889,,Grant908,,,,white,nonhispanic,F,Milton  Massachusetts  US,131 Luettgen Terrace Unit 11,Yarmouth,Massachusetts,Barnstable County,,00000,41.69665904644157,-70.24588647220786,4945.86,77385.01,5015
6d8cf50c-4dd1-6dc6-5f98-c24efe7eaf8d,1996-09-21,,999-27-7517,S99998000,X64341472X,Mrs.,Johanna547,Renay451,Crist667,,Kuphal363,M,white,nonhispanic,F,Falmouth  Massachusetts  US,774 Hagenes Overpass,Newton,Massachusetts,Middlesex County,25017,02461,42.35318004958826,-71.19629457972061,73799.81,685981.91,26219
8136ba82-33cb-0656-8892-9204fa3e499c,1953-08-02,2022-10-21,999-80-3838,S99929187,X59774370X,Mr.,Ernesto186,,Zambrano764,,,D,white,hispanic,M,Gaudalajara  Jalisco  MX,313 Powlowski Boulevard Suite 65,Middleton,Massachusetts,Essex County,,00000,42.57270230104638,-71.04501690123833,60197.40,483671.28,180905
e22a2329-7a17-bd93-be53-161dc64b084d,1948-09-24,,999-71-6852,S99918440,X44963784X,Ms.,Rosalee63,Randi364,Tromp100,,,S,white,nonhispanic,F,Seekonk  Massachusetts  US,602 Metz Track,Boston,Massachusetts,Suffolk County,25025,02115,42.284935148345994,-71.06367796048454,721809.55,213920.35,103474
8148bea9-6e24-2b43-f503-915ec2577917,1975-08-10,,999-47-9887,S99996971,X44001676X,Mr.,Sandy901,,Buckridge80,,,S,white,nonhispanic,M,South Yarmouth  Massachusetts  US,425 Koss Bypass Suite 38,North Andover,Massachusetts,Essex County,,00000,42.71628997604732,-71.1326294774994,43921.22,75915.15,184466
ea87aee9-dd52-5185-ea5a-dc42565a3190,2004-07-29,,999-92-6277,S99946460,X11574448X,Mr.,Gregorio366,Benjamín452,Jaimes535,,,,black,hispanic,M,Buenos Aires  Ciudad de Buenos Aires  AR,487 Brakus Lock Unit 82,Boston,Massachusetts,Suffolk County,25025,02118,42.336453265314454,-71.0447688047281,51363.32,2707.98,531986
3419b54b-8ac9-7788-c89b-13da11da2db5,1995-12-17,,999-87-8679,S99953232,X65583262X,Mr.,Mose244,Jan231,Pouros728,,,M,white,nonhispanic,M,Boston  Massachusetts  US,870 Corwin Gateway,Westfield,Massachusetts,Hampden County,25013,01086,42.14450483035762,-72.80971199261639,64912.60,0.00,90219
8834ff75-0a37-c6c5-7c20-cdb633ce371c,1994-10-26,,999-57-7848,S99989067,X92757443X,Mrs.,Wenona350,Fe271,Pouros728,,Abshire638,M,white,nonhispanic,F,Pinehurst  Massachusetts  US,881 Kuhn Avenue,Ocean Grove,Massachusetts,Bristol County,,00000,41.72690527979315,-71.16569457755428,272238.50,1012668.10,65473
4bf0db70-c463-179d-2324-305d26780083,1957-09-24,2012-12-02,999-32-3584,S99929878,X89837828X,Ms.,Kari181,,Hackett68,PhD,,S,white,nonhispanic,F,Andover  Massachusetts  US,971 Ankunding View Unit 90,Malden,Massachusetts,Middlesex County,25017,02148,42.4575900852899,-71.03959398757053,207129.14,4331914.48,880493
e96dde7f-d81d-b33c-2781-f447c59f551d,1997-05-05,,999-27-7153,S99990124,X37842303X,Mr.,Gil594,Raymon366,Nicolas769,,,M,asian,hispanic,M,Norfolk  Massachusetts  US,844 Lang Flat,Waltham,Massachusetts,Middlesex County,25017,02452,42.369034070988874,-71.19138804889447,82995.42,4408.43,106266
ee2b131f-397d-8ca6-48b0-dfbab6fbc7e5,1960-05-21,,999-88-9047,S99971693,X73052628X,Ms.,Charlotte28,Evelynn217,Cummerata161,,,S,white,nonhispanic,F,Boston  Massachusetts  US,1081 Kunde Mill,Webster,Massachusetts,Worcester County,25027,01570,42.08260292208822,-71.87430898686193,19052.00,795519.65,6181
4a41dec8-23e7-25e3-abff-6329cdb85f16,1995-08-23,,999-43-8813,S99973742,X23936229X,Mr.,Jonathan639,,Huel628,,,M,white,nonhispanic,M,Billerica  Massachusetts  US,563 Mills Union Suite 9,Westport,Massachusetts,Bristol County,,00000,41.56906139057865,-71.09018564167515,93061.33,5060.37,160797
aab506c4-ad49-9774-aab1-c95226f74de9,2002-06-22,,999-37-6901,S99920993,X23405902X,Ms.,María842,Marcela739,Haro814,,,,white,hispanic,F,Panama City  Panama  PA,444 Abernathy Trailer Apt 20,Boston,Massachusetts,Suffolk County,25025,02120,42.34807956399798,-70.94767653991208,54058.25,60513.01,74676
67a3c4e1-63b4-92d1-1d10-68b9a1e24fc9,2007-04-16,2013-02-11,999-35-6987,,,,Epifania219,Genevive999,Hills818,,,,white,nonhispanic,F,Boston  Massachusetts  US,369 Reinger Crossing Unit 5,Worcester,Massachusetts,Worcester County,25027,01545,42.24643341275839,-71.73479282104167,17968.09,3852.09,53469
3d6a4239-2dc5-69eb-7cc9-890fdc308ec4,1939-04-01,2020-11-27,999-93-7076,S99945346,X09054602X,Mr.,Young120,Jude172,Hamill307,,,D,white,nonhispanic,M,Boston  Massachusetts  US,368 McClure Course,Pembroke,Massachusetts,Plymouth County,,00000,42.05762252413222,-70.85244200272324,263912.31,2064670.95,126825
de7aaa96-b12d-a9f0-0729-178cda34c0ea,2004-01-23,,999-87-8839,S99917936,X46993347X,Mr.,Willy639,Benny518,Hauck852,,,,white,hispanic,M,Groton  Massachusetts  US,1092 Streich Manor Unit 70,Norton,Massachusetts,Bristol County,,00000,41.95226466014856,-71.20428322715759,102917.36,503498.89,56311
0ff57bd2-a708-9b8d-dcd3-602ad61c0de4,2007-02-17,,999-67-7914,S99967336,,Mr.,Thomas756,Wiley422,Purdy2,,,,white,nonhispanic,M,Boston  Massachusetts  US,549 Dickens Highlands Apt 35,Grafton,Massachusetts,Worcester County,,00000,42.18833561416415,-71.72467567373235,31598.27,29495.53,95536
6229a3c1-267a-b1a6-93b7-adabce48e266,1993-03-19,,999-46-5389,S99957654,X54131132X,Mr.,José Luis472,David908,Toledo81,,,M,white,hispanic,M,Santiago  Santiago Province  CL,938 Kovacek Fort,Boston,Massachusetts,Suffolk County,25025,02131,42.33787920375292,-71.04652990050427,98667.66,24829.19,35580
c9853803-d1d3-b9a1-284d-97b3f97d8779,2002-01-10,,999-42-4956,S99978888,X09396686X,Ms.,Jovita355,Lawanda300,White193,,,,white,nonhispanic,F,Billerica  Massachusetts  US,839 Hegmann Terrace Apt 84,North Adams,Massachusetts,Berkshire County,25003,01247,42.665188127750305,-73.11648943616738,122100.26,774173.66,69328
8d4e80d7-b36d-f149-9d5b-e694454c5245,1971-03-04,,999-62-4765,S99924691,X84371662X,Mr.,Shaun461,Robert854,Schulist381,,,M,white,nonhispanic,M,Stockbridge  Massachusetts  US,1050 Torp Bridge,Northbridge,Massachusetts,Worcester County,,00000,42.12566312625785,-71.62941921366966,128035.56,63665.98,68590
e3c7fce6-1600-5bed-13e1-1a1e06e6cd2b,2007-04-16,,999-66-7906,S99933732,,Ms.,Erma609,Eunice461,Boehm581,,,,white,nonhispanic,F,Revere  Massachusetts  US,323 Ondricka Grove,Worcester,Massachusetts,Worcester County,25027,01605,42.30790270758594,-71.82261390869544,67646.07,20587.69,53469
a3d68e04-da59-88ee-e600-1bd0b185af0f,1963-11-04,,999-47-5835,S99997967,X51409834X,Mr.,Virgil85,,Harvey63,,,M,white,nonhispanic,M,Salisbury  Massachusetts  US,698 Kreiger Frontage road Suite 77,Swampscott,Massachusetts,Essex County,25009,01907,42.49525110309692,-70.85366019664558,217793.26,92284.88,706585
0a0d1fe5-c1fe-3c47-5665-2f20ff65b6f0,1973-01-21,,999-40-2583,S99984393,X03690927X,Mrs.,Janell58,Shonta375,Ebert178,,Borer986,W,white,nonhispanic,F,Canton  Massachusetts  US,743 Goodwin Fort Apt 90,Charlton,Massachusetts,Worcester County,,00000,42.177940019217594,-72.00539443539948,871964.20,324189.43,101754
2618257d-14b2-6170-797a-2aad4242fa1a,2000-04-27,,999-16-2589,S99951520,X28334872X,Ms.,Antonia30,,Abreu185,,,,black,hispanic,F,Santiago  Santiago Province  CL,610 Oberbrunner Union Apt 20,Chicopee,Massachusetts,Hampden County,25013,01022,42.137854962561065,-72.61546612576963,113581.22,216711.69,37116
015c2b27-14f4-09b4-b743-2bb35dd46b01,1979-11-21,,999-37-6902,S99972603,X01490441X,Ms.,Dorian295,Madeleine482,Stehr398,,,S,white,nonhispanic,F,Stoneham  Massachusetts  US,481 Runolfsson Trace,Fairhaven,Massachusetts,Bristol County,,00000,41.63565428943212,-70.84443320256246,487142.57,505488.03,52336
2bf7cf4d-4525-c73f-bb23-cf6ee38a0064,2009-05-28,,999-99-4637,S99921145,,,Guillermo498,Jason347,Altenwerth646,,,,white,nonhispanic,M,Taunton  Massachusetts  US,382 Legros Crossroad Unit 59,Palmer,Massachusetts,Hampden County,25013,01080,42.141909676982344,-72.26176754019262,85151.30,562131.92,52837
5660c9da-48b1-20bb-4a35-0dad9b31d233,2001-09-24,,999-78-3958,S99975921,X93323092X,Mr.,Shaun461,Wiley422,Bashirian201,,,,white,nonhispanic,M,Boston  Massachusetts  US,699 McClure Ranch Suite 2,Taunton,Massachusetts,Bristol County,25005,02767,41.870283719864474,-71.12210022575717,120261.32,0.00,53348
ca79fedb-6ef3-504e-66b3-14806ba48399,1968-10-04,,999-22-1710,S99980425,X74731425X,Mr.,Troy560,Chung121,Walker122,,,M,white,nonhispanic,M,Salem  Massachusetts  US,707 Rau Walk,Monson Center,Massachusetts,Hampden County,,00000,42.06292458196157,-72.33894484477237,10909.00,167515.06,10166
06409b1a-18f9-ee86-6831-14bba796e690,1969-08-20,,999-24-7158,S99989922,X25508010X,Mr.,Elisha578,,Marks830,,,D,white,nonhispanic,M,Greenfield  Massachusetts  US,637 Batz Extension,Methuen,Massachusetts,Essex County,25009,01844,42.70635357150111,-71.20118061433485,169574.73,25524.08,984560
b56a7195-c1db-3610-d8bb-c292f5bfd04f,1972-10-16,,999-15-9304,S99995354,X94402827X,Mr.,Kelley882,Will178,Swaniawski813,,,M,white,nonhispanic,M,Grafton  Massachusetts  US,208 Willms Overpass Unit 62,Middleborough Center,Massachusetts,Plymouth County,,00000,41.90831039724956,-70.9411768736452,188058.92,23378.28,118175
de869186-8b3a-7093-b1b4-c689ed71ea34,1981-01-11,,999-71-9249,S99967943,X96736533X,Mr.,Milo271,,Welch179,,,S,white,nonhispanic,M,Boston  Massachusetts  US,221 Mohr Center,Salisbury,Massachusetts,Essex County,25009,01952,42.80648430936387,-70.8589038998359,79306.54,665737.33,406641
73bd557d-6ab9-ddf0-2c98-e53203cab0fa,1950-04-28,,999-99-7697,S99923978,X11085994X,Mrs.,Yolanda648,,Reyes140,,Torres807,M,white,hispanic,F,Bayamon  Puerto Rico  PR,418 Grimes Lock,South Yarmouth,Massachusetts,Barnstable County,25001,02664,41.67512559081847,-70.23413838742725,361415.82,879712.71,175208
40449733-005d-6129-83be-6961f91cdea4,1977-04-28,,999-50-3650,S99940782,X38911759X,Mr.,Gustavo235,Federico589,Gurule738,,,M,white,hispanic,M,Bayamon  Puerto Rico  PR,904 Price Divide,Westfield,Massachusetts,Hampden County,25013,01086,42.12628564146431,-72.74176702277026,167933.67,36835.53,39549
51c3e726-5a30-ae66-2fa8-c6b628351cfd,2000-02-14,,999-61-2346,S99943415,X85449939X,Ms.,Marvis190,Nikia872,Schumm995,,,,white,nonhispanic,F,Marshfield  Massachusetts  US,446 Sanford Underpass,Westwood,Massachusetts,Norfolk County,,00000,42.171637003177906,-71.20236853632282,104269.35,57012.57,771089
dc26b35c-44d8-0bca-59d7-395c669593a3,1953-08-02,2025-04-21,999-10-7052,S99933536,X30522501X,Mr.,Armando772,Jesús825,Tórrez28,,,M,white,hispanic,M,Caracas  Capital District  VE,105 Keeling Club Suite 59,Middleton,Massachusetts,Essex County,,00000,42.63974749308472,-71.01254299649887,99653.08,278089.60,180905
08847379-f7f5-0522-0d70-ea20b37f71cf,1958-10-01,,999-74-7000,S99967628,X72361158X,Mr.,Wesley533,,Dooley940,,,D,black,nonhispanic,M,Fall River  Massachusetts  US,979 Gutmann Pathway Unit 76,Chelmsford,Massachusetts,Middlesex County,,00000,42.60631980561567,-71.41719199835862,210889.71,140643.96,194725
abfd5306-d516-62f2-c277-1cfaf5d42b5f,1958-03-04,2018-10-15,999-94-2156,S99970654,X33595660X,Mr.,Demarcus108,Luis923,Boyer713,,,M,asian,hispanic,M,Braintree  Massachusetts  US,518 Zboncak Union Unit 31,Boston,Massachusetts,Suffolk County,25025,02109,42.31098895168562,-71.04948125954934,10921.32,277278.95,17048
e4ab07ea-75e1-1c1c-5996-2881345e23c3,2022-12-05,,999-75-3784,,,,Marc757,Randall756,Weissnat378,,,,white,nonhispanic,M,Fall River  Massachusetts  US,898 Towne Drive Apt 10,Saugus,Massachusetts,Essex County,25009,01906,42.47365163269999,-70.98467229821128,10401.55,0.00,71295
9cebeb85-dd03-7aef-9028-01fd4361a659,2006-05-20,,999-91-4338,S99986428,X82449569X,Mr.,Chance908,,Luettgen772,,,,white,hispanic,M,Methuen  Massachusetts  US,246 Wiza Byway,Fall River,Massachusetts,Bristol County,25005,02721,41.61912044463526,-71.0153152855813,48063.43,28304.15,39637
dd40cb66-022a-1369-71a2-7b6269dcebea,2002-07-13,,999-47-1980,S99965116,X05737805X,Mr.,Cristobal567,Gilberto712,Tórrez28,,,,white,hispanic,M,Carolina  Puerto Rico  PR,584 Eichmann Park Apt 93,Rehoboth,Massachusetts,Bristol County,,00000,41.820663224001144,-71.26465844703911,72987.12,23278.04,49657
f722409c-ef72-4a90-13e0-69455a2c2527,1957-09-24,,999-61-1501,S99920283,X41580867X,Mrs.,Mazie442,Irmgard696,Larkin917,JD,Feest103,M,white,nonhispanic,F,Leominster  Massachusetts  US,769 Harris Well Apt 55,Malden,Massachusetts,Middlesex County,25017,02155,42.38829908711546,-71.07854773214856,395276.34,1192903.50,880493
14be0cc6-9ae6-9a26-74ec-4b772ba7ad49,1968-02-14,2023-04-30,999-60-6716,S99950260,X44013091X,Ms.,Liberty95,Juliet585,Casper496,,,S,black,nonhispanic,F,Boston  Massachusetts  US,838 Jacobi Neck,Cohasset,Massachusetts,Norfolk County,,00000,42.307696543923136,-70.80443010248993,132731.39,1005870.53,303979
dbc4e1ec-b677-e85c-2d55-a79ef35c5dd0,2003-03-09,,999-42-1554,S99950952,X81953372X,Ms.,Taina903,Regena252,Mann644,,,,white,nonhispanic,F,Plymouth  Massachusetts  US,243 Schamberger Hollow Unit 13,South Amherst,Massachusetts,Hampshire County,,00000,42.30791269828278,-72.51320775542563,98162.08,405559.78,93801
e8a47671-607b-d61a-71a8-032947337e3b,1957-07-25,,999-32-1657,S99914979,X25789054X,Mr.,Dewey930,Roman389,Larkin917,,,M,white,nonhispanic,M,Boston  Massachusetts  US,119 Lueilwitz Path Suite 17,Merrimac,Massachusetts,Essex County,,00000,42.81765292116103,-71.00879900780362,144323.88,96844.79,84654
d2ce18cd-1b5d-5919-6ff5-fa69d3510dd6,1987-05-20,,999-53-7045,S99991075,X21455668X,Mr.,Milo271,Erich201,Rice937,,,M,asian,nonhispanic,M,Shanghai  Shanghai Municipality  CN,749 Schumm Wall Unit 28,Barre,Massachusetts,Worcester County,25027,01005,42.464935428147975,-72.07620500217214,134574.53,43840.95,128184
64aaa6bb-c4b1-d152-b051-fce82e7c3065,1956-09-18,,999-58-6477,S99916353,X56866308X,Mr.,Mitchell808,Brendon298,Yost751,,,S,white,nonhispanic,M,Lexington  Massachusetts  US,874 Rogahn Heights Unit 44,Shutesbury,Massachusetts,Franklin County,,00000,42.411636591494045,-72.41526963642477,93939.47,283674.89,77049
af01a6bd-226c-8d92-046d-7765157b9dfe,1965-04-24,,999-37-7333,S99910904,X84696286X,Mr.,Rupert654,Irving123,Ryan260,,,S,white,nonhispanic,M,North Attleborough  Massachusetts  US,366 Powlowski Vista Apt 93,Wellesley,Massachusetts,Norfolk County,25021,02457,42.31704137385431,-71.32142817137523,144689.36,100236.15,92744
a1438f12-9f0a-aa01-0b2e-f72506b69caf,1999-07-30,,999-10-2468,S99978701,X03428810X,Ms.,Cecilia788,Lourdes258,Figueroa648,,,,white,hispanic,F,Ponce  Puerto Rico  PR,1012 Nicolas Heights,Lynn,Massachusetts,Essex County,25009,01902,42.49755240979123,-70.99012672091305,191328.69,1974.71,74824
83e6fe2b-968e-fad9-6ba6-8d1973e8c35c,1996-07-29,,999-16-9240,S99929828,X99744097X,Mr.,German382,Alec433,Haag279,,,M,white,nonhispanic,M,Springfield  Massachusetts  US,990 Mosciski Terrace,Medfield,Massachusetts,Norfolk County,25021,02052,42.16750236441703,-71.30265430481708,38378.65,32891.70,503564
a831fca2-2d56-49a6-92da-6cccc0fbbbdb,1959-07-04,,999-13-7171,S99936391,X58117728X,Mrs.,Carita426,Clotilde434,Roob72,,Douglas31,D,white,nonhispanic,F,Dighton  Massachusetts  US,582 Rath Drive Unit 45,Randolph,Massachusetts,Norfolk County,25021,02368,42.149824912468425,-71.06044560459176,541903.99,22191.24,65869
fc5ce8bc-cd7a-36c2-ce83-a234486ec196,2009-06-23,,999-38-9826,S99950626,,,Chau65,Chassidy418,Vandervort697,,,,white,nonhispanic,F,Attleboro  Massachusetts  US,377 Kreiger Haven Suite 30,Pembroke,Massachusetts,Plymouth County,,00000,42.03087131755189,-70.79388925617107,41064.99,9399.93,84336
f1110bb2-ebe1-6337-43b2-b6428af48982,1958-03-04,,999-29-3499,S99958633,X59946968X,Mr.,Rickey821,Darren774,Toy286,,,D,asian,hispanic,M,Boston  Massachusetts  US,177 Friesen View Apt 81,Boston,Massachusetts,Suffolk County,25025,02215,42.36075351527217,-71.09699146324544,12713.85,314683.58,17048
8beab53f-5bf5-79cd-8e05-b2e9af2dc07c,1982-08-31,,999-53-1142,S99987411,X86800347X,Mr.,Lucius907,Booker670,Becker968,,,M,white,nonhispanic,M,Quincy  Massachusetts  US,284 Pacocha Park Unit 21,Lynn,Massachusetts,Essex County,25009,01907,42.46806550546946,-71.0110460108874,114026.45,0.00,70437
048b6df0-ee64-d212-e52c-5f0ce5d7c264,1965-10-06,,999-98-8815,S99953288,X56787921X,Mrs.,Toi270,Oralee226,Hessel84,,Welch179,D,white,nonhispanic,F,Boston  Massachusetts  US,930 Lubowitz Common Apt 98,Boston,Massachusetts,Suffolk County,25025,02130,42.25175329707726,-71.09048917335264,356371.68,478738.07,247215
f265de30-c003-7769-4c3c-fb8674adb470,1968-02-14,,999-12-5704,S99954181,X94013545X,Ms.,Jennine355,Marhta321,Bartoletti50,,,S,black,nonhispanic,F,Woburn  Massachusetts  US,773 Abbott Spur Apt 73,Cohasset,Massachusetts,Norfolk County,,00000,42.21859159367671,-70.82552585969435,357260.10,253905.34,303979
2b6eaca1-f04d-b569-e312-1d96be029316,1974-12-28,,999-13-3766,S99930973,X11581835X,Ms.,Kasandra729,,Adams676,,,S,white,nonhispanic,F,Springfield  Massachusetts  US,429 Fay Arcade Suite 38,Braintree,Massachusetts,Norfolk County,25021,02184,42.23508627844022,-70.97078297472997,280440.37,496598.44,170164
f99b1327-4066-662d-3915-4620009a7899,2012-02-16,,999-26-2018,,,,Miquel905,Hai304,Nader710,,,,white,nonhispanic,M,Tewksbury  Massachusetts  US,1069 Fritsch Lock,East Brookfield,Massachusetts,Worcester County,25027,01515,42.19602013484326,-72.0687852909686,23914.37,15948.48,56568
5a6e8c07-f14c-f76c-e361-51f64c44a58e,2024-06-26,,999-48-2468,,,,Rosena550,Carrie738,Lebsack687,,,,white,nonhispanic,F,Plymouth  Massachusetts  US,592 Ebert View,Methuen,Massachusetts,Essex County,25009,01841,42.67125349431596,-71.18557128833208,300.00,6672.16,31299
a33c04f0-4206-de29-57a9-a31ad44c0f4e,1953-08-02,2022-06-02,999-70-1410,S99939611,X07453483X,Mr.,Hernán834,Bernardo699,Montaño969,,,D,white,hispanic,M,Mexico City  Mexico City  MX,396 Lubowitz Annex Unit 57,Middleton,Massachusetts,Essex County,,00000,42.570764298463764,-71.00847394751713,62347.18,787225.15,180905
b9d5702d-097e-41a9-16b7-074517ff8824,2011-06-25,,999-83-3890,,,,Berry486,Michiko564,Kilback373,,,,white,nonhispanic,F,Shirley  Massachusetts  US,510 Powlowski Bypass Unit 57,Revere,Massachusetts,Suffolk County,25025,02151,42.45849984766659,-71.02180106159696,26492.21,707.33,72886
9cc5b859-5280-5127-a6e7-cdfdbb9707ce,1974-12-08,,999-20-8671,S99964152,X26622774X,Mr.,Stephen891,Tommie457,Ebert178,,,D,white,hispanic,M,Canton  Massachusetts  US,526 Ankunding Street Suite 56,Boston,Massachusetts,Suffolk County,25025,02129,42.373492545928045,-71.00989295808625,116040.76,0.00,75806
e098f6d9-0e6c-44f2-e53c-a8b6de16516b,1986-11-26,,999-83-3464,S99916774,X29499960X,Mrs.,Kathrin605,Christen366,Hamill307,,Stiedemann542,M,asian,nonhispanic,F,Melrose  Massachusetts  US,1084 Fadel Brook Unit 70,Wellesley,Massachusetts,Norfolk County,25021,02457,42.29125490721358,-71.28859947174561,198879.29,512985.32,45205
9ca107aa-f0e9-3259-4f4f-d0615e1de0ca,1962-08-06,,999-92-9717,S99950661,X13444569X,Mrs.,Cecily421,Evelia928,Konopelski743,,Oberbrunner298,D,white,nonhispanic,F,Watertown  Massachusetts  US,954 Muller Boulevard Unit 58,Pembroke,Massachusetts,Plymouth County,,00000,42.02282628481029,-70.84921401419042,245659.00,878856.75,140890
62f7a76b-1b4c-77b9-4302-806bcdcc1a7a,1952-05-23,,999-61-8216,S99988117,X09690447X,Mrs.,Natashia109,Danyel335,Dooley940,,Kiehn525,M,white,nonhispanic,F,Lynn  Massachusetts  US,479 Crist Ramp Unit 7,Dighton,Massachusetts,Bristol County,,00000,41.803666131149015,-71.18875947827243,69800.38,1103890.62,104958
a87f1ad4-e945-0383-4995-7d40a6939849,1974-01-19,,999-73-2246,S99987985,X02686305X,Mrs.,Briana139,Mattie544,Runolfsson901,,Schiller186,M,white,nonhispanic,F,Brockton  Massachusetts  US,852 Zemlak Bridge Apt 69,Chelsea,Massachusetts,Suffolk County,25025,02151,42.4430374188751,-71.00829008812075,809399.77,203295.44,71668
e449917d-c05d-110c-34af-c01622e55829,2014-05-23,,999-36-3305,,,,Rigoberto443,,Schiller186,,,,white,nonhispanic,M,Quincy  Massachusetts  US,959 Gislason Rapid,Amherst Center,Massachusetts,Hampshire County,,00000,42.40132961658251,-72.56710975547124,36727.67,324.52,153051
fe6ce957-f39d-450c-e576-84c2172b8699,2015-06-18,,999-15-7674,,,,Ambrose149,,Turcotte120,,,,black,nonhispanic,M,Gloucester  Massachusetts  US,424 Dare Street Suite 77,New Bedford,Massachusetts,Bristol County,25005,02747,41.65484964553043,-70.98593978355288,27377.60,0.00,40922
8d9bde5b-315e-e3b7-63ee-c643c2cd0767,1975-08-11,,999-62-7985,S99922828,X58195103X,Mr.,Zachariah133,Rubin812,Bednar518,,,M,white,nonhispanic,M,Agawam  Massachusetts  US,216 Brakus Lane Unit 84,Wellesley,Massachusetts,Norfolk County,25021,02492,42.31054707494022,-71.2673806091323,118419.02,666633.31,371118
957d1271-a6a8-e377-6ff8-4029d4a8a0bc,1939-04-01,2020-10-09,999-97-6505,S99912213,X56067371X,Mr.,Vaughn909,Marc757,Ryan260,,,S,white,nonhispanic,M,Blackstone  Massachusetts  US,1064 Adams Dale Suite 95,Pembroke,Massachusetts,Plymouth County,,00000,42.033866787022006,-70.82578328875714,157184.21,142924.23,126825
542347da-4198-5511-fb2b-aea32c86442d,1964-04-30,,999-88-8458,S99940689,X54785098X,Mr.,Jude172,Alton320,Walsh511,,,M,white,nonhispanic,M,Barnstable  Massachusetts  US,487 Eichmann Trailer Suite 34,Whitman,Massachusetts,Plymouth County,,00000,42.07819864168335,-70.97317325700428,177067.27,67532.16,45441
70f36e6f-ce70-7ba2-31bd-70c86a87c55d,2013-06-05,,999-30-9074,,,,Norman647,Rodrick370,Mohr916,,,,white,nonhispanic,M,Athol  Massachusetts  US,748 Hayes Fork,Shrewsbury,Massachusetts,Worcester County,,00000,42.28692286546775,-71.74365863934686,25392.02,14512.69,32978
71341054-6c43-697d-ef0b-f56291142d3a,1996-08-26,,999-48-2409,S99999050,X95553114X,Mrs.,Daniela614,Graciela518,Ulloa39,,Castillo397,M,black,hispanic,F,Puebla  Puebla  MX,850 Strosin Esplanade,Boxford,Massachusetts,Essex County,25009,01921,42.68548293813657,-71.0633041960256,134269.40,277467.96,299472
057668cd-5d0d-f3fc-d9fe-cc9431a81935,1992-02-28,,999-45-4906,S99961800,X41400944X,Mrs.,Regina408,Lettie611,Mann644,,Mueller846,M,black,nonhispanic,F,Malden  Massachusetts  US,344 Ledner Parade,Boston,Massachusetts,Suffolk County,25025,02118,42.393037199386846,-71.1023336042826,7685.10,137893.06,17631
2b74707d-99f5-993c-7950-8219b5636eed,1986-04-02,,999-98-6931,S99957400,X15467819X,Mrs.,Lakita48,Liza900,Macejkovic424,,Murray856,M,asian,nonhispanic,F,Berlin  Massachusetts  US,180 Pagac Promenade Unit 39,Shirley,Massachusetts,Middlesex County,25017,01464,42.615379945350135,-71.62664577266582,198419.11,686557.52,68941
e1c78e74-13b2-3022-bae1-70f78a391072,1999-06-13,,999-41-6776,S99932040,X53991422X,Ms.,Lelah386,,Trantow673,,,,white,nonhispanic,F,Chicopee  Massachusetts  US,886 Haley Haven,Weymouth,Massachusetts,Norfolk County,25021,02191,42.20078389691022,-70.93073127137308,116902.79,398749.33,48006
81ddbc06-ee8d-ece2-9476-531c9e683c52,2007-03-23,,999-88-8868,S99999879,,Ms.,Epifania219,Ines699,Schultz619,,,,white,nonhispanic,F,Wellesley  Massachusetts  US,219 Grimes Lodge Apt 40,Springfield,Massachusetts,Hampden County,25013,01129,42.09421698615906,-72.51714684962114,40597.00,21879.88,29880
c4c420f1-d526-84d5-2d83-03bf67181415,2015-07-22,,999-13-3666,,,,Bill567,Cecil300,Kub800,,,,white,hispanic,M,Boston  Massachusetts  US,1041 Kozey Track,Attleboro,Massachusetts,Bristol County,44007,02861,41.92326939137432,-71.31405293787977,11454.06,11526.47,27269
37e19776-5156-4058-de47-f3907131a73f,1986-12-05,,999-98-5157,S99914525,X75467246X,Mr.,Dewayne363,Rocco842,Glover433,,,M,white,nonhispanic,M,South Hadley  Massachusetts  US,839 Goodwin Vista Suite 74,Boston,Massachusetts,Suffolk County,25025,02203,42.36634952973305,-71.07467603346457,120922.28,10819.09,35904
0837de78-b5be-00b6-9811-e06dff1ad83a,1993-05-08,,999-32-3740,S99996229,X58114124X,Mr.,Morton637,Chi716,Johns824,,,M,white,nonhispanic,M,Wareham  Massachusetts  US,1008 Green Trafficway,Fall River,Massachusetts,Bristol County,25005,02747,41.6990775094976,-71.1732265879421,116484.25,572892.31,45827
5a2c2935-8838-7296-5074-6628c8a86087,2001-09-21,,999-19-8127,S99923225,X27146577X,Ms.,Patria17,Lakisha305,Dickens475,,,,black,hispanic,F,Medford  Massachusetts  US,234 Kuhic Neck Suite 43,Ashland,Massachusetts,Middlesex County,,00000,42.24399220509132,-71.4834855821376,59048.64,281017.05,889438
a1d74b93-cdda-6ccb-1199-969a11902c4a,2001-09-03,,999-74-8167,S99985677,X52488259X,Mr.,Dale454,Arnold338,Greenholt190,,,,white,nonhispanic,M,Wareham  Massachusetts  US,815 Haag Forge,Lawrence,Massachusetts,Essex County,25009,01841,42.73465799993333,-71.11169547973442,55727.77,12718.64,32354
d0547c1d-786a-a3fb-1621-172976d48af0,1978-06-15,,999-18-7947,S99956340,X57116272X,Mr.,Noel608,,Heller342,,,S,white,hispanic,M,Brockton  Massachusetts  US,758 Morar Loaf,Holden,Massachusetts,Worcester County,,00000,42.38292918281949,-71.88069527382169,97980.82,21180.90,198450
005dcab8-0a10-a0f9-e926-b1ac1d0217e4,1969-04-16,,999-24-4878,S99967679,X03095442X,Mrs.,Tabatha105,Dung738,Feil794,,Trantow673,D,white,nonhispanic,F,Newton  Massachusetts  US,582 Gorczany Gardens,Walpole,Massachusetts,Norfolk County,25021,02081,42.120156288367994,-71.29238866023513,189754.37,402186.49,148701
e1efd8ba-2c00-9cdd-cf3d-22db18be8355,2017-06-18,,999-82-1759,,,,Kristy290,Thanh759,Jerde200,,,,asian,nonhispanic,F,Shanghai  Shanghai Municipality  CN,694 Fritsch Boulevard,Wrentham,Massachusetts,Norfolk County,,00000,42.05401301266732,-71.34753695518047,32767.27,39.97,123272
dc8b5851-6317-35d4-5aad-8b4852874b94,1972-09-02,,999-16-5080,S99912454,X29281400X,Mrs.,Demetrice140,Shara355,Hand679,,Schuppe920,M,white,hispanic,F,Wilmington  Massachusetts  US,114 Kassulke Gateway Apt 51,Danvers,Massachusetts,Essex County,25009,01937,42.544272940943316,-70.9658990027437,551969.44,205270.62,65443
a9a9d0fc-9df3-1d7e-0dde-3568e38e7329,1974-04-17,,999-13-4217,S99923750,X41087917X,Mr.,Juan88,Raúl937,Saldaña5,,,M,white,hispanic,M,Santiago de los Caballeros  Santiago  DO,522 Hills Parade Unit 5,North Attleborough,Massachusetts,Bristol County,,00000,41.94755920121932,-71.3370006326546,93036.96,31137.90,82170
4316fa5e-922a-0448-b091-d37aa73063ca,1974-12-23,,999-40-6034,S99940907,X76688812X,Mr.,Buster609,Kevin729,Kohler843,,,M,white,nonhispanic,M,Southwick  Massachusetts  US,911 Kassulke Fort Unit 59,Somerset,Massachusetts,Bristol County,25005,02726,41.75801857315289,-71.10624684795566,121126.44,20408.27,145834
de3c9bb0-4763-a3b3-53cf-eb1e5f3e2fa3,1994-09-06,,999-27-9393,S99994469,X20470164X,Mrs.,Ethyl508,,Schmidt332,,Yundt842,M,white,nonhispanic,F,Boston  Massachusetts  US,258 Hahn Way,Peabody,Massachusetts,Essex County,25009,01960,42.556031011409694,-70.93803345782179,9203.10,453030.74,2942
a85a7d7d-a0b9-ced8-4f45-f9cc7e5968da,1951-07-13,,999-29-8488,S99976470,X64836180X,Ms.,Mayte822,Alejandra902,Escobar593,,,S,white,hispanic,F,San Salvador  El Salvador  SV,665 Bahringer Wynd,Lynn,Massachusetts,Essex County,25009,01901,42.473890362882464,-70.97653573925835,938643.90,296289.74,52261
e0bb9650-efd6-658d-b19c-185ea1435a3c,2021-05-20,,999-10-8934,,,,Woodrow571,Brendon298,Kautzer186,,,,white,nonhispanic,M,Melrose  Massachusetts  US,400 Rowe Heights,Auburn,Massachusetts,Worcester County,,00000,42.196340047480824,-71.89383694235053,18972.42,6221.30,106501
e794472c-92bb-b1ad-2d68-cdd0090b4fe6,1984-10-22,,999-29-1218,S99968107,X13901679X,Mrs.,Eddie505,Eboni653,Lind531,,Braun514,D,white,hispanic,F,Easton  Massachusetts  US,221 Wiza Stravenue Apt 41,Easthampton,Massachusetts,Hampshire County,25015,01027,42.28006214790589,-72.66264787259776,14099.33,622587.59,20561
c3182902-c118-0dec-1c0d-4b2225d76354,1939-04-01,,999-35-8287,S99990287,X06228360X,Mr.,Osvaldo336,Reynaldo722,Koch169,,,M,white,nonhispanic,M,Springfield  Massachusetts  US,896 Raynor Grove,Pembroke,Massachusetts,Plymouth County,,00000,42.10599441095873,-70.82417865343996,177503.37,203873.97,126825
4785cc87-c55c-364f-162b-ce1093237746,1981-04-08,,999-86-1444,S99968285,X69920195X,Mr.,Chet188,Freeman822,Nikolaus26,,,M,white,nonhispanic,M,Beverly  Massachusetts  US,375 Hessel Green,Worcester,Massachusetts,Worcester County,25027,01607,42.22761337998112,-71.76328921092838,105681.79,5091.28,145479
892bd3e5-60fa-e275-af7a-52ac399bf4ad,2002-01-16,,999-34-3921,S99949449,X81960231X,Ms.,Karri995,,Jacobs452,,,,asian,nonhispanic,F,Milford  Massachusetts  US,1085 Schmidt Stravenue Unit 62,Marlborough,Massachusetts,Middlesex County,25017,01752,42.365676023737855,-71.54428184847087,80683.42,152265.60,484360
de0c8c1b-dbe0-c636-cf4e-016766d75766,1957-04-28,,999-45-5097,S99926781,X23038414X,Mr.,Demarcus108,,Terry864,,,M,white,hispanic,M,Somerville  Massachusetts  US,1080 Ullrich Camp Suite 13,Agawam,Massachusetts,Hampden County,25013,01030,42.09009300366846,-72.6731236611858,221243.49,13502.85,44005
0d7f2fdc-5814-13d2-6b43-edf51eb830fd,1990-06-28,,999-13-7461,S99935623,X28333722X,Mr.,Armand155,Stewart672,Purdy2,,,M,white,nonhispanic,M,Brockton  Massachusetts  US,351 Bernier Brook Suite 81,Boston,Massachusetts,Suffolk County,25025,02135,42.324403918932305,-71.06549708614536,110630.13,74614.89,98524
d116a6b4-345d-4a55-d384-3d62ea37be12,1987-06-27,,999-28-5772,S99957433,X42603957X,Mr.,Graig740,Ira784,Casper496,,,M,white,nonhispanic,M,Clinton  Massachusetts  US,379 Frami Crossroad Unit 75,Methuen,Massachusetts,Essex County,25009,01841,42.69680138559144,-71.19939576526953,381530.66,376841.59,86649
edcf2d05-c757-bb64-0ddb-0794b68f044e,1975-10-05,,999-90-7521,S99994351,X32259634X,Mr.,Chong355,,Gerlach374,,,S,asian,nonhispanic,M,Springfield  Massachusetts  US,377 Bergnaum Arcade,Foxborough,Massachusetts,Norfolk County,25021,02035,42.0137782509249,-71.27463480502992,88394.85,10476.34,357083
5c004796-7cb8-04a3-ce37-089be3ad4179,1954-08-27,,999-92-3706,S99961185,X50804142X,Mr.,Korey682,Chauncey770,Kirlin939,,,M,black,nonhispanic,M,Everett  Massachusetts  US,232 Cormier Harbor Unit 94,New Bedford,Massachusetts,Bristol County,25005,02748,41.63585916491212,-70.94799764468561,586162.08,369320.10,102804
97a0ee2a-8767-a566-c357-22f1df75e66b,1962-04-03,,999-26-1859,S99921329,X51443622X,Mr.,Donovan745,Dylan44,Lind531,,,S,asian,nonhispanic,M,Haiphong  Kiến An  VN,789 Reinger Terrace Apt 86,Billerica,Massachusetts,Middlesex County,,00000,42.525885809329345,-71.24000293078488,225561.83,72825.06,65896
ca9fc6e8-22fb-e118-bae4-07746c26b9f2,1996-08-21,,999-89-2644,S99926875,X38210601X,Ms.,Aurelia213,Victoria535,Dickens475,,,S,white,nonhispanic,F,Norwood  Massachusetts  US,895 Kunde Run,Cheshire,Massachusetts,Berkshire County,25003,01225,42.61200144770993,-73.16160839115945,10500.70,418421.19,21026
b6e10cab-8134-fdac-28d3-a6e1f003c304,1979-06-27,,999-90-3897,S99957926,X87527595X,Mr.,Weston546,Donald774,Lindgren255,,,S,white,nonhispanic,M,Quincy  Massachusetts  US,382 Bayer Ranch,Middleborough,Massachusetts,Plymouth County,,00000,41.88351435209269,-70.8864949954822,104956.10,18952.29,45262
e6fedc64-c8ff-221e-c0ee-2b1afdb4f470,2018-09-06,,999-26-6640,,,,Clara183,Antonia30,Reyes140,,,,white,hispanic,F,Gaudalajara  Jalisco  MX,302 Purdy Flat,Burlington,Massachusetts,Middlesex County,25017,01803,42.53599450102177,-71.28861701141888,5341.01,7323.39,31899
f9f1125f-0f5b-e8b2-b4ce-b581e4c672c9,1988-11-10,,999-68-9430,S99915464,X27544019X,Mr.,Raleigh478,Rodrick370,Klein929,,,S,white,nonhispanic,M,Sudbury  Massachusetts  US,502 Reichel Park Apt 78,Lynn,Massachusetts,Essex County,25009,01905,42.494420315404305,-70.9726753587426,8080.77,93009.14,15296
16dfc252-6d0f-b1d4-6e5d-213ee4695824,1953-08-02,,999-31-7284,S99943317,X48423931X,Mr.,Tomás404,,Bustamante966,,,M,white,hispanic,M,Port-au-Prince  Haiti  HT,673 Windler Trail,Middleton,Massachusetts,Essex County,,00000,42.58801460948484,-71.00639828086247,116031.12,291119.84,180905
0255a8e6-94e4-7140-ad0e-12116bd69a34,1979-02-09,,999-70-5371,S99910741,X70768534X,Mrs.,Nathalie366,Stacia109,Russel238,,Wilkinson796,M,white,nonhispanic,F,Malden  Massachusetts  US,762 Cummings Crossing,Newton,Massachusetts,Middlesex County,25017,02460,42.409858995591094,-71.21046319604018,740154.73,81069.06,99848
15aef849-9861-50a9-054c-d63b47270a62,1956-12-08,,999-74-7199,S99997963,X20210617X,Mrs.,Carmina141,,Schaefer657,,Murphy561,M,white,nonhispanic,F,Webster  Massachusetts  US,196 Haag Ranch,Fall River,Massachusetts,Bristol County,25005,02747,41.70242916981366,-71.1342990560553,13990.63,417063.47,3775
5d3c802e-d9b3-5a71-f9cb-8b593e31022c,1956-11-02,2008-10-16,999-30-7109,S99982515,X73257148X,Mr.,Edmundo94,,Rolfson709,,,M,white,nonhispanic,M,Braintree  Massachusetts  US,989 Runolfsson Plaza,Framingham,Massachusetts,Middlesex County,25017,01702,42.2762676588655,-71.45995409239829,109022.50,101832.68,391857
ec5ca5ac-b22d-9850-86d8-1fac32b786d5,1965-07-03,,999-59-6094,S99943067,X62581391X,Mrs.,Meagan221,Kesha802,O'Hara248,,Johnston597,M,white,nonhispanic,F,East Harwich  Massachusetts  US,696 Cormier Club Suite 50,Ashland,Massachusetts,Middlesex County,,00000,42.23711086897105,-71.43434418883609,111546.62,944597.86,141259
875507d2-a904-a2b6-d3e1-24b9c8cd2d31,1950-09-30,,999-51-1697,S99997482,X16079494X,Mr.,Orval846,Nigel915,Schmitt836,,,S,asian,nonhispanic,M,Seoul  Seoul  KR,785 Auer Heights,North Reading,Massachusetts,Middlesex County,,00000,42.55937942955999,-71.10354409399903,153101.77,88180.75,98691
4a1c20ef-d3ab-bee3-2e24-f42fa3e87b8e,2002-12-10,,999-70-9354,S99961773,X31475500X,Ms.,Edith654,Leatha675,Spencer878,,,,white,nonhispanic,F,Essex  Massachusetts  US,243 Sipes Brook Apt 76,Southborough,Massachusetts,Worcester County,,00000,42.34199859796705,-71.56820391158614,100315.00,142006.87,810698
a38283cf-6e8b-9675-fc8c-613c9bb51e02,1960-06-07,2011-06-10,999-23-9997,S99993722,X79714828X,Mr.,Jerrod232,Winfred745,Hettinger594,,,M,white,nonhispanic,M,Methuen  Massachusetts  US,341 Haley Trailer Unit 56,Lawrence,Massachusetts,Essex County,25009,01843,42.661142272560326,-71.12774466345127,147778.36,86529.74,27415
bdeebf9c-f5cd-6895-ff29-65ea11e995b8,1954-02-04,,999-84-4441,S99955751,X18458725X,Mr.,Stevie682,,Mayert710,,,M,white,nonhispanic,M,Boston  Massachusetts  US,331 Nader Spur,Lowell,Massachusetts,Middlesex County,25017,01852,42.666051007606114,-71.29046061289253,26072.00,451941.86,796
db9eca32-997a-5e18-fb1d-13bfe92ca533,2004-08-02,,999-63-9143,S99946653,X43834450X,Mr.,Refugio197,Horace32,Ledner144,,,,white,nonhispanic,M,Barre  Massachusetts  US,962 Reilly Bridge Apt 23,Orleans,Massachusetts,Barnstable County,25001,02653,41.7420867739603,-69.96367754681836,3936.61,49752.78,14891
e153e2f7-283a-bdb1-21cc-df4a06eb2bad,1999-01-18,,999-27-2875,S99989847,X86474415X,Ms.,Sally227,Shaunta614,Franecki195,,,,white,nonhispanic,F,Northbridge  Massachusetts  US,507 Larson Extension,Wrentham,Massachusetts,Norfolk County,,00000,42.0804485438358,-71.40564635650412,31723.83,194777.69,26303
c88e8d73-546a-6d95-0e53-0620783a3d9d,1962-04-13,,999-93-6718,S99932253,X56025347X,Mr.,Wayne846,,Quitzon246,,,M,white,nonhispanic,M,Andover  Massachusetts  US,982 Kihn Green,Lowell,Massachusetts,Middlesex County,25017,01852,42.66488445631383,-71.34640423015632,472084.82,356750.76,528
a488ba3d-acaf-1eab-128d-903d22665e56,1994-12-16,2004-05-30,999-60-6178,,,,Dwain139,Monty345,Erdman779,,,,white,nonhispanic,M,Springfield  Massachusetts  US,831 Hane Rue,Nantucket,Massachusetts,Nantucket County,25019,02554,41.324613985618925,-70.11845736814611,21024.70,0.00,44947
c24f1086-7bb4-372e-ec28-0a709d62c891,2021-05-19,,999-95-3273,,,,Buddy254,,Luettgen772,,,,white,nonhispanic,M,Ludlow  Massachusetts  US,466 McLaughlin Key Suite 37,Lowell,Massachusetts,Middlesex County,25017,01854,42.69290366999394,-71.27068760228177,23630.10,0.00,49207
78924ccc-fb4f-6b85-5e91-eac11a166c3d,2007-01-17,,999-40-9618,S99923014,,Ms.,Kristel938,Claribel706,Wisoky380,,,,asian,nonhispanic,F,Plymouth  Massachusetts  US,384 Champlin Branch Suite 68,Waltham,Massachusetts,Middlesex County,25017,02453,42.37081162566714,-71.16380667207855,46578.26,45716.29,58555
f650d6ad-194d-e301-d312-c139cb8963bc,1969-04-02,,999-14-3920,S99915471,X32848455X,Mrs.,Eulalia351,Breann988,Marvin195,,Becker968,M,white,nonhispanic,F,Medway  Massachusetts  US,977 Muller Ville,New Bedford,Massachusetts,Bristol County,25005,02740,41.68722563400504,-70.90745204747994,974631.65,874482.39,43263
1b45d89c-9540-6802-662f-b42ec72ea9ec,1990-04-07,,999-24-5693,S99926849,X36896341X,Mrs.,Mickey576,Rhea34,Runolfsdottir785,,Johns824,M,white,nonhispanic,F,Boston  Massachusetts  US,666 Schowalter Parade Suite 7,Littleton,Massachusetts,Middlesex County,,00000,42.54481281473627,-71.5193536374521,9212.12,540769.39,21534
a99a595b-e934-ba51-55f7-e63f1949525d,1994-12-16,,999-55-9168,S99948752,X02098550X,Mr.,Huey641,Mel236,Towne435,MD,,M,white,nonhispanic,M,Methuen  Massachusetts  US,928 Emmerich Burg,Nantucket,Massachusetts,Nantucket County,25019,02554,41.25194814007871,-70.1109572142989,52837.51,0.00,44947
99bc10b6-d6bc-e9f8-3797-e9abde8d2e76,1961-12-28,,999-80-5092,S99925257,X52361143X,Mrs.,Keila316,Shanelle862,Hodkiewicz467,,Haag279,D,hawaiian,nonhispanic,F,Walpole  Massachusetts  US,994 Durgan Gardens Unit 57,Acton,Massachusetts,Middlesex County,,00000,42.51302641222944,-71.40864556008886,170454.92,1822662.32,81767
766790fa-c923-e399-132a-0ea8cc41fab9,1959-06-07,2021-09-13,999-35-9595,S99995856,X23369844X,Ms.,Caridad510,Berta524,Corrales691,JD,,S,white,hispanic,F,Buenos Aires  Ciudad de Buenos Aires  AR,477 Feeney Track Apt 28,Shrewsbury,Massachusetts,Worcester County,,00000,42.27789136261239,-71.67606172297954,477626.97,2041581.53,145420
7867e4ff-b351-cbb4-8e6c-192fa68dbfd0,1959-12-13,,999-67-7150,S99972815,X82800353X,Mr.,Tom274,Roosevelt595,Jacobson885,,,D,white,nonhispanic,M,Oxford  Massachusetts  US,866 Witting Annex Apt 7,Barnstable,Massachusetts,Barnstable County,25001,02630,41.64675897725725,-70.3710388485458,176885.64,169826.32,55454
5c72b123-efec-0783-b08e-ae0a99951eaf,2008-10-21,,999-71-4618,S99955558,,,Tracy345,Jerold208,Erdman779,,,,white,hispanic,M,The Pinehills  Massachusetts  US,267 Mueller Stravenue Suite 94,Shirley,Massachusetts,Middlesex County,25017,01464,42.60439472875227,-71.6239240401041,76159.95,0.00,76555
10001f4e-7563-c89e-ec3d-4d747e5b2398,1985-03-21,,999-86-6825,S99965902,X04048871X,Mr.,Jess275,Russel238,Hoeger474,,,M,white,nonhispanic,M,Auburn  Massachusetts  US,346 Will Spur Apt 2,Fitchburg,Massachusetts,Worcester County,25027,01420,42.62590918811353,-71.80267871482067,109271.38,126.87,68745
e4233efa-4d26-5455-fc7d-0d564942c0bc,1983-11-30,,999-46-4593,S99946569,X36019712X,Mr.,Jody426,Sidney996,Ziemann98,,,M,black,nonhispanic,M,Woburn  Massachusetts  US,732 Von Ranch Suite 82,Boston,Massachusetts,Suffolk County,25025,02118,42.36874114011492,-71.0394128154928,18422.36,844114.29,12033
76af191a-040a-0e28-d9cd-0fda3221f3e5,1956-11-02,,999-85-4823,S99946692,X92114862X,Mr.,Elroy493,Jordan900,Walker122,,,W,white,nonhispanic,M,Lowell  Massachusetts  US,897 Turcotte Bypass Unit 76,Framingham,Massachusetts,Middlesex County,25017,01701,42.34430363615388,-71.47648719882841,130142.88,723824.08,391857
f7b28725-88a0-a16f-c28b-12a0ff8e009e,2016-10-21,,999-31-4386,,,,Joetta231,Numbers230,VonRueden376,,,,white,nonhispanic,F,Worcester  Massachusetts  US,384 Shields Promenade,Plymouth,Massachusetts,Plymouth County,25023,02360,41.867536243143405,-70.59656849058312,27774.25,0.00,79754
959b857b-cebb-54e1-7325-7ec80ac59a5d,1970-08-27,2018-10-30,999-74-1345,S99933576,X24893441X,Mrs.,Estela596,Maricarmen445,González124,,Meraz691,M,white,hispanic,F,Kingston  Kingston  JM,181 McDermott Grove,Haverhill,Massachusetts,Essex County,25009,01832,42.79971992407347,-71.12631460610146,20170.76,377999.35,149951
3bb897ea-906c-03a8-1c84-400bf8e7a656,1949-12-20,,999-87-3384,S99942249,X86693276X,Mrs.,Milda157,Jude172,Schmitt836,,Abernathy524,M,white,nonhispanic,F,Quincy  Massachusetts  US,1056 Balistreri Manor,Ludlow,Massachusetts,Hampden County,,00000,42.22824073119405,-72.4222573626852,734217.32,413408.60,78875
16d2a1c5-d17e-5f8a-7e5b-4b7a2fc0ee8c,2002-03-31,,999-16-6875,S99975024,X13248372X,Ms.,William805,Manda751,Feil794,,,,white,nonhispanic,F,Everett  Massachusetts  US,989 Crona Neck Apt 34,Chicopee,Massachusetts,Hampden County,25013,01013,42.182973331886885,-72.6180648021355,77044.52,144679.06,59511
255a45e2-1f81-32b3-204d-129d3f33ed6c,1997-12-26,,999-74-8189,S99941108,X75194429X,Ms.,Sindy229,,Kirlin939,,,S,white,nonhispanic,F,Florida  Massachusetts  US,1028 Emmerich Mall,Haverhill,Massachusetts,Essex County,25009,01835,42.78664984096222,-71.07511515625686,127477.65,273104.83,184443
a62488db-be9b-045e-d5de-ef5adb8a0bc6,1985-01-20,,999-76-5708,S99969903,X06440742X,Mrs.,Dusty207,Keturah238,Pfeffer420,,Rice937,M,asian,nonhispanic,F,Cantho  Cần Thơ  VN,201 Medhurst Spur Apt 99,Belmont,Massachusetts,Middlesex County,25017,02478,42.41480839785927,-71.21356238012545,114699.61,270126.12,50366
1b40d237-df91-a7fd-a163-03be6f156fa1,2025-11-05,,999-49-6320,,,,Johnson679,Dewitt635,Windler79,,,,white,nonhispanic,M,Somerville  Massachusetts  US,655 Shields Walk Suite 54,Haverhill,Massachusetts,Essex County,25009,01835,42.79735833673021,-71.1099179362659,3286.28,0.00,76388
a74734c6-0bab-390f-2fde-f9051de40f94,1960-06-07,,999-21-6298,S99947355,X95158813X,Mr.,Lanny564,,Quitzon246,,,M,white,nonhispanic,M,Malden  Massachusetts  US,1027 Towne Brook,Lawrence,Massachusetts,Essex County,25009,01843,42.69069914414796,-71.14584300522624,208337.84,997007.01,27415
ef0c97bc-6721-0c70-f09d-f93af540f6dc,2020-04-24,,999-93-2693,,,,Isaac321,Barton704,Davis923,,,,white,nonhispanic,M,Sterling  Massachusetts  US,241 Hartmann Mill,Worcester,Massachusetts,Worcester County,25027,01605,42.22795873649582,-71.78335295977165,12293.17,3435.06,51887
93876e6e-dbed-e569-b07b-cd7d76adda67,2022-01-24,,999-12-6464,,,,Shawn523,Yan646,Bosco882,,,,white,nonhispanic,F,New Bedford  Massachusetts  US,174 Schuppe Bridge,Waltham,Massachusetts,Middlesex County,25017,02451,42.35944603065007,-71.14467635870949,8406.39,0.00,80465
c97abd62-be6f-2f82-261e-5bab69a88b76,1954-01-21,2007-03-06,999-84-2679,S99941024,X35058954X,Mr.,Glenn0,,Cole117,,,M,hawaiian,nonhispanic,M,Quincy  Massachusetts  US,336 Stiedemann Spur,Lawrence,Massachusetts,Essex County,25009,01843,42.76175263457911,-71.15896363699845,147699.47,203545.90,42023
4eb80bca-7b17-7bd4-e90b-997255b1b7aa,1955-08-16,,999-53-2235,S99971531,X77336323X,Mr.,Stanton715,Elvis145,Feest103,,,M,white,nonhispanic,M,Westfield  Massachusetts  US,916 Schneider Bridge Unit 75,Worcester,Massachusetts,Worcester County,25027,01609,42.334921964907146,-71.73801206615492,159381.51,82208.84,71686
403bfcc1-e503-1f05-6e1d-3146657f4c36,1959-05-02,,999-40-9905,S99944402,X90531879X,Mr.,Andrea7,Homer307,Renner328,,,M,white,nonhispanic,M,Easthampton  Massachusetts  US,852 Terry Meadow Apt 90,Wrentham,Massachusetts,Norfolk County,,00000,42.008503939930236,-71.36157843121778,183510.52,77597.94,444398
1d12e683-1a60-3862-5418-ef3f0bd5788d,2004-03-16,,999-54-2221,S99969961,X08927956X,Ms.,Janyce124,Stacy406,Weber641,,,,white,nonhispanic,F,Brockton  Massachusetts  US,502 Corkery Boulevard Suite 42,Boston,Massachusetts,Suffolk County,25025,02115,42.339295682384744,-71.13616663928656,57178.68,152919.15,118397
82b1111d-b74a-fc57-ac28-511107bd24ac,1971-08-20,1980-11-06,999-64-5915,,,,Robin66,Shawn523,Lockman863,,,,white,nonhispanic,M,Brockton  Massachusetts  US,640 Schaden Corner,Carver,Massachusetts,Plymouth County,,00000,41.86251741981005,-70.75289395921057,25508.34,0.00,52517
e66ea08a-087b-1965-11ac-ea69d09ca5f1,2021-02-21,,999-21-5545,,,,Jules135,Rich940,Bernier607,,,,white,nonhispanic,M,Whitinsville  Massachusetts  US,245 Kassulke Spur,Swampscott,Massachusetts,Essex County,25009,01907,42.42808055655306,-70.8917165718896,17746.28,0.00,908981
d7e42e73-4322-73d4-2b93-4e4f1d68d08b,2019-12-18,,999-18-3597,,,,Myrle831,Anya973,Fadel536,,,,white,nonhispanic,F,Hopkinton  Massachusetts  US,896 McGlynn Trafficway,Worcester,Massachusetts,Worcester County,25027,01545,42.27433557683027,-71.83547143853953,15993.75,5365.12,53344
de1b1fa5-b3e7-b0df-cc65-7cb2c707866f,1970-08-27,,999-52-9844,S99965198,X41362520X,Mrs.,Conchita9,Rocio28,Maldonado119,,Tijerina14,D,white,hispanic,F,Portsmouth  Saint John Parish  DM,325 Klocko Spur,Haverhill,Massachusetts,Essex County,25009,01835,42.81925458711436,-71.09966904227754,340437.44,427681.22,149951
bdd5ad24-67ce-098e-285b-533cdc227e23,1960-07-20,,999-68-8592,S99958711,X18472234X,Mr.,Stuart913,Arlen68,Blick895,,,M,white,nonhispanic,M,Boston  Massachusetts  US,556 Heller Branch Apt 94,Medford,Massachusetts,Middlesex County,25017,02155,42.45298073932018,-71.14790663233389,385171.24,988823.89,64979
c45b47c1-42df-4ff0-7a43-fb21796edbed,1962-10-26,,999-43-2294,S99955757,X40287006X,Mrs.,Amalia471,Petronila724,Kunze215,,Cassin499,M,white,nonhispanic,F,Norton Center  Massachusetts  US,143 Lesch Avenue Suite 13,Concord,Massachusetts,Middlesex County,,00000,42.47119336096913,-71.39858119578214,547861.78,195930.52,51932
94d2253c-b9f7-b7c4-82ee-22a564654d6e,2016-01-06,,999-38-7872,,,,Sheldon401,Angelo118,Pagac496,,,,black,nonhispanic,M,Milford  Massachusetts  US,695 Reynolds Glen,Fall River,Massachusetts,Bristol County,25005,02723,41.7244178261503,-71.11206521112294,2353.10,42490.43,16502
283446f4-da70-25f7-8b8d-e8f7c59d4481,1996-07-16,,999-30-2942,S99992532,X11779120X,Mr.,José3,Roberto515,Bravo546,,,M,white,hispanic,M,Guatemala City  Guatemala  GT,335 Considine Grove,Newton,Massachusetts,Middlesex County,25017,02464,42.34608093697779,-71.22494964481655,5723.13,81236.81,19129
41c619f1-9766-1a79-aaba-b96f560e0ead,2013-08-19,,999-15-6743,,,,Roxann426,,Olson653,,,,white,nonhispanic,F,Marlborough  Massachusetts  US,851 Price Run Apt 92,Lynn,Massachusetts,Essex County,25009,01904,42.43823337266809,-70.90375085721693,2545.86,46005.03,6677
b5504575-cb02-390e-6fd6-8231098857c4,1968-09-13,1970-05-08,999-69-9956,,,,Maryanna659,Ana972,Batz141,,,,black,nonhispanic,F,Lakeville  Massachusetts  US,242 Farrell Light,Boston,Massachusetts,Suffolk County,25025,02199,42.28041397121066,-71.08584106978192,773.87,25685.09,26619
c3184d7b-4cba-bb0e-a5f2-6c00fb95cdf3,1971-08-20,,999-36-6516,S99970041,X54049768X,Mr.,Thad495,Timmy68,Conroy74,,,S,white,nonhispanic,M,Weymouth  Massachusetts  US,864 Torphy Lock,Carver,Massachusetts,Plymouth County,,00000,41.88967734441903,-70.73783841663581,50862.81,119939.63,52517
30b28705-8ca4-78ca-a16f-cacbce158738,1979-08-02,,999-94-7451,S99926549,X31069115X,Mr.,Jeffrey461,Alfonzo975,Bernier607,,,M,white,hispanic,M,Boston  Massachusetts  US,622 Weissnat Estate,Haverhill,Massachusetts,Essex County,25009,01835,42.81293753473985,-71.1567336265576,7566.96,87304.45,18914
68d2153b-6a6c-e438-4ca6-e5580dc732e0,1954-01-21,2020-03-07,999-51-1584,S99920919,X99891678X,Mr.,Guy979,Burton124,Kuphal363,,,M,hawaiian,nonhispanic,M,Randolph  Massachusetts  US,745 White Mill,Lawrence,Massachusetts,Essex County,25009,01840,42.731193876594745,-71.14554563830518,209414.68,2609455.55,42023
3a6c4a16-3027-de4d-d836-42d438e0a362,1993-08-24,,999-18-7294,S99930264,X88623904X,Mr.,Mac103,Dwain139,Kuhic920,,,M,black,hispanic,M,Boston  Massachusetts  US,728 Ferry Grove,Boston,Massachusetts,Suffolk County,25025,02163,42.411669967748786,-71.0287006198315,63610.73,21218.73,107219
8cd897ac-0ba2-b2e6-17ba-2e3ebcf5e8f9,1969-04-25,,999-54-8445,S99940539,X79403834X,Mr.,Malcolm243,Myron933,Blick895,,,S,white,nonhispanic,M,Walpole  Massachusetts  US,502 Lesch Flat,Belmont,Massachusetts,Middlesex County,25017,02472,42.36041625636017,-71.1739284791875,83732.43,87657.35,86981
b76fb98a-1fa7-1e92-0c7a-9608afdb8384,1984-05-25,,999-23-4496,S99948992,X70646835X,Mr.,Craig656,,O'Conner199,,,S,asian,nonhispanic,M,Lawrence  Massachusetts  US,989 Borer Common Suite 2,Ayer,Massachusetts,Middlesex County,25017,01432,42.54153578846499,-71.59303515322425,9126.71,127320.57,4429
b69b02a8-6dfb-ebdb-117a-f503d2845c40,2015-07-06,,999-38-2924,,,,Giuseppe872,Lino542,McKenzie376,,,,white,nonhispanic,M,Auburn  Massachusetts  US,1006 McLaughlin Neck,Beverly,Massachusetts,Essex County,25009,01915,42.539405331001696,-70.86793637182193,25506.27,10675.08,45612
d28836b1-02f1-54a2-b6b2-f0e213063222,1959-06-07,1994-07-24,999-65-3379,S99957684,X19864018X,Mrs.,Raquel318,Diana207,Quezada963,MD,Galván169,M,white,hispanic,F,Buenos Aires  Ciudad de Buenos Aires  AR,991 Bahringer Highlands Suite 32,Shrewsbury,Massachusetts,Worcester County,,00000,42.24185005428393,-71.72664824951585,207286.14,512953.75,145420
b44b56c7-2b61-119d-515c-af59232ea002,1977-02-24,,999-36-4537,S99924246,X28141443X,Mrs.,Ilda728,Lourdes258,Conn188,,Powlowski563,M,white,nonhispanic,F,Reading  Massachusetts  US,544 Klocko Wall,Milford,Massachusetts,Worcester County,25027,01757,42.152715601008815,-71.48710804376597,319351.99,1035169.33,122312
7fb3b625-c366-1a46-5138-ef0883baafc8,1973-02-09,,999-15-6432,S99989209,X41670427X,Ms.,Keli839,,Ebert178,,,S,white,nonhispanic,F,Southwick  Massachusetts  US,615 Emmerich Branch,Newbury,Massachusetts,Essex County,,00000,42.79427918493186,-70.91514503597448,216367.72,595194.38,671122
91965429-970e-0ae8-1ebd-a2d0d8bee396,1968-09-13,,999-72-1763,S99987126,X32902513X,Mrs.,Jessia669,Deadra347,Barrows492,,Weber641,W,black,nonhispanic,F,Holyoke  Massachusetts  US,787 Breitenberg Ferry Apt 67,Boston,Massachusetts,Suffolk County,25025,02136,42.33002646764876,-71.00819782566687,247407.65,381132.67,26619
c23837c5-3791-007e-7f62-fe59eae50213,1997-11-02,,999-37-3225,S99931738,X46474177X,Mrs.,Carley868,Deb577,Dicki44,,Raynor401,M,white,nonhispanic,F,New Bedford  Massachusetts  US,523 Abbott Parade,Boston,Massachusetts,Suffolk County,25025,02136,42.388067925749574,-71.12009762536088,6700.00,343979.04,11306
146739f7-7888-759f-9b76-52b443486847,1980-07-06,,999-43-6293,S99929276,X45430836X,Mr.,Jeffrey461,Sheldon401,White193,,,M,white,nonhispanic,M,Boston  Massachusetts  US,316 Crist Spur,Medway,Massachusetts,Norfolk County,,00000,42.15086707939366,-71.43675381428751,118640.52,0.00,48511
f1c076f5-9ad9-20f1-89a7-5688c27ddbac,1995-05-09,,999-35-1813,S99953777,X62535374X,Mrs.,Roseanne877,Billy698,Lueilwitz711,,Satterfield305,M,white,nonhispanic,F,Boston  Massachusetts  US,891 Hodkiewicz Village,Worcester,Massachusetts,Worcester County,25027,01605,42.32685872919475,-71.7507870464577,65395.99,125126.65,23460
58403491-ec26-af14-89bb-e4e8418028c5,1974-09-08,,999-21-4961,S99930304,X52834237X,Mr.,Lowell343,Kris249,Aufderhar910,,,M,white,nonhispanic,M,Woburn  Massachusetts  US,1067 Herman Stravenue Apt 59,Swampscott,Massachusetts,Essex County,25009,01907,42.42726720685289,-70.87382100687053,76615.33,95923.07,113730
66d1ec0e-c94f-e3c9-975b-8e504ef8a08c,2009-05-29,,999-97-2107,S99957651,,,Lucien408,Isreal8,Jacobi462,,,,black,nonhispanic,M,Northfield  Massachusetts  US,607 Steuber Neck Unit 55,Somerville,Massachusetts,Middlesex County,25017,02143,42.33452379143406,-71.16588515424326,20018.61,675073.96,71171
4295f95e-1b2e-f995-329e-255f8ca35c44,1952-01-28,2010-05-07,999-41-9061,S99938478,X25577878X,Mrs.,Manuela585,Shana231,Miller503,,Huel628,M,other,nonhispanic,F,Boston  Massachusetts  US,804 Blanda Mall Unit 92,Worcester,Massachusetts,Worcester County,25027,01603,42.251666476133956,-71.84358934442429,851197.30,342219.86,95586
8f9c3600-887a-790a-e72c-574597c4e4c3,1963-04-27,,999-72-5675,S99949783,X65870274X,Mr.,Chuck784,,Reilly981,,,M,black,nonhispanic,M,Newton  Massachusetts  US,385 Kuhic Fort Apt 24,Wilmington,Massachusetts,Middlesex County,25017,01887,42.60185422236164,-71.12089152458307,165473.11,46181.35,162605
9e327682-d1d2-6a42-a14b-2feb49093909,1970-04-08,,999-11-3830,S99999255,X93947275X,Mr.,Renaldo199,Jamison785,Brekke496,,,D,white,nonhispanic,M,Everett  Massachusetts  US,871 Pollich View,Cambridge,Massachusetts,Middlesex County,25017,02142,42.37327305086575,-71.09889104791249,128446.13,17584.70,41364
a883e0d2-9830-2e88-531d-e73a5c618777,1980-09-07,2007-06-17,999-19-8657,S99925048,X51349191X,Ms.,Maricarmen445,Lourdes258,Alcaraz418,,,,white,hispanic,F,Bogota  Bogota  CO,576 Dare Knoll,Lowell,Massachusetts,Middlesex County,25017,01851,42.661967502859916,-71.2612909635724,200958.71,153824.60,94665
bd8cb879-5493-ef40-50cc-059167651d80,1949-11-17,2022-02-27,999-82-4550,S99970605,X88475763X,Mr.,Jewell855,Raphael767,Bartell116,,,D,white,nonhispanic,M,Boston  Massachusetts  US,666 Schmitt Dam,Tewksbury,Massachusetts,Middlesex County,,00000,42.59034433198795,-71.24677961017615,232333.49,60605.99,107644
769d69df-3c64-3443-385b-31fefdb41ae8,2010-09-18,,999-12-8860,,,,Nicholle822,Tinisha932,Kiehn525,,,,white,nonhispanic,F,Faro  Algarve  PT,440 Streich Ferry,Amherst Center,Massachusetts,Hampshire County,,00000,42.3439577742709,-72.49546881397318,38645.01,6983.38,621978
0103a1bc-d448-19ca-7949-2c7da6a917b7,1959-06-07,,999-47-7500,S99961709,X80553420X,Mrs.,Reina25,,Molina998,PhD,Olivera810,M,white,hispanic,F,Roseau  Saint George  DM,156 Larson Dale Unit 14,Shrewsbury,Massachusetts,Worcester County,,00000,42.300865750751804,-71.75519235500926,131701.60,366817.30,145420
9b1b885c-581b-bb72-6664-9e6213fa81ac,2009-10-27,,999-50-1998,S99952287,,,Will178,Cordell41,Kulas532,,,,white,nonhispanic,M,Douglas  Massachusetts  US,546 Frami Gate Unit 22,Fairhaven,Massachusetts,Bristol County,,00000,41.624627525205966,-70.83922006394128,69988.90,548506.58,34275
bc8dc45d-5d79-b45a-68c1-7ba53fd4104c,1956-11-12,,999-11-5831,S99917444,X43029776X,Mrs.,Magdalena964,Cristina921,Rico947,,Roybal79,D,white,hispanic,F,Gaudalajara  Jalisco  MX,839 Price Crossroad Apt 97,Chelsea,Massachusetts,Suffolk County,25025,02151,42.36638090525327,-71.03645896555123,361755.10,615402.11,111386
065272e2-be0d-8cbc-9556-759fd2d9518a,2016-09-19,,999-44-2478,,,,Lorriane838,,Muller251,,,,white,nonhispanic,F,Millis-Clicquot  Massachusetts  US,586 Farrell Row Unit 51,Plymouth,Massachusetts,Plymouth County,25023,02360,41.873835690085876,-70.61520093712414,23625.93,0.00,155142
d26f9891-790f-467d-abb0-dcd2703b2201,1972-05-10,,999-75-6875,S99925325,X24972689X,Mrs.,Hildegarde627,Dolly486,Jacobi462,,Hills818,M,white,nonhispanic,F,Barnstable  Massachusetts  US,1074 Flatley Dale Unit 25,Brockton,Massachusetts,Plymouth County,25023,02302,42.14244730400317,-70.97913889943337,552520.68,449612.59,93222
af4e9358-4fc0-25d9-58ff-7d8c71f6e1d6,1965-03-21,,999-97-2555,S99948869,X84877233X,Mr.,Henry768,,Kilback373,,,M,black,nonhispanic,M,Methuen  Massachusetts  US,753 Turcotte Flat,Sharon,Massachusetts,Norfolk County,25021,02067,42.1413013256301,-71.17976336242727,110405.44,234474.19,191609
9f022627-fd4a-60cd-ed45-5a5bc1b01d24,2018-05-22,,999-21-7806,,,,Antwan357,Allen322,McClure239,,,,white,nonhispanic,M,Brimfield  Massachusetts  US,168 Swaniawski Mission,New Bedford,Massachusetts,Bristol County,25005,02740,41.52315597397865,-70.9359152957766,22348.65,16569.65,34759
03f1895d-dbf6-aa06-1f4d-17af857a016a,1980-09-07,,999-48-2775,S99977239,X82700143X,Mrs.,Berta524,María del Carmen27,Escobar593,,Estrada938,D,white,hispanic,F,San Jose  San Jose  CR,146 Hansen Camp Apt 52,Lowell,Massachusetts,Middlesex County,25017,01854,42.66574218312468,-71.30408466221459,671678.56,485375.34,94665
81e6594a-ddf6-d2af-843c-dae2a0f26734,1968-02-28,,999-54-3255,S99993054,X70712687X,Mr.,Óscar156,Roberto515,Castillo397,,,M,white,hispanic,M,Carolina  Puerto Rico  PR,258 Zboncak Ramp,Peabody,Massachusetts,Essex County,25009,01960,42.51400350496357,-71.08331338344107,12042.12,176196.06,20621
5d11e327-1686-23ca-3dfc-764c84aa6b72,1994-08-20,,999-41-3265,S99960810,X24960921X,Mr.,Richie600,Lenny728,Feest103,,,M,white,nonhispanic,M,Salem  Massachusetts  US,1007 Macejkovic Course,Pepperell,Massachusetts,Middlesex County,25017,01463,42.6902759997967,-71.6036158165167,76751.92,18341.81,46117
d6daf87f-de06-3773-f069-e036724ccf4d,2001-09-24,,999-48-4962,S99940722,X46006928X,Ms.,Carman694,Ernestine645,Schulist381,,,,white,hispanic,F,Granby  Massachusetts  US,744 Jast Plaza Suite 33,Boston,Massachusetts,Suffolk County,25025,02115,42.38772651794125,-71.10318230267926,177351.28,7133.23,97156
f7c8dd21-01ac-016d-d8b2-f027eafd88ff,2013-09-26,,999-33-4343,,,,Levi940,,Ruecker817,,,,white,nonhispanic,M,Lawrence  Massachusetts  US,568 Altenwerth Fork,Worcester,Massachusetts,Worcester County,25027,01609,42.253145902172655,-71.75888217163863,2537.62,37536.59,7464
82b0e05a-3c37-bbea-5831-9c2679322f65,2008-09-29,,999-48-4692,S99966095,,,Charita800,Sonya602,Wisozk929,,,,white,nonhispanic,F,Sandwich  Massachusetts  US,207 Nikolaus Ranch Unit 30,Springfield,Massachusetts,Hampden County,25013,01105,42.11771467899084,-72.58477424779076,97008.68,0.00,45806
52418ad5-9b14-dba7-917c-7f589c7054ca,2025-06-03,,999-27-7661,,,,Edgar153,Silas208,Pollich983,,,,white,nonhispanic,M,East Longmeadow  Massachusetts  US,556 Cassin Key,Bedford,Massachusetts,Middlesex County,25017,01730,42.530560730705446,-71.32700972840354,495.86,6489.77,31484
691cd44f-824b-30ff-3084-1f90e0f28449,1954-01-21,,999-66-2271,S99924995,X71633997X,Mr.,Chris95,Neville893,Pfeffer420,,,D,hawaiian,nonhispanic,M,Winchester  Massachusetts  US,728 Harvey Viaduct Apt 96,Lawrence,Massachusetts,Essex County,25009,01841,42.73159202069349,-71.15880021458422,246529.42,384926.36,42023
498cfdc5-3019-6366-462b-5e4549684562,1918-09-11,1996-10-03,999-62-9576,S99981643,X09376666X,Ms.,Nery414,,Aufderhar910,,,S,white,nonhispanic,F,Boston  Massachusetts  US,918 Rodriguez Ferry,North Adams,Massachusetts,Berkshire County,25003,01247,42.64505103493229,-73.10249507870097,152787.52,843920.08,198216
e7f4b925-581d-2179-b2f7-85925e4dbc4a,2001-10-11,,999-58-2219,S99917235,X50065869X,Ms.,Margarette462,Wesley533,Collier206,,,,white,nonhispanic,F,Worcester  Massachusetts  US,169 Vandervort Vale Suite 76,Egremont,Massachusetts,Berkshire County,,00000,42.22170675826775,-73.43106000594355,155982.22,270583.93,121253
f141d20b-a308-0f23-da35-80763683b952,1949-11-17,2000-05-23,999-75-5518,S99997211,X60814419X,Mr.,Osvaldo336,,Hoeger474,,,S,white,nonhispanic,M,Randolph  Massachusetts  US,216 Klein Flat,Tewksbury,Massachusetts,Middlesex County,,00000,42.61833582028326,-71.21889925343862,193200.81,0.00,107644
4fb379b0-b228-2bc9-ea81-b336b4e21e83,1967-05-31,,999-61-8708,S99962534,X58862579X,Ms.,Cris921,Dina200,Rath779,,,S,white,nonhispanic,F,Salisbury  Massachusetts  US,154 Runolfsson Quay,Lynn,Massachusetts,Essex County,25009,01940,42.54917599964259,-71.08046779244472,1057507.33,232774.65,69408
30d5c01f-c314-ee1d-13ae-7f52b68325b7,1994-03-30,,999-30-4043,S99953641,X04404433X,Mrs.,Leola603,,Ferry570,,Fritsch593,M,asian,nonhispanic,F,Smith Mills  Massachusetts  US,970 Lindgren Crossroad Unit 35,Maynard,Massachusetts,Middlesex County,25017,01754,42.43323337717787,-71.45953966607203,113522.71,644619.96,174883
951ff03b-26dd-4f54-a8d0-7648d222e15a,1976-09-23,,999-43-3133,S99979487,X64398021X,Mr.,Gil594,Teodoro374,Stamm704,,,D,white,nonhispanic,M,Bolton  Massachusetts  US,714 Homenick Rue,Sherborn,Massachusetts,Middlesex County,,00000,42.2074449228786,-71.36241325162516,90871.18,22065.07,109677
dec0b834-7a17-3f18-40f1-05d88b51e85e,1977-02-10,,999-31-5701,S99946924,X75863455X,Mrs.,Flavia315,Deja232,Walker122,,Bosco882,M,white,nonhispanic,F,Clinton  Massachusetts  US,624 Bauch Passage,Newton,Massachusetts,Middlesex County,25017,02460,42.365642404119555,-71.20305993099709,474618.14,654196.72,68014
3822ea07-1172-7cd4-0dad-543e5e50756c,2012-02-05,,999-64-7558,,,,Carmen818,Julia241,Leffler128,,,,black,nonhispanic,F,Canton  Massachusetts  US,189 Kessler Grove,Salisbury,Massachusetts,Essex County,25009,01952,42.8000137323636,-70.81803819677971,45147.61,235873.67,94223
5e4961df-1e46-4467-9a8b-041d7d16b063,1954-12-23,2017-08-08,999-74-4081,S99989439,X04524451X,Ms.,Vonda514,,Waelchi213,,,S,black,nonhispanic,F,Shrewsbury  Massachusetts  US,193 Goldner Gateway,Boston,Massachusetts,Suffolk County,25025,02199,42.35664739096787,-71.02749637634146,21549.49,1874401.57,7302
e8754dda-b0be-207e-8162-be48123a64d2,2013-08-21,,999-72-1007,,,,Armand155,Cordell41,Walter473,,,,black,nonhispanic,M,Boston  Massachusetts  US,1053 Little Orchard,Swansea,Massachusetts,Bristol County,,00000,41.743189520074004,-71.26257009594228,56011.16,6241.26,60543
52d304fd-2ab8-baf6-6e5a-60fb8725032e,1952-01-28,,999-79-7481,S99930369,X44772143X,Mrs.,Miesha237,Jannie509,Langworth352,,O'Keefe54,M,other,nonhispanic,F,Needham  Massachusetts  US,495 Ortiz Harbor,Worcester,Massachusetts,Worcester County,25027,01605,42.24950737159371,-71.8101678233364,690234.67,351055.15,95586
9aa8e1e7-bee3-ff5e-0732-491aa614dc68,1942-07-19,,999-20-7435,S99924159,X90795714X,Mr.,Sherwood961,Reginald96,Hudson301,,,M,white,hispanic,M,Rutland  Massachusetts  US,754 Hessel Mission,Haverhill,Massachusetts,Essex County,25009,01832,42.801841389869,-71.08051257676773,651504.91,931089.60,72920
e0a40b37-6b18-095d-2f63-aac40082329b,1990-11-15,,999-32-1035,S99932257,X59184412X,Mrs.,Jenine75,,Stehr398,,Quigley282,M,white,nonhispanic,F,Worcester  Massachusetts  US,958 Jaskolski Harbor,Nantucket,Massachusetts,Nantucket County,25019,02554,41.326652717864675,-70.12065283784146,248927.69,730373.27,252857
adc79f89-6890-1241-8902-04e90a9307d1,1986-10-03,,999-61-3779,S99997239,X46621401X,Mr.,Sergio619,Weldon459,Bergnaum523,,,M,white,nonhispanic,M,Scituate  Massachusetts  US,1039 Murazik Viaduct Suite 19,Waltham,Massachusetts,Middlesex County,25017,02453,42.36045606109395,-71.16333289055613,80590.17,13031.07,34482
0fa40e1c-7a15-6de3-065f-cdccf3687619,1976-09-26,,999-23-8351,S99924486,X94294184X,Ms.,Lavette209,Shelli447,Rutherford999,,,S,white,hispanic,F,Holyoke  Massachusetts  US,389 Crist Crossing,Southbridge,Massachusetts,Worcester County,25027,01550,42.09647886700188,-72.0316559330913,362429.90,248458.93,86348
e66b3d61-aa05-62fe-13e4-f1ad00b0ce74,2018-06-10,,999-31-2679,,,,Julius90,,Larson43,,,,white,hispanic,M,Westford  Massachusetts  US,151 Cremin Frontage road Suite 15,Amesbury,Massachusetts,Essex County,25009,01913,42.85793940038175,-70.9521891139449,23797.32,2154.95,153076
62e0a211-63c0-ea2b-8308-72600975889a,2013-01-31,,999-86-9551,,,,Jodee687,Georgianna701,Towne435,,,,white,nonhispanic,F,Needham  Massachusetts  US,423 McGlynn Common,Franklin,Massachusetts,Norfolk County,25021,02038,42.13310578200563,-71.42655120886037,50871.90,44416.46,36885
62c8c89c-bc27-90ba-0e66-2bf362f5ca6b,2022-02-17,,999-98-1855,,,,Lilli892,,Beahan375,,,,asian,nonhispanic,F,Shanghai  Shanghai Municipality  CN,367 Pfannerstill Gate,Boxborough,Massachusetts,Middlesex County,,00000,42.489719566873354,-71.48928139364888,13116.66,0.00,176832
bfc7eda6-14d5-77e4-68cb-7a174a61d31e,2006-12-04,,999-91-1110,S99986064,,Mr.,Berry486,,Balistreri607,,,,white,hispanic,M,Gardner  Massachusetts  US,773 Stark View,Woburn,Massachusetts,Middlesex County,25017,01801,42.48495081886052,-71.12880152511943,11441.13,39567.03,739014
7339cf73-2a29-a013-ae6f-cb8826cfa87b,2008-09-06,,999-32-7208,S99989523,,,Marcellus830,Tim88,Gorczany269,,,,white,nonhispanic,M,Hopedale  Massachusetts  US,707 Christiansen Track Suite 63,Bourne,Massachusetts,Barnstable County,25001,02532,41.75585471411278,-70.62019797711991,5033.62,41666.00,10816
e44db575-d064-c7ea-d160-9c1b2d71cab6,1974-12-09,,999-47-1829,S99954622,X62511034X,Mrs.,Coralie787,Cris921,Oberbrunner298,,Gorczany269,M,white,nonhispanic,F,Kraków  Lesser Poland  PL,211 Farrell Course Suite 70,Buzzards Bay,Massachusetts,Barnstable County,25001,02542,41.78132403326617,-70.62702583679344,273329.56,703521.64,32271
b1d4b9ea-8cf6-fff1-0416-338b60b32fd0,2000-09-07,,999-93-8754,S99938110,X69604428X,Ms.,Margot418,,Klein929,,,,white,nonhispanic,F,Taunton  Massachusetts  US,234 Crona Vista Apt 5,Worthington,Massachusetts,Hampshire County,,00000,42.374876728143946,-72.96647175272999,63609.26,105662.94,162203
c40c24bf-db72-c13b-d220-a4b1329687ee,1949-11-17,2018-10-27,999-15-9214,S99955944,X73655535X,Mr.,Lucas404,Garland107,Corwin846,,,M,white,nonhispanic,M,Arlington  Massachusetts  US,124 Mante Corner,Tewksbury,Massachusetts,Middlesex County,,00000,42.60692697464235,-71.22181204134627,183330.83,79397.89,107644
0f708155-4f66-ac08-41b5-78ff548e1fe5,2020-08-26,,999-75-8386,,,,Bryant814,Myron933,Satterfield305,,,,black,nonhispanic,M,Russell  Massachusetts  US,611 Little Mill,Boston,Massachusetts,Suffolk County,25017,02467,42.33473645230644,-71.14728215069331,6412.59,2920.44,48885
244aa814-cc3f-b2d3-4cd0-a33869ebf2c0,1935-10-27,,999-84-7880,S99951375,X80743528X,Mr.,Byron202,Zane918,Berge125,,,W,white,nonhispanic,M,Braintree  Massachusetts  US,839 Lueilwitz Lodge,Harwich,Massachusetts,Barnstable County,,00000,41.731376785309706,-70.07876981633379,377553.87,882453.46,45774
c3c1a880-6629-b295-48a1-686f516912f1,2023-12-27,,999-25-6118,,,,Brynn361,,Lebsack687,,,,white,nonhispanic,F,Marlborough  Massachusetts  US,114 Witting Ranch Unit 79,Conway,Massachusetts,Franklin County,,00000,42.498737082076566,-72.66440042227386,9000.66,201.99,941733
298d3722-752d-a7b4-c663-3801c8de4ed8,1999-03-06,,999-67-8975,S99999911,X47263625X,Ms.,Tien590,Cheryle584,Jacobs452,,,,white,nonhispanic,F,Boston  Massachusetts  US,862 Watsica Path,Winchester,Massachusetts,Middlesex County,25017,01890,42.474140830508105,-71.1456863633673,151927.58,1075480.16,85749
ac3926fb-bc9c-74eb-4fd3-8ff583d135cb,2016-08-06,,999-86-6229,,,,Charlotte28,Brook779,Zemlak964,,,,white,nonhispanic,F,Needham  Massachusetts  US,795 Mayert Forge,Reading,Massachusetts,Middlesex County,25017,01867,42.570607518289385,-71.13801986049076,23794.09,0.00,43983
2b2898ee-eb3f-cd89-513e-0fe2304be4d7,1954-12-23,,999-82-8761,S99926266,X55083791X,Mrs.,Arnette709,Alyse240,Casper496,,Wiegand701,M,black,nonhispanic,F,Winthrop  Massachusetts  US,222 Goyette Run Suite 53,Boston,Massachusetts,Suffolk County,25025,02163,42.33179547053683,-71.14180217188205,15595.17,338781.45,7302
0b995681-aae2-50c6-af6b-1704a0d71286,1918-09-11,2017-11-28,999-35-7086,S99934547,X63421639X,Mrs.,Joaquina124,Maryrose226,Mayer370,,Keeling57,D,white,nonhispanic,F,Springfield  Massachusetts  US,811 Rolfson Wynd Apt 78,North Adams,Massachusetts,Berkshire County,25003,01247,42.6866850003553,-73.11476908162106,207062.18,1352335.36,198216
bea2ea93-4723-3ebc-b12d-d5ddbddd008d,1969-06-17,,999-51-2559,S99989323,X61981587X,Mrs.,Timika369,Mara755,Hahn503,,Buckridge80,M,white,nonhispanic,F,Arlington  Massachusetts  US,907 Kassulke Knoll,Tewksbury,Massachusetts,Middlesex County,,00000,42.59188040943745,-71.24880038222022,896221.23,895033.06,72865
067460d7-90e0-d603-5d20-fd833ac509a1,1966-12-11,,999-46-8111,S99922361,X73050539X,Mrs.,Peggie783,,Schuster709,,Moen819,D,white,nonhispanic,F,Georgetown  Massachusetts  US,131 Boyer Common,Revere,Massachusetts,Suffolk County,25025,02151,42.39816601575222,-71.04228766631319,26295.62,1611710.49,9145
42804120-6913-0036-de25-477c6f59f8ef,1989-09-12,,999-21-8826,S99985496,X26297046X,Ms.,Arlene209,Afton574,O'Keefe54,,,S,white,nonhispanic,F,Seekonk  Massachusetts  US,301 Erdman Byway Suite 37,Taunton,Massachusetts,Bristol County,25005,02718,41.912747533940426,-71.11409339249334,154931.50,51677.98,42013
fec211f7-2a5d-e64b-1ee0-1f23b7088832,1990-03-22,,999-57-7629,S99991248,X46225483X,Mrs.,Coleen678,Coralee911,Heaney114,,Sanford861,D,white,nonhispanic,F,Beverly  Massachusetts  US,891 Rowe Byway Unit 14,Boston,Massachusetts,Suffolk County,25025,02134,42.346784654199006,-71.0074306872626,11563.92,706404.40,12356
db6903e8-928d-40ea-2626-fa321e587569,1984-12-19,2024-09-21,999-17-1757,S99916984,X71136883X,Mr.,Osvaldo336,Brenton674,Hand679,,,D,white,nonhispanic,M,Nantucket  Massachusetts  US,366 D'Amore Fort Suite 98,Wilbraham,Massachusetts,Hampden County,25013,01095,42.1046803186058,-72.43506492028942,49588.03,648202.37,98479
e013be53-12f6-9e25-d2cf-3e828d3c2c6e,1997-09-03,,999-91-8625,S99980174,X40530465X,Mrs.,Keena534,Fatimah228,Wilkinson796,,O'Connell601,M,white,nonhispanic,F,New Bedford  Massachusetts  US,234 Roob Avenue,Randolph,Massachusetts,Norfolk County,25021,02368,42.15303784073912,-71.09415303883743,173623.61,923526.25,79782
14402faf-2a6e-e955-b6e7-d42589199765,1987-06-04,,999-37-3210,S99978550,X98325139X,Mrs.,Annabell933,Teresia279,Muller251,,Langosh790,M,white,nonhispanic,F,Charlton  Massachusetts  US,834 Gorczany Trafficway Apt 72,Belmont,Massachusetts,Middlesex County,25017,02138,42.360878471243744,-71.22819612615329,176475.77,529574.24,478445
ee1383c5-fe80-18cd-192a-0911dff900a1,1987-03-28,,999-58-7766,S99995384,X30573658X,Mrs.,Kenisha791,Denise470,Ziemann98,,Kuphal363,M,white,nonhispanic,F,Winchester  Massachusetts  US,1024 Kreiger Terrace Suite 4,Westminster,Massachusetts,Worcester County,,00000,42.525996416736305,-71.87729569790393,436275.44,647271.58,109191
fea17c55-b5fd-d7b9-8136-8a91370b4709,1947-06-05,,999-10-3745,S99999280,X30719774X,Mrs.,Francina926,Roy364,Fisher429,,Schmidt332,W,white,nonhispanic,F,Brockton  Massachusetts  US,369 Rempel Frontage road,Newton,Massachusetts,Middlesex County,25017,02467,42.33141815205266,-71.24627809995522,419389.59,1740942.14,128027
d4727c33-28bd-5cda-3a11-e905acb3f744,1983-10-30,,999-74-7800,S99965659,X15297480X,Ms.,Kaycee352,,Wintheiser220,,,S,white,nonhispanic,F,Dover  Massachusetts  US,916 Strosin Skyway Suite 70,Springfield,Massachusetts,Hampden County,25013,01151,42.055873771873614,-72.48364279562632,400032.12,529784.42,41053
851aaa9c-ed60-271e-c79c-5ff524343e29,1937-06-02,2008-09-17,999-91-6047,S99954781,X72207959X,Mrs.,Ami949,Song837,Douglas31,,McLaughlin530,D,asian,hispanic,F,New Bedford  Massachusetts  US,594 Luettgen Corner,Weymouth,Massachusetts,Norfolk County,25021,02188,42.19831086423322,-70.9789845849498,365400.07,802714.65,137772
ceb3efce-b2f0-593f-eb5f-37668ab260c6,1949-11-17,,999-46-2766,S99974297,X81818114X,Mr.,Renaldo199,Benton624,Nicolas769,,,M,white,nonhispanic,M,Weymouth  Massachusetts  US,629 McDermott Lane,Tewksbury,Massachusetts,Middlesex County,,00000,42.5746791412728,-71.21095070390453,268415.39,325472.73,107644
e6bf6ea7-9200-893d-d035-2f0b11323715,1918-09-11,1997-04-08,999-43-5379,S99930161,X03827919X,Mrs.,Yan646,Madlyn383,Kuhic920,,Fadel536,M,white,nonhispanic,F,Wellesley  Massachusetts  US,916 Goldner Track Suite 66,North Adams,Massachusetts,Berkshire County,25003,01247,42.68079814729758,-73.15897105479692,198910.61,927604.98,198216
5346c87c-0cf0-a812-6617-41559298b4dd,1999-05-14,,999-61-6352,S99932554,X70942832X,Ms.,Candyce305,,Johns824,,,,black,nonhispanic,F,East Brookfield  Massachusetts  US,755 Bartoletti Row,Salem,Massachusetts,Essex County,25009,01970,42.54080283730111,-70.92380173839787,126204.42,299310.83,44127
e309241a-a8d6-7b6c-0d1d-eb8ec3ab5ae3,1995-04-01,,999-93-6033,S99910848,X59351113X,Mr.,Wade235,Gilberto712,Kautzer186,,,M,white,nonhispanic,M,Boylston  Massachusetts  US,101 Mosciski Skyway,Marlborough,Massachusetts,Middlesex County,25017,01752,42.326397573771104,-71.55644244281366,101844.22,702723.33,82864
3d4d5454-4538-1b5e-0554-10273b19f688,2024-08-02,,999-47-2205,,,,Henry768,Jeremy766,Rippin620,,,,white,nonhispanic,M,Templeton  Massachusetts  US,642 Leannon View Unit 98,Chelsea,Massachusetts,Suffolk County,25017,02149,42.41073208541894,-70.9913485462242,7066.69,0.00,117531
2462de85-7c31-6436-c608-c9b8572f1c1a,1984-01-15,,999-96-3663,S99929807,X94820753X,Mr.,Sammie902,Domenic627,Marvin195,,,M,white,nonhispanic,M,Quincy  Massachusetts  US,1017 Fadel Center Suite 93,West Bridgewater,Massachusetts,Plymouth County,,00000,42.00249035913665,-71.02253745769154,62337.39,16132.97,76574
37c15f61-5153-ce29-1bed-756f3bea0d10,1988-04-30,,999-20-9075,S99975134,X75907192X,Mrs.,Victoria535,Loise968,Klocko335,,Marquardt819,M,white,nonhispanic,F,Raynham  Massachusetts  US,448 Johnson Branch Unit 11,Wareham Center,Massachusetts,Plymouth County,,00000,41.73037051093049,-70.75215468471808,16526.24,1956272.80,16898
24d37cab-1071-31c9-4d02-3e02dfc8612e,1979-09-22,,999-89-8275,S99910671,X86024003X,Ms.,Enda486,Carin553,Schmeler639,,,S,white,nonhispanic,F,Somerville  Massachusetts  US,611 D'Amore Rapid,Haverhill,Massachusetts,Essex County,25009,01830,42.81454648830745,-71.17630744164856,118692.02,235585.56,28343
7466d290-5675-af32-fd23-f3df08e40f9f,1965-06-17,,999-96-1214,S99964261,X11288156X,Mrs.,Inocencia535,Jaymie769,Feest103,,Greenholt190,D,white,nonhispanic,F,Pittsfield  Massachusetts  US,596 Parker Vista Unit 41,Holden,Massachusetts,Worcester County,,00000,42.31996497467407,-71.90433462933342,101245.49,1986170.84,60330
339db410-7357-06e6-28fe-64e76c09f7b1,1918-09-11,,999-52-2491,S99915940,X28560132X,Mrs.,Louis204,,Torphy630,,Littel644,M,white,nonhispanic,F,Gloucester  Massachusetts  US,375 Kunze Mill Apt 97,North Adams,Massachusetts,Berkshire County,25003,01247,42.68046747145728,-73.12712634141536,304782.29,1241592.82,198216
49429233-350d-dc39-1991-d2370e30d1c3,1948-06-21,,999-82-8434,S99958136,X38617438X,Mr.,Moises22,Chase54,Christiansen251,,,M,white,nonhispanic,M,Quincy  Massachusetts  US,288 Nolan Dam,Andover,Massachusetts,Essex County,25009,01810,42.678875433558225,-71.1863844417564,203329.98,1279497.32,483611
6401194a-1034-418b-674e-0c0cef6d3415,1937-06-02,,999-32-5672,S99986386,X81694829X,Mrs.,Yoshiko258,Karmen270,Jacobi462,,Nader710,M,asian,hispanic,F,Cambridge  Massachusetts  US,386 Bogisich Center,Weymouth,Massachusetts,Norfolk County,25021,02191,42.176255937359336,-71.00512700459144,327739.84,1136613.84,137772
c409f5d3-3fe7-93b1-073f-65078423d4f7,1941-07-06,1943-01-25,999-30-7880,,,,Florentino8,Rosario163,Romaguera67,,,,white,nonhispanic,M,Plymouth  Massachusetts  US,924 Moen Route,Agawam,Massachusetts,Hampden County,25013,01001,42.11074481010261,-72.67747763591902,13235.57,21151.64,142658
0ded0402-ebb4-0e13-4d91-dbd78e9f685d,2013-02-25,,999-45-8211,,,,Minda79,Raelene218,Schiller186,,,,white,nonhispanic,F,Pinehurst  Massachusetts  US,363 Hane Row,Leverett,Massachusetts,Franklin County,,00000,42.421004578050166,-72.52273850893313,47491.52,9667.15,91905
b2726a3f-80e8-6003-b120-2d7bcdccae09,1961-10-05,,999-53-1682,S99988725,X48277808X,Mr.,Wendell199,Kasey569,Rippin620,,,M,white,nonhispanic,M,Spencer  Massachusetts  US,369 Mayert Bypass Unit 20,Worcester,Massachusetts,Worcester County,25027,01583,42.27839178069159,-71.7612524468702,12488.44,221390.37,14047
ffb7da75-00c7-0311-15b1-2222804b0dde,1952-11-11,,999-80-6454,S99998624,X59139289X,Mr.,Lamar193,Gregory545,Rolfson709,,,M,black,nonhispanic,M,Stoughton  Massachusetts  US,748 Lehner Landing Apt 95,Lynn,Massachusetts,Essex County,25009,01904,42.51328948258514,-70.95002804909528,175576.31,827383.23,29200
257dee74-0a75-56c7-c9a4-6acd5731f007,1967-02-25,,999-18-3038,S99942492,X21849966X,Mr.,Randy380,Kraig824,Torp761,,,M,white,nonhispanic,M,Malden  Massachusetts  US,1064 Eichmann Gardens,Shrewsbury,Massachusetts,Worcester County,,00000,42.2850662058978,-71.67304280709605,152844.55,41736.93,81552
f8fa5f28-b258-0c1a-1dd8-80e3cf35a90c,1995-06-21,,999-91-8978,S99977815,X17438743X,Mrs.,Dreama246,Enda486,Hettinger594,,Maggio310,M,white,nonhispanic,F,Lowell  Massachusetts  US,246 Zemlak Hollow,Marshfield Hills,Massachusetts,Plymouth County,25023,02051,42.1418774795182,-70.72156894023863,136805.74,259538.25,45111
8de3cdc2-6b34-0e88-bae0-c1affeba9fb9,2015-01-28,,999-11-6381,,,,Alonzo487,Buddy254,Hamill307,,,,white,nonhispanic,M,Randolph  Massachusetts  US,946 Bernhard Overpass,Wareham,Massachusetts,Plymouth County,,00000,41.73780638614223,-70.68348343389552,38356.44,15078.91,62384
4b99e281-1ad0-5c7e-c80e-97ad843b4cd9,1941-07-06,,999-91-8173,S99941271,X94265350X,Mr.,Brendon298,Hipolito984,Marvin195,,,M,white,nonhispanic,M,Hingham  Massachusetts  US,281 Larkin Lodge,Agawam,Massachusetts,Hampden County,25013,01030,42.03459882606082,-72.70954589798362,165570.85,205402.77,142658
dce06bb0-0ec1-128e-26c8-17c428b4f34f,1956-01-21,2005-08-31,999-53-5354,S99997832,X59434718X,Mrs.,Farrah946,Christal240,Johnston597,,Gulgowski816,M,white,nonhispanic,F,Winchester  Massachusetts  US,290 Stracke Haven Suite 24,Fall River,Massachusetts,Bristol County,25005,02747,41.699616481693496,-71.15227424148532,224522.55,428600.50,137488
edc3f80d-1b52-a4a9-c27b-3da222d1746c,1967-06-12,,999-77-4303,S99986732,X69125350X,Mr.,Haywood675,Korey682,Hickle134,,,W,white,nonhispanic,M,Rockland  Massachusetts  US,829 Sauer Lodge,Merrimac,Massachusetts,Essex County,,00000,42.82540613064249,-71.05903485462015,190265.83,526878.14,129619
67df62fc-1803-8278-9648-abeda44f9b9e,2006-12-25,,999-76-1533,S99969593,,Mr.,Lacy523,Antony83,Mraz590,,,,white,nonhispanic,M,Worcester  Massachusetts  US,749 Beatty Burg Unit 20,Dartmouth,Massachusetts,Bristol County,,00000,41.54693140353902,-70.92297117943328,41311.67,9905.46,28339
0dee835e-6c2e-4fff-c58b-1daac13ff2db,1995-02-05,,999-58-6909,S99984316,X53139498X,Mr.,Cordell41,Antione404,Pacocha935,,,S,white,nonhispanic,M,Brockton  Massachusetts  US,296 Legros Rest,North Reading,Massachusetts,Middlesex County,,00000,42.62256008634104,-71.10455063120814,54734.53,65589.74,899536
4d520d17-df8f-1e8d-19ac-5ea0ab32793b,2003-07-19,,999-26-5598,S99947489,X42741662X,Mr.,Spencer878,,McDermott739,,,,white,nonhispanic,M,Wakefield  Massachusetts  US,284 Stehr Walk,Billerica,Massachusetts,Middlesex County,,00000,42.5981636849995,-71.28763468834754,57293.40,7007.52,179089
329bd1fb-589c-7437-ae3f-b033d53e7007,1993-02-13,,999-36-5144,S99962805,X86518524X,Mr.,Gino587,Pedro316,Bayer639,,,M,white,nonhispanic,M,Raynham Center  Massachusetts  US,1028 Mohr Crossroad,Andover,Massachusetts,Essex County,25009,01810,42.66018694503225,-71.18431716567768,50909.67,6.13,145484
9fd3385b-6c1f-d7f0-9867-6be9790e9516,1916-03-30,2005-11-12,999-83-8811,S99966324,X25330368X,Mr.,Stewart672,Jerry654,Shanahan202,,,M,white,nonhispanic,M,Norton  Massachusetts  US,457 Kulas Run,Boston,Massachusetts,Suffolk County,25025,02199,42.38111957220618,-71.08217484243477,201987.23,248335.76,31782
983ae9ef-4d36-09b4-a715-351cc86fa923,1958-09-15,,999-40-2164,S99945880,X94447225X,Mrs.,Joanie498,Neomi684,Sporer811,,Johnston597,M,white,nonhispanic,F,Melrose  Massachusetts  US,402 Rowe Track Unit 9,Uxbridge,Massachusetts,Worcester County,,00000,42.07890586713015,-71.60018185074883,1109164.57,672368.12,114164
61e866b6-cd2e-fa5d-74a2-d8b1a304b371,1938-06-15,2011-12-03,999-57-7746,S99979914,X36859351X,Mrs.,Penni796,Tonita173,Walsh511,,Reichel38,M,white,hispanic,F,Boston  Massachusetts  US,505 Bayer Key,Waltham,Massachusetts,Middlesex County,25017,02453,42.40848781723053,-71.29657637373782,157517.24,1180947.60,23587
5557cdc2-d428-5a4b-4231-d719b201eab9,2008-02-08,,999-63-5946,S99989997,,Ms.,Caridad510,,Medina536,,,,white,hispanic,F,Ponce  Puerto Rico  PR,813 Heathcote Mall Apt 38,Chicopee,Massachusetts,Hampden County,25013,01020,42.19464552804572,-72.63023353158279,45875.57,10093.95,46872
bdc204c5-80af-1d00-ac41-87536383a906,1956-01-21,1995-04-09,999-91-3027,S99981015,X09976135X,Mrs.,Cory323,Shirleen968,Weber641,,Connelly992,M,white,nonhispanic,F,Taunton  Massachusetts  US,378 Leffler Trace,Fall River,Massachusetts,Bristol County,25005,02724,41.701062913016685,-71.1808459391574,285892.59,718416.58,137488
9182a2d0-15ba-08fe-1ca9-73fcf0ba6f85,2000-04-24,,999-11-6250,S99985547,X22937014X,Ms.,Reina25,Caridad510,Gómez206,,,,white,hispanic,F,Havana  Havana  CU,626 Feest Terrace,Boston,Massachusetts,Suffolk County,25025,02120,42.39214566066838,-70.93978366273036,102682.76,159992.16,148755
a48defff-a37c-e636-9aa1-04705bce8ea4,1984-12-19,,999-26-3603,S99922454,X21156385X,Mr.,Anderson154,Florencio463,Heathcote539,,,D,white,nonhispanic,M,Newburyport  Massachusetts  US,968 Jast Haven,Wilbraham,Massachusetts,Hampden County,25013,01095,42.07967222751606,-72.4178141781053,84531.54,45699.59,98479
1c5e9c36-d1fa-48d9-8e73-1ff883b5728c,1991-01-12,,999-22-8218,S99931023,X92888617X,Mrs.,Adaline602,Monika509,Jerde200,,Kautzer186,M,white,nonhispanic,F,Wilbraham  Massachusetts  US,760 Ernser Trailer Apt 52,Walpole,Massachusetts,Norfolk County,25021,02081,42.14574031581057,-71.25321689243795,152880.35,257449.76,87047
19062c19-3e5b-119a-ea74-96585cec4c99,1981-05-24,,999-37-7596,S99946661,X63812388X,Mrs.,Isobel140,Margart214,Morar593,,Bahringer146,D,white,nonhispanic,F,Framingham  Massachusetts  US,655 Krajcik Course,Greenfield,Massachusetts,Franklin County,25011,01301,42.57300258403364,-72.55223695122963,428946.07,541476.36,60636
3ef3073f-a756-b3e3-5baa-be0c1dea0320,1966-04-11,,999-15-9540,S99989267,X68007102X,Ms.,Barrie587,Jammie261,Spencer878,,,S,white,nonhispanic,F,Weymouth  Massachusetts  US,740 Windler Lane Unit 42,Middleborough Center,Massachusetts,Plymouth County,,00000,41.87718704826167,-70.95200663723712,276023.19,529838.10,147708
f882c9f5-a913-a588-f641-4acdb092db00,1956-01-21,,999-11-2694,S99918050,X55311751X,Mrs.,Sachiko982,Edwina60,Huels583,,Wintheiser220,M,white,nonhispanic,F,Worcester  Massachusetts  US,843 Langosh Harbor,Fall River,Massachusetts,Bristol County,25005,02747,41.568333350906514,-71.0582005153949,362913.74,750546.94,137488
82521670-e177-34be-ef02-256678b79829,1938-06-15,2024-10-25,999-55-6721,S99932461,X30714493X,Mrs.,Kiersten731,Danika134,Franecki195,,Rempel203,M,white,hispanic,F,Milford  Massachusetts  US,840 Schinner Common,Waltham,Massachusetts,Middlesex County,25017,02452,42.39461105634862,-71.24982099991846,184888.45,989048.73,23587
9d629376-38fd-b777-ced7-1e1c4c4c12c8,1916-03-30,,999-44-6209,S99914049,X14748365X,Mr.,Marion502,,Schinner682,,,M,white,nonhispanic,M,Swansea  Massachusetts  US,952 Bartoletti Quay Suite 53,Boston,Massachusetts,Suffolk County,25025,02215,42.41361427361249,-71.16901452057523,204924.66,217861.62,31782
6443c9c2-834c-65c5-b6d9-09d0aa546d54,1938-06-15,1998-12-27,999-66-6127,S99995098,X14051183X,Mrs.,Aurora248,Jestine4,Kerluke267,,Ward668,M,white,hispanic,F,Freetown  Massachusetts  US,439 Hickle Gate,Waltham,Massachusetts,Middlesex County,25017,02472,42.348920504719864,-71.28285640411931,172401.52,1058471.97,23587
16bba38a-a969-8eca-c9bb-5c371d393bfb,1938-06-15,,999-99-8705,S99923890,X07615313X,Mrs.,Justin359,Charlie254,Stroman228,,Powlowski563,M,white,hispanic,F,Somerville  Massachusetts  US,826 McDermott Bay,Waltham,Massachusetts,Middlesex County,25017,02452,42.441507953525175,-71.24917415669931,244936.01,1713967.21,23587
