Id,ORGANIZATION,NAME,GENDER,SPECIALITY,ADDRESS,CITY,STATE,ZIP,LAT,LON,ENCOUNTERS,PROCEDURES,NPI
b37d34b8-da4e-30da-b5a8-79066f6c9d3d,74ab949d-17ac-3309-83a0-13b4405c66aa,Ted955 Reilly981,M,GENERAL PRACTICE,881 Main Street,Fitchburg,MA,01420,42.586487,-71.80521,5392,0,9999984591
3fbb5c46-a466-331f-8be0-ed8ed5547a67,588f6ce6-b8db-3588-8189-29db2680a313,Tiffaney302 Brakus656,F,GENERAL PRACTICE,461 WALNUT AVE,JAMAICA PLAIN,MA,021302331,42.311587599999996,-71.09800136347226,34,0,9999973693
a0a42478-26a1-3743-bbbd-f499e41c1b40,324b4137-57a0-3ae0-89db-1c33f57ae0c1,Elsa29 Rodríguez701,F,GENERAL PRACTICE,134 NORTH ST,NORTH READING,MA,018641315,42.5892341,-71.10546522083789,5,0,9999876995
9b9af872-7c7d-3704-80fe-e92cdb6878c0,faffaf6a-ee1a-3673-b0b0-421a9c249244,Jaunita130 Armstrong51,F,GENERAL PRACTICE,66 WASHINGTON ST,STOUGHTON,MA,020722571,42.14415820061801,-71.10378319512402,358,0,9999949297
4ef540e7-0c64-3d70-bff7-ad2e4d9f7535,17a4bae5-8b64-34d7-8144-b428be027bd0,Olympia319 Ward668,F,GENERAL PRACTICE,512 MAIN STREET  SUITE 211,SHREWSBURY,MA,015456406,42.295109499999995,-71.71808471110307,97,0,9999928192
84df6f02-e575-3a31-9bde-bf78346bb73c,4112b8b1-59df-3255-a7ca-f42ee0a4cb2e,Ambrose149 Feeney44,M,GENERAL PRACTICE,37 ROUTE 6A,SANDWICH,MA,025631801,41.766329400000004,-70.5147600346998,57,0,9999884692
112cc850-a233-372d-bd94-42b8709f03f6,e09d4c49-c2ef-3b0f-9a46-3719d9219306,Jules135 Emard19,M,GENERAL PRACTICE,60 HOSPITAL RD,LEOMINSTER,MA,014533290,42.54031915,-71.76312990486304,3147,0,9999990390
ce67df0c-f9a9-310c-ad72-caccbc99285d,e76b5eb0-0c9d-3593-b5da-3c0e9a97bb96,Sal878 Lehner980,M,GENERAL PRACTICE,1400 VFW Parkway,West Roxbury,MA,02132,42.2793,-71.1657,88,0,9999984997
1252028c-2571-35db-845e-463d9aa67bdf,c241b977-4131-32e4-9957-e0a00b2a1e5f,Kip442 Krajcik437,M,GENERAL PRACTICE,94 MAIN STREET,HYANNIS,MA,026013146,41.6562802,-70.27448000204822,42,0,9999982199
3f2fcebf-cd62-3549-9178-ecb9015a0e3a,ef5390b4-cba5-3d83-96db-af783a7adb43,Evan94 Anderson154,F,GENERAL PRACTICE,360 MERRIMACK ST,MALDEN,MA,021482329,42.4250964,-71.066163,13,0,9999907394
48d7e189-df62-363d-8eb5-5b0da151057b,77645e49-3f69-3d1d-bb93-dc65210e2fac,Vella930 Ankunding277,F,GENERAL PRACTICE,363 HIGHLAND AVE,FALL RIVER,MA,027205246,41.7093779,-71.1460783680883,249,0,9999995696
8a344960-1482-3db9-9ba3-505de32d4b45,6fafb5d4-ecca-37ab-8d24-53036a8cbf1e,Wilber603 Nikolaus26,M,GENERAL PRACTICE,320 WEST CENTER STREET  2ND FLOOR,WEST BRIDGEWATER,MA,02379,42.016080599999995,-71.02601589317304,24,0,9999931790
bb9be375-1184-3842-a2ec-d2dc9140af61,aa682136-a4df-3942-9f50-e6fcee6c0b73,Precious140 Runolfsson901,F,GENERAL PRACTICE,501 CORDWAINER DRIVE,NORWELL,MA,020611630,42.1647071,-70.88149077838713,148,0,9999891895
87f97b61-44d0-3cd9-8e43-46b457a4f63a,d2284f74-b6da-3a15-9791-84cdf2db18fb,Fernande593 Mosciski958,F,GENERAL PRACTICE,331 E FALMOUTH HWY,E FALMOUTH,MA,025366039,41.57853245,-70.5617374807812,132,0,9999962993
13b55c39-8ee2-39d0-b864-1895f35dfc7f,5becf220-2978-3f33-bd38-9326947f85de,Tijuana228 Leannon79,F,GENERAL PRACTICE,240 LYNNFIELD STREET,PEABODY,MA,019605055,42.5141736,-70.97106354209534,80,0,9999889493
598ebc1d-0a34-3643-a034-8808d0591db4,ae88fd02-4911-3625-9e97-85b626ed3b0b,Adolph80 Farrell962,M,GENERAL PRACTICE,476 VARNUM AVE,LOWELL,MA,018542122,42.6443795,-71.34721987550876,1,0,9999893099
1d5c486e-73fd-3b06-803f-78f1afbba1c3,a58ec72a-cf43-3de5-88c1-de2fbec976a5,Blossom971 Bartoletti50,F,GENERAL PRACTICE,255 CENTRAL AVE,CHELSEA,MA,021503508,42.38804035,-71.02650270378646,4,0,9999877290
0bf39dbc-e88e-3bca-8d2c-d52c19ed538c,03d0392a-7361-32b3-81c9-8c8ac985be00,Sid118 Daniel959,M,GENERAL PRACTICE,280 WASHINGTON ST STE 204,BROOKLINE,MA,024451922,42.33302785,-71.1193506756953,22,0,9999964197
a8569cf0-94e4-30d9-888d-bf0e4b26370f,a8c95c30-d410-3b6c-b5c8-ceafabf5665b,Luke971 Brakus656,M,GENERAL PRACTICE,320 WASHINGTON ST FL 3,ALLSTON,MA,021341711,42.3555375,-71.1327494,14,0,9999927798
0558a3ff-9808-3f9c-bc6c-c7529a299cbe,a418cf76-2ee3-3736-a752-29ee33e86015,Francene766 Kuhlman484,F,GENERAL PRACTICE,62 CENTER STREET,FAIRHAVEN,MA,027193823,41.63663425,-70.90101829397507,3,0,9999908996
42419fe5-2c27-3007-ad95-11d0a53405c4,2936ca90-6594-357d-be14-53fe0ab84dd1,Miguel815 Perales854,M,GENERAL PRACTICE,11 TREMONT ST,KINGSTON,MA,023641231,42.00823215,-70.72984043580247,467,0,9999949792
aad11c2b-8fe4-3328-8864-bff844fcaa19,883104df-bf21-3226-a432-30a61ac7416d,Russell422 Hermiston71,F,GENERAL PRACTICE,19B CROSBY DR STE 160,BEDFORD,MA,017301412,42.5044791,-71.2417607,3,0,9999918391
b68f5b67-cb01-3a3b-8c0e-777755b9bd9b,e3089df2-a1db-372a-b660-30392d8c197b,Marylynn944 Waters156,F,GENERAL PRACTICE,178 N MAIN ST,SHARON,MA,020671229,42.13301625,-71.17263163492832,188,0,9999942391
d63af4cb-74c0-3c99-8617-9eceaf40ce16,77d67d58-b097-3309-a94c-abd49c432528,Martine382 Moore224,F,GENERAL PRACTICE,383 MILL ST,WORCESTER,MA,016022414,42.2618147,-71.85253220643622,1,0,9999875294
47b751ed-6fbd-32fb-a919-2babf219d31b,42d4b607-f14d-370a-818e-40965685776c,Arlen68 Hettinger594,M,GENERAL PRACTICE,3 WASHINGTON ST STE 220,NORTH EASTON,MA,023561034,42.0667665,-71.1036592,56,0,9999957993
b5efcbd2-849d-34c7-9ee6-557bd9c35786,ab701a70-a658-340e-8f69-ee196a7d40c6,Jolie499 Parisian75,F,GENERAL PRACTICE,484 RTE 134,WORCESTER,MA,016071728,42.2625621,-71.8018877,412,0,9999939991
7d4d46ae-4578-3482-8899-571647c4892d,11ba6a26-59b4-3728-a268-6dc9929962b4,Archie818 McCullough561,M,GENERAL PRACTICE,200 GOVERNORS AVENUE,MEDFORD,MA,021551644,42.42711615,-71.1121606632448,79,0,9999894790
71675754-68cf-3e79-89bf-5dd03c45e8a3,af2d050e-91a7-3acb-8b27-0bf6a259645e,Ronny764 Bernhard322,M,GENERAL PRACTICE,57 CITY HALL AVE,GARDNER,MA,014402614,42.5760669,-71.9934081,34,0,9999959999
a0771a6b-6b80-3cfc-a441-ec121b127b9e,71472d9b-aa5c-3b49-a5c3-d0eee8859015,Tyree261 Kutch271,M,GENERAL PRACTICE,118 WATERHOUSE RD STE C,BOURNE,MA,025328305,41.7281115,-70.5861571324252,204,0,9999951996
cafe5e51-9edc-3bc1-8ade-9ab8dca9db97,8a2e2731-3240-39d1-b4f0-cad14200937d,Carter549 Ritchie586,M,GENERAL PRACTICE,88 WASHINGTON ST,TAUNTON,MA,027802465,41.9062805,-71.09518121351795,190,0,9999990192
b0eeabc3-422a-397c-99db-e594b9782a0b,bee866be-d41f-3259-97b2-0e10331c6c16,Emory494 Sawayn19,M,GENERAL PRACTICE,589 HIGHLAND AVE,NEEDHAM,MA,024942205,42.300873100000004,-71.22988027903574,1,0,9999901892
6c03e245-7dbf-36aa-bb30-6ef1d6938847,dcbd0460-9bcf-3e7d-a923-1d22bcc5a9bd,Troy560 Dooley940,F,GENERAL PRACTICE,279 DALTON AVENUE  SUITE B,PITTSFIELD,MA,012013500,42.4606344,-73.22185917597403,5,0,9999937193
d1f8c0a4-395d-3a00-abda-ae2240db901e,88e28a1c-aad9-36d0-832b-b579ecb95c3d,Cherish740 Toy286,F,GENERAL PRACTICE,14 MANNING AVENUE,LEOMINSTER,MA,014535768,42.5253035,-71.7584413,361,0,9999978395
1884e7c7-ab45-3369-9b85-b102a59958ae,bd6cec50-10de-3696-940b-4022618764ab,Gerardo48 Graham902,M,GENERAL PRACTICE,40 MARTIN ST,MELROSE,MA,021763607,42.457050550000005,-71.07494593157304,1,0,9999876391
f87a0fa1-c468-3e6c-bb73-ee9ca94e998a,4cf79e95-2815-3a4c-a3b8-951fe548dd27,Tracey100 Champlin946,F,GENERAL PRACTICE,20 ELM ST,PITTSFIELD,MA,012016502,42.4458896,-73.2448206979669,133,0,9999945097
325187e8-ccd5-3ccb-b6dc-17e2f4a643d7,52ecddd8-42f6-35cc-88a5-cf474c02fb49,Cecil300 Fahey393,M,GENERAL PRACTICE,94 OBERY STREET,PLYMOUTH,MA,023602130,41.93725,-70.65503160208334,64,0,9999900993
f31f5635-8ad4-3a4d-9fc9-22d71f372b81,65450d34-6d61-3601-b325-9d471587b016,Rachael540 Moore224,F,GENERAL PRACTICE,4 COURTHOUSE LN,CHELMSFORD,MA,018241731,42.62439345,-71.35881000636567,18,0,9999961995
7cb0ca23-bbe3-3997-8a7f-d9bd1dfe0889,05bcaa3e-aa5d-3b03-ba26-7e4d2e083681,Bok974 Howe413,F,GENERAL PRACTICE,1 LOVE LN,SOUTH DENNIS,MA,026603445,41.699084799999994,-70.13271830347861,6,0,9999874297
86367e6a-c78c-3181-80d3-9cf972e3b92a,0c8cc36b-3025-37ad-b7ab-50ea3aeea5a8,Clifton91 Terry864,M,GENERAL PRACTICE,143 LONGWATER DRIVE,WEYMOUTH,MA,021902432,42.2212188,-70.9391625,113,0,9999969998
636008ca-41ca-3dcc-b4e8-8939bcab2736,2b376b69-72ac-3d68-aceb-018e82b8fc8f,Shaquita282 Klocko335,F,GENERAL PRACTICE,113 CENTRAL AVE,HYDE PARK,MA,021363021,42.26077065,-71.1187885119897,3,0,9999880799
19b3e063-0327-3c64-8291-ffd0428a8aeb,59d1f454-5701-3f71-8fe7-94f785e15062,Wilton999 Lesch175,M,GENERAL PRACTICE,57 OLD ROAD TO 9 ACRE CORNER,WEST CONCORD,MA,017423317,42.4566859,-71.3942316,12,0,9999902692
df88a3b7-c181-3c03-81d4-8a4fe6cebd43,3f4167a5-1477-35da-a456-fc05c8858aa7,Ouida808 Bednar518,F,GENERAL PRACTICE,244 MAIN STREET ANNEX,WORCESTER,MA,016023339,42.2625621,-71.8018877,15,0,9999956391
c7381b20-5ce6-3983-984d-3d7ad4789191,75f0d4cd-dbbb-3037-b6ad-2e99665728c7,Norah104 Friesen796,F,GENERAL PRACTICE,70 FULTON ST,BOSTON,MA,021091402,42.362439499999994,-71.05377386223965,81,0,9999943399
9167ec9c-fb31-3aa3-a0e3-bbcfb5fb3da0,fa564970-fde4-332c-91d9-c0747b032d3e,Jeremy766 Hudson301,M,GENERAL PRACTICE,34 SOUTH LINCOLN STREET,NATICK,MA,017606049,42.2731232,-71.3105334275248,33,0,9999899591
3694e7a4-43d1-3f60-9a49-c4b42563e0e0,babdf8a0-20ba-39e9-8e07-de3394e4f677,Ji399 Bins636,F,GENERAL PRACTICE,113 LOW ST,NEWBURYPORT,MA,019503540,42.809757,-70.89152,1,0,9999884395
ad946107-d400-370a-a1aa-91c95241f2ef,39104cad-5228-3e07-9b3e-3ad736b33d5d,Hilda552 Muller251,F,GENERAL PRACTICE,200 PROVIDENCE HWY,DEDHAM,MA,020261881,42.22214545274341,-71.18159060546684,377,0,9999946699
6bde2d5e-1c94-3102-b66b-0d39f256e660,a3a72023-3f37-3d77-be82-62085a912993,María Luisa888 Jiménez568,F,GENERAL PRACTICE,311 STATE STREET,SPRINGFIELD,MA,011051140,42.10500795,-72.58124154847081,17,0,9999974196
f714258b-3ad4-35b6-9478-604337b0a2f5,1311c44a-85cb-3aea-a143-e5d7892ced8b,Kathrine376 Reinger292,F,GENERAL PRACTICE,300 KENSINGTON AVE,SPRINGFIELD,MA,011071139,42.091896,-72.559437,92,0,9999957597
a9193772-2f28-3065-b6c1-b69244ac993b,5fab4eec-522e-334a-a3e0-41605e009495,Lyla842 Fadel536,F,GENERAL PRACTICE,485 FRANKLIN ST,FRAMINGHAM,MA,017026215,42.2901292,-71.42823088074331,1,0,9999872499
d58195b1-0fdf-3b72-811a-da77cf2aa94a,817a1428-2045-3e89-9fa2-ef7d287d6fa5,Gracia333 Schuster709,F,GENERAL PRACTICE,70-71 N PARISH RD,LAWRENCE,MA,01843,42.690315,-71.150015,342,0,9999976696
9e943555-133d-35fe-92cb-cf2a7654f025,1a40cadb-d382-3853-9975-8b74417f291b,Scott935 Kilback373,F,GENERAL PRACTICE,300 BROOKSBY VILLAGE DRIVE,PEABODY,MA,019601445,42.55186086054086,-70.97261268384547,13,0,9999934893
f0e8f07c-0d70-3c7d-81fb-09bb93503c16,4bf8af75-4da2-331d-b94e-9975a887face,Gussie514 Mosciski958,F,GENERAL PRACTICE,57 PROSPECT ST,NANTUCKET,MA,025542799,41.27514065,-70.10108985970798,107,0,9999972497
0afa86e2-ead1-33e1-b167-3f149c1172a7,b4359169-6bc8-3e93-9e0c-19c6bf518e58,Beatriz277 Gamboa193,F,GENERAL PRACTICE,126 MONUMENT ST,HAVERHILL,MA,018322527,42.78715445,-71.10946686154523,5,0,9999891093
90b79137-2568-305f-902c-2be164a15920,4846e68f-845b-38e6-aa40-48196bf9ff0e,Carylon722 Corwin846,F,GENERAL PRACTICE,130 COLRAIN RD,GREENFIELD,MA,013019625,42.59140995,-72.62336230812821,1,0,9999898197
69b1d7c8-dfb1-3713-8b52-36275f9dc6f0,667b46fe-0afa-3f70-a311-bbe3d52db050,Mickey576 Borer986,F,GENERAL PRACTICE,757 BOSTON POST RD,WORCESTER,MA,016071728,42.231371,-72.165386,40,0,9999938399
aedf0140-87b9-3f27-bfaf-805774f40400,0ff7cb48-0c93-31cf-9442-0b034084d588,Erlene813 Kreiger457,F,GENERAL PRACTICE,2 BEAUMONT AVE,BROCKTON,MA,023023302,42.0835203,-70.98856021035954,2,0,9999873190
eca22feb-7f37-3de6-bedf-9f2dc029c7d8,50a91b37-cb62-3883-aa31-33802f142c2d,Leesa210 Bashirian201,F,GENERAL PRACTICE,65 WALNUT ST,WELLESLEY,MA,024812112,42.324730450000004,-71.25364984557581,20,0,9999960799
95aa484b-27ae-342b-b634-20fc7d47539b,a4af40b8-0ddb-34bb-ae4a-95a17e9ad6f3,Tambra47 Heaney114,F,GENERAL PRACTICE,100 MYLES STANDISH BOULEVARD  SUITE 103,TAUNTON,MA,027807340,41.948930849999996,-71.14141318475193,24,0,9999907295
e565c080-b7d5-38be-929d-3424f07b51fe,009f87f0-4bb6-350c-ba41-0b3235a7ca43,Maurita219 Tromp100,F,GENERAL PRACTICE,277 ELLIOT ST,NEWTON UPPER FALLS,MA,024641201,42.3134306,-71.2206105,2,0,9999898999
e55669dc-04ad-3ab4-8f87-795f5f90ccc4,570d1c4d-e28b-3f11-9250-47f6b3044c22,Akiko835 Hodkiewicz467,F,GENERAL PRACTICE,747 WATER ST,BRAINTREE,MA,021844772,42.1703397,-71.0068435,13,0,9999912899
4ccfdf20-fb42-3844-8457-05324aa4fd58,f945589f-88aa-366b-9e9d-2418d091112d,Ulysses632 Ziemann98,M,GENERAL PRACTICE,105 ERDMAN WAY,LEOMINSTER,MA,014531805,42.54685255,-71.75737313871981,75,0,9999952598
9608a8dd-f6e2-34d5-9047-ca96f70fb8a9,775df862-d2d1-3a68-9814-043f6aa6ea66,Rueben647 Barrows492,M,GENERAL PRACTICE,770 CONVERSE ST,LONGMEADOW,MA,011061719,42.0639853,-72.5521444,5,0,9999890392
808ec342-059d-3547-b1a4-442297b35540,fe675917-7b09-3afd-a6e6-128cc4de4734,Rod343 Kohler843,M,GENERAL PRACTICE,319A ALLSTON STREET,BRIGHTON,MA,021357652,42.345093,-71.139804,94,0,9999932194
996e2d12-bd58-3957-ac6c-6de6509d7b23,bdc3ee76-9cf3-316d-b202-a8da1ea3fa20,Laverna97 Rippin620,F,GENERAL PRACTICE,130 RUMFORD AVENUE  SUITE 211,AUBURNDALE,MA,024661370,42.35853505,-71.24125521214887,31,0,9999906792
7aff1524-0207-3120-be27-e5dbce70d695,8447e2c7-df8d-3e1f-9d88-b67dcca2bcb6,Shirley182 Baumbach677,F,GENERAL PRACTICE,22 HILLSIDE AVE,GROTON,MA,014501284,42.61232115,-71.5798529093222,4,0,9999879791
b8b5ed77-0662-3db3-ad26-20759b5d5571,5d4da50c-8593-304f-b266-57d8f7d634a2,Danette111 Klein929,F,GENERAL PRACTICE,250 SHEARER ST,PALMER,MA,010691428,42.168634600000004,-72.33353526811578,8,0,9999903393
3c50510f-bfd6-387a-ab99-f5b5bd928e73,7f08f09e-c5f7-38cd-83ba-ddafedd88a13,Shayne60 Pacocha935,M,GENERAL PRACTICE,133 SALEM ST,REVERE,MA,021511114,42.43833805,-71.01730877599738,11,0,9999869594
0828d614-43c9-3445-b747-1a685cb83d55,cee48694-b526-344a-b87c-42abe3e6f643,Numbers230 Waters156,F,GENERAL PRACTICE,255 INDEPENDENCE DR,HYANNIS,MA,026011854,41.6772926,-70.29842983396861,20,0,9999937599
48937c59-9fdf-355b-ba2b-251efdd7d0a3,8f0ec876-22d3-3986-892e-4c2052d0fffa,Simone657 Harris789,F,GENERAL PRACTICE,94 SUMMER ST,FITCHBURG,MA,014205761,42.57835885,-71.78584786190521,1,0,9999871491
3b21ab4a-e366-3ed8-ac14-d8846e0dbe96,643eac8e-1620-3b6a-b9f3-664b003d22cd,Daniela614 Serrato62,F,GENERAL PRACTICE,34 GIFFORD ST,NEW BEDFORD,MA,027442610,41.6177929,-70.91890087055067,203,0,9999949594
51bfe58c-71ba-385d-8ec2-9768b21d3ff3,8e3ca57f-6f74-3d61-9803-ab1424290216,Concha418 Mann644,F,GENERAL PRACTICE,89 MORTON STREET,ANDOVER,MA,018102036,42.6551409,-71.12857340697036,81,0,9999894394
74679975-3f33-368c-bac8-95658c3df8ba,5fcff9db-16e4-3e56-aa78-abbc16338097,Marcus77 Schamberger479,M,GENERAL PRACTICE,295 VARNUM AVE,WESTFORD,MA,018863513,42.5792583,-71.4378411,4816,0,9999994798
3ddc21ec-b338-3d41-a9f7-2db0f709c2e6,fa09396a-2926-3b21-ad0c-9f6cabbce0eb,Brigitte394 Bartoletti50,F,GENERAL PRACTICE,1210 BOSTON PROVIDENCE TPKE,NORWOOD,MA,020625061,42.1714075,-71.1951186,17,0,9999940197
3ef96b1d-98b8-3415-ad61-40d37aca0afb,40c01d75-1542-3e0b-8e5f-78d3031beba1,Broderick767 Reynolds644,M,GENERAL PRACTICE,505 PARADISE RD,SALEM,MA,019704267,42.485927,-70.900301,116,0,9999968198
04b3e6a8-7eca-34e0-bbbb-052656d53339,8fed5af6-8e61-33f5-9835-e5d3ac5fdd4a,Justin359 Farrell962,M,GENERAL PRACTICE,11 SAINT ANTHONY ST,CHICOPEE,MA,010132141,42.1813162,-72.61495050899758,5,0,9999897793
38518cff-edaa-330b-9401-08a1c90fb0e6,84abfbd5-41c1-3df4-9b31-7ca93cb2309a,Cole117 Block661,M,GENERAL PRACTICE,85 HERRICK ST,BEVERLY,MA,019151790,42.56415055,-70.8751357650672,154,0,9999953190
b5bfe677-501a-3c4e-ac0d-c36c4f73d486,cce87420-edd2-3473-9d82-5633f05186a7,Filiberto722 Keebler762,M,GENERAL PRACTICE,121 NORTHBORO RD E,MARLBOROUGH,MA,017521844,42.3420796,-71.58749123634463,4,0,9999881094
12d7fa37-e87a-3f11-a423-4438cc11afbc,1ddd51d1-7297-3c3b-bad5-98aecd5e4a79,Derrick232 Kub800,M,GENERAL PRACTICE,127 CAMBRIDGE STREET  SUTIE #2B,BURLINGTON,MA,018033735,42.50188325,-71.19559351572005,125,0,9999922690
657644d6-99e8-3b77-b335-0358ec4e50d6,4cb90b5f-734d-322f-a2f2-776824e1ce35,Irvin970 Emard19,M,GENERAL PRACTICE,770 CONVERSE STREET,LONGMEADOW,MA,011061719,42.0639853,-72.5521444,43,0,9999908392
2b623f08-4e39-3646-abed-1d446a4f7375,93c3d861-e05d-33b9-91eb-1768470229d7,Garret233 Thiel172,M,GENERAL PRACTICE,10 CENTENNIAL DR,PEABODY,MA,019607938,42.5261827,-70.9529896,190,0,9999969493
d82dfd38-1838-3787-a95d-f8ad7079b31a,233b0cce-d2eb-3d4e-bbfb-539cb9dccf4c,Rosana394 Christiansen251,F,GENERAL PRACTICE,100 LOCKE DR,MARLBOROUGH,MA,017527235,42.34926605,-71.580845441892,4,0,9999910497
a374d751-b5d0-3ab6-b589-f7a52ac30487,2e1eaaf1-ebb0-332c-8921-f48e15b91879,Tambra47 Nolan344,F,GENERAL PRACTICE,2 SEAPORT DRIVE,QUINCY,MA,021711599,42.29287335,-71.03019020136307,60,0,9999898791
b4e99e93-3e49-34d5-a023-0659a22ae265,c272e12f-e154-3fee-b05d-b7c0cab2657d,Trinidad33 King743,M,GENERAL PRACTICE,800 WASHINGTON ST,NORWOOD,MA,020623487,42.1886973,-71.2005241,1358,0,9999987099
c82cf0de-28e2-3a5d-9eff-233bcc2b9627,ca1c0a76-f601-3a1c-a448-689cd3d56bb1,Livia401 Rippin620,F,GENERAL PRACTICE,96 FOREST STREET,PEABODY,MA,019603907,42.528469349999995,-70.95557442492182,25,0,9999887299
626d2a81-1742-3611-a470-ce32d52e6193,8d0f0e66-b1dc-37fd-8b4e-0dcb6b3b446e,Les282 Pollich983,M,GENERAL PRACTICE,200 Springs Rd.,Bedford,MA,01730,42.503376,-71.272644,1721,0,9999985291
fd7ffbb4-ae18-3199-8c60-f411aac6a654,b66db758-a205-3227-9cfb-bf19d2c1962d,Jamal145 Stroman228,M,GENERAL PRACTICE,121 HARVARD AVENUE  2ND FL,ALLSTON,MA,021342702,42.35241825,-71.13220132573996,30,0,9999933697
e5d8d1f2-9bc1-36af-b7cf-d0d42297258f,b99b7849-2b53-33fb-8ce2-e3a95f17ae51,Bee658 Pouros728,F,GENERAL PRACTICE,910 BOSTON POST ROAD SUITE 320,MARLBOROUGH,MA,017523761,42.355106,-71.47654,38,0,9999934596
9aaf0f47-ae67-3009-b87e-33013a5df5ee,f6a306cf-7bd6-35f4-a6b7-2d07d273914c,Ariel183 Von197,M,GENERAL PRACTICE,63 FOUNTAIN ST STE 402,FRAMINGHAM,MA,017026280,42.27595495,-71.42631150114194,225,0,9999943092
6d935998-8e32-3608-befc-488ef6c8812a,e49b692f-cccc-3cd5-93df-6db63dfc3e4a,Rolland302 Lemke654,M,GENERAL PRACTICE,1250 HANCOCK ST STE 104N,QUINCY,MA,02169,42.2517569,-71.0033967,16,0,9999960898
33c737fc-9e99-3500-90dc-52cdb517d796,f549a720-814b-3dc6-ae77-6376a22564ee,Nichole96 Prosacco716,F,GENERAL PRACTICE,209 COUNTY RD,NORTH FALMOUTH,MA,02556,41.6459404,-70.6183639,2,0,9999878496
bcf385f6-5163-395a-bc85-465eb7d318ff,32fcdfba-8c93-30f4-b15b-dd3b65c29deb,Sparkle906 Bernhard322,F,GENERAL PRACTICE,20 NORTH MAPLE STREET,HADLEY,MA,010359715,42.3615107,-72.55261320852942,85,0,9999892794
5e477602-fa8e-3397-a7a3-708e8e8b5ec5,0ddb0329-b59d-3187-874c-602c649249c8,Eldon28 Cassin499,M,GENERAL PRACTICE,115 W SILVER ST,WESTFIELD,MA,010853678,42.1178811,-72.75935246865802,1410,0,9999991497
3934b675-6feb-36d8-8797-6d5caa8e87eb,1e3ca321-fbbb-3546-b9ea-c3761a20324a,Clotilde434 Howe413,F,GENERAL PRACTICE,605 Lincoln Street,Worcester,MA,01605,42.297756,-71.766815,1001,0,9999983296
f375b4ca-6ae5-3d64-9d46-f2e6a26127f9,764bf964-6ab7-30eb-885b-3d713ca43265,Carrol931 Wilderman619,F,GENERAL PRACTICE,ROUTE 6   P O BOX 1430,WELLFLEET,MA,026677402,41.936423,-70.021074,124,0,9999982397
d65e0c31-cfd8-3b25-a86d-4395425b2362,2cf06ddc-4c55-3c91-98f1-fb0188079c27,Alena861 Rolfson709,F,GENERAL PRACTICE,10 VETERANS MEMORIAL DRIVE,MILFORD,MA,017572900,42.14682295,-71.50153080894427,66,0,9999892893
69307422-8ab0-367c-b296-236d2ee94801,02c936e2-3aee-38b2-88a4-81f3689b7bb7,Aaron697 Kohler843,M,GENERAL PRACTICE,120 FISHER AVENUE,BOSTON,MA,021203320,42.3276141,-71.1051603,45,0,9999888099
5d187754-7b15-318e-9845-646ac8422200,5f7663da-4b19-3629-b8f2-fb07d75421d9,Savanna736 Johnson679,F,GENERAL PRACTICE,42 ASBURY ST,SOUTH HAMILTON,MA,019821808,42.61322825,-70.87300675048934,64,0,9999941492
8fe58340-48c1-31a9-919c-d5badadc8f64,609ec9f1-e806-3427-b912-9e3b2915521d,Cherrie404 Conn188,F,GENERAL PRACTICE,575 BEECH STREET,HOLYOKE,MA,010406604,42.20105435,-72.628169560868,191,0,9999933390
cbff7a37-2e07-3c54-8268-0d2cb5a3ccc2,5fa5e611-be3d-3ebb-8f71-124325f6005f,Rachele486 Nikolaus26,F,GENERAL PRACTICE,480 ROUTE 6A,EAST SANDWICH,MA,025371438,41.742172,-70.45251,362,0,9999955393
c05f1248-f6fe-3e33-a129-e760418ea970,bff65303-97b4-3841-950a-1c9e9e735de0,Omar359 Schimmel440,M,GENERAL PRACTICE,100 AMITY ST,FALL RIVER,MA,027212202,41.6737661,-71.16934217317342,7,0,9999877399
0c2939cf-9be7-3b01-8b0a-3bda7591d5a1,bb3d48eb-0c30-34f4-8950-790fc984741b,Alane21 Frami345,F,GENERAL PRACTICE,1601 WASHINGTON STREET,BOSTON,MA,021181951,42.3381394,-71.0748562,30,0,9999980193
2c0d5476-d0e4-3f17-a565-87e91841d1f7,bf556284-7513-3620-a10e-5393183a9a87,Jesus702 Roob72,M,GENERAL PRACTICE,795 MIDDLE ST,FALL RIVER,MA,027211733,41.6924092,-71.16345107025307,1191,0,9999985994
d5f1281e-bfd9-3036-bd7e-3c020d40c675,9fd71acd-3535-353d-975f-ed7dbf5f9961,Yvette315 Herzog843,F,GENERAL PRACTICE,250 GREEN ST,GARDNER,MA,01440,42.586896550000006,-71.98672640006858,134,0,9999971192
1a93359e-b95b-3656-ab25-e88f9e645848,e93b27a8-6507-3595-84a5-f899ce23a72d,Faustino767 Sanford861,M,GENERAL PRACTICE,70 EAST STREET,NORTH ANDOVER,MA,018456144,42.6839894,-71.1127065,171,0,9999949396
3fca05c9-694c-396d-98e4-96752cdc3b7b,365eae93-6352-3d48-9a8d-dc9fa4b917be,Lorean637 Kertzmann286,F,GENERAL PRACTICE,32 HOSPITAL HILL RD,GARDNER,MA,014402302,42.572366450000004,-71.97690789055164,2,0,9999869297
c7bc3999-7a4e-334d-b319-0b5a22d3ee27,2b84e56e-08b4-3078-b3ea-4d159208e065,Verda448 Bahringer146,F,GENERAL PRACTICE,1029 PLEASANT ST,BRIDGEWATER,MA,023242301,41.9718173,-71.00937893001648,454,0,9999950295
05a640d8-4bdb-3b43-884e-f250509574ee,05137a62-1a8f-34ff-8baf-a0c35c238ea0,Colleen54 Olson653,F,GENERAL PRACTICE,750  ATTUCKS LANE,HYANNIS,MA,026011950,41.676027500000004,-70.29727035,24,0,9999928499
9ebe851b-551a-37f8-a0ea-8f4d512e38be,7b9a19b2-d900-3f93-a47b-4b88491fb57b,Francis500 Witting912,M,GENERAL PRACTICE,308 KINGSTOWN WAY,DUXBURY,MA,023324647,42.030389650000004,-70.73959947632582,13,0,9999878090
ff44b283-d7a7-3662-ae49-e9a9fde9a428,4ffa4412-1493-3beb-b8f0-6614dde953a4,Sulema841 Ryan260,F,GENERAL PRACTICE,363 HIGHLAND AVENUE,WAREHAM,MA,025715011,41.745636,-70.658192,1895,0,9999995795
5a2caf1d-5f19-37dd-9f7e-998fd0aa1099,ede4a423-6258-3ef5-b5ba-0fa6bb579563,Olinda137 Paucek755,F,GENERAL PRACTICE,326 NICHOLS ROAD,FITCHBURG,MA,014205478,42.5974358,-71.80761197366103,460,0,9999973198
bb0a5da5-fa51-3938-9017-b4bcbb2b8d97,a14e698d-a9ba-3eae-9c8b-682ec726433d,Brian582 Cummerata161,M,GENERAL PRACTICE,776 WESTERN AVE,LYNN,MA,019052408,42.466763,-70.9494939,1497,0,9999937995
ae12267e-b0a9-3e8c-b200-b20b12ac3513,69eae27b-7445-3652-bd34-b535abe0b011,Hong136 Schneider199,F,GENERAL PRACTICE,9 BICKNELL ST,QUINCY,MA,021696003,42.252227399999995,-70.96584679278924,182,0,9999980995
ba5b959b-8a41-39d2-b6c8-27a8d177feae,dd9914b0-9491-3330-a890-d34e95e497ea,Assunta351 Haley279,F,GENERAL PRACTICE,1061 PLEASANT ST,NEW BEDFORD,MA,027406728,41.64280275,-70.92865004309593,405,0,9999967794
565450af-ea0b-372f-8d2d-8e935bcb2be3,c3a898a1-c269-39b4-80d7-accb96a03bbc,Keith571 Friesen796,F,GENERAL PRACTICE,32 CHESTNUT ST,EAST LONGMEADOW,MA,010282803,42.0532618,-72.50214900582449,3,0,9999870790
e4f710bd-a142-3731-92a7-f6e0ec4f37e3,d4b9a3f0-210d-3e46-a2c7-e099658ac543,Lucina142 Moen819,F,GENERAL PRACTICE,7000 GREAT MEADOW ROAD,DEDHAM,MA,020264090,42.266408549999994,-71.19518435636284,50,0,9999891598
0bb65b46-03fe-352d-8a04-5f3a92ee2a3a,7f26da64-69ab-3db4-b285-c48c9836a653,Frances376 Hansen121,F,GENERAL PRACTICE,500 WENTWORTH AVE,LOWELL,MA,018524937,42.631409,-71.283668,2,0,9999870493
303e320e-cdc8-3ce8-a8e3-4ccaf69cc098,a247ed53-5f17-3eb5-87be-1d2257fa1579,Jamal145 Weissnat378,M,GENERAL PRACTICE,44 KEYSTONE DR,LEOMINSTER,MA,014531904,42.55144955,-71.74402465363428,1,0,9999869198
e2e6e325-76c2-3121-bb7f-1fe0a35e014c,4c1a8ea6-b690-3c28-a02e-ebd82190ee65,Marcos263 Cronin387,M,GENERAL PRACTICE,885 WASHINGTON ST,BOSTON,MA,021111415,42.3479909,-71.064924,77,0,9999977991
d1fc70a6-2d1a-362e-b4ff-556f3a6b17ca,a7147477-c4dd-3018-b921-2707d7e098ee,Chrystal576 Kreiger457,F,GENERAL PRACTICE,164 PARKINGWAY,QUINCY,MA,021695020,42.245070088637796,-71.00313070924581,14,0,9999877498
5fa042be-d894-3563-ae1d-8e5f4f6366e4,5ba6765a-f335-36b0-9c6a-6bb494c5330d,Sasha806 Schamberger479,F,GENERAL PRACTICE,31 OLD ROUTE 7,WESTWOOD,MA,020902333,42.2139873,-71.2244987,467,0,9999938795
3a0e543d-90c9-3964-89cb-732758c77a6c,b6eeaaf7-1683-3bcb-b6ee-81ce304636ef,Ariane992 Pagac496,F,GENERAL PRACTICE,170 GOVERNORS AVE,MELROSE,MA,021763225,42.4564323,-71.064182,6225,0,9999989095
b5a7e0de-6765-32c4-a6c7-54ddba8fed4e,1c42af32-f17e-32ec-b007-4ff8e2de493e,Ivette731 Wunsch504,F,GENERAL PRACTICE,235 NORTH PEARL STREET,STOUGHTON,MA,020723396,42.1004556,-71.0668392,298,0,9999991091
3395ad9a-dd8b-3701-b16e-779a8d6751e9,ed5fc1f7-0ecb-3973-a5fc-89f80c6f5c9f,Theo630 Homenick806,M,GENERAL PRACTICE,303 C HAVERHILL STREET,ROWLEY,MA,019692101,42.704962,-70.90837,24,0,9999969394
ab0c07f9-ff5e-3baf-a8b1-74abffa83cad,12dc66ee-e2c7-3d5a-892e-157ff1d47f32,Felix524 Rogahn59,M,GENERAL PRACTICE,242 GREEN ST,WINCHENDON,MA,014751820,42.68061,-72.060691,91,0,9999997593
963bda84-d568-3419-8cb1-ffcf4c833006,65eda534-1bdc-3192-8d02-1c3764447790,Alonso270 Hand679,M,GENERAL PRACTICE,1244 BOYLSTON ST,CHESTNUT HILL,MA,024672115,42.3214927,-71.1711481,148,0,9999968297
3508a408-1fac-3adf-8f5f-ef827c479a34,14932db8-e179-331d-98ad-dc1c352cb6d3,Lora418 Barrows492,F,GENERAL PRACTICE,743 MAIN ST,MELROSE,MA,021762707,42.460108950000006,-71.06216841036309,3,0,9999876193
d02d0d5e-cdf5-3ae7-961d-35e348281584,d613e441-68e8-3502-8adb-3f770a1276bf,Colin861 Witting912,M,GENERAL PRACTICE,114 WATER ST,MILFORD,MA,017573007,42.13661855,-71.53474614336832,596,0,9999960096
155c84d1-fd3c-31b0-ac4d-176b49fa3a7e,05abc3ba-9d27-385d-9d81-79f3ce77709b,Alexia646 Howe413,F,GENERAL PRACTICE,10 MARY SCANO DR,WORCESTER,MA,016052884,42.27503365,-71.77776403320533,2,0,9999896498
e12585b0-f431-3327-abdc-67fac9e204eb,de29a374-221b-3cb4-8051-a02c1a35e5b7,Morgan564 Marvin195,M,GENERAL PRACTICE,562 WASHINGTON ST,SOUTH ATTLEBORO,MA,027036942,41.912892049999996,-71.36135809627689,569,0,9999964791
89c00bb6-2178-32be-a563-73b4cf03071b,b0b89e26-30e3-35d4-af87-29fb529579cf,Tran115 Jakubowski832,F,GENERAL PRACTICE,391 HANOVER ST,FALL RIVER,MA,027205432,41.71019285,-71.14377103194548,6,0,9999907899
c1042424-644a-3c49-be10-94f09539e135,b03b624d-c939-3688-986d-9555b8009a3b,Bennett146 Hartmann983,M,GENERAL PRACTICE,230 MAPLE ST,HOLYOKE,MA,010405144,42.207406,-72.608419,228,0,9999981894
97b72d41-1880-31be-bd2a-3e618d867d1c,ea153d0a-9ccc-3769-9a25-934b417071b7,Tashina114 Towne435,F,GENERAL PRACTICE,463 WORCESTER RD,FRAMINGHAM,MA,017015354,42.3095704,-71.4413097,188,0,9999959395
9a5fdd12-af1c-36aa-8d84-10cc11049c30,d3085315-9893-34c7-8889-3a31dc17c2b0,Ethyl508 Rau926,F,GENERAL PRACTICE,1428 MAIN ST STE 7,WALPOLE,MA,020811729,42.1325911,-71.2618886,487,0,9999948794
7bfdc7d3-5695-394a-ae77-27968ebfab39,ace1ac31-036a-38fd-b451-b3b87157c717,Alejandra902 Thompson596,F,GENERAL PRACTICE,170 MORTON ST,BOSTON,MA,021303735,42.299067750000006,-71.10124351911541,123,0,9999979096
e1e937bc-38ff-303c-9988-856db609f50f,eed72b73-31ec-3f0a-9ec4-cee4ea7da02a,Sylvester827 Stoltenberg489,M,GENERAL PRACTICE,154 WATER ST,DANVERS,MA,019234103,42.54484315,-70.91821226389943,1,0,9999901496
3d8a0f3c-fcf9-3725-bc50-d57776de184e,469171e3-f6ec-3258-8e16-7038f6a439c0,Rodger755 Brakus656,M,GENERAL PRACTICE,COUNTRYSIDE DRIVE,MILFORD,MA,017571252,42.1413353,-71.5192019,13,0,9999891697
32a7ff0d-8444-35e7-9da3-8b93fe20e4b0,6da1fb82-e214-3226-b32c-e93faf0c3764,Hwa978 Hane680,F,GENERAL PRACTICE,1 UNION STREET,LAWRENCE,MA,018401815,42.706184,-71.153288,28,0,9999928697
87a4787f-d726-33aa-9491-585405dad4b1,18061fd5-fda8-3e2d-87f0-0f3c87211bcc,Omer483 Koepp521,M,GENERAL PRACTICE,1493 CAMBRIDGE ST,SOMERVILLE,MA,021431408,42.3875968,-71.0994968,1698,0,9999992792
b2496d4f-36ed-3e1d-a700-5aca9853a4ec,1faab3d1-2ae5-3110-8e5f-c65b92ca906d,Ernesto186 Méndez913,M,GENERAL PRACTICE,29 LEWIS AVE,GREAT BARRINGTON,MA,012301713,42.19093125,-73.3715000043024,347,0,9999986190
96971dcd-4c13-37eb-8b15-7b50337450d4,c64c848c-0315-3115-87fa-80c360bb6a73,Sondra191 Zieme486,F,GENERAL PRACTICE,142 BERKELEY ST,BOSTON,MA,021164608,42.3489076,-71.0721378,56,0,9999976191
4ec2c29f-8067-375a-be7f-a7317adfe120,2d368a24-7410-3be2-ab17-da96581aabad,Quintin944 Medhurst46,M,GENERAL PRACTICE,65 WALNUT ST.,WELLESLEY,MA,024812188,42.324730450000004,-71.25364984557581,32,0,9999964692
1cba289d-1790-3dcb-b1cf-a4ebebe37d3b,76281d34-caff-30e0-8545-bcdf33182109,Jane262 Schmeler639,F,GENERAL PRACTICE,500 WILBUR AVENUE,SOMERSET,MA,027252051,41.72075205,-71.16843052114558,188,0,9999888396
6edb554b-9f56-3837-8469-371aec9715ba,4633340c-c833-30a3-ab0e-f5cfa5fda28b,Lincoln623 Trantow673,M,GENERAL PRACTICE,250 GREEN ST,GARDNER,MA,014401377,42.586896550000006,-71.98672640006858,29,0,9999968495
8f3363e3-2653-33c5-9d51-e4f41638d8e0,7e97f720-f99d-3402-98a4-a144aaa5bd01,Damian46 Hansen121,M,GENERAL PRACTICE,210 JONES RD,FALMOUTH,MA,025402974,41.5614958,-70.6117407224321,308,0,9999976092
3c52cc32-8ff5-34d1-afad-07e06e12d163,b3ada130-6443-3a8e-98c7-4ec127a2b0c4,Natalya468 Haley279,F,GENERAL PRACTICE,ONE GREAT ROAD,ACTON,MA,017205601,42.4850931,-71.43284,401,0,9999895193
c531c475-9837-3907-a00b-f974f367b3dd,d17688c1-9cc8-3e68-980f-82fe1ed685fe,Eleonore965 Robel940,F,GENERAL PRACTICE,100 TEATICKET HWY,TEATICKET,MA,025365678,41.56361395,-70.59806084770075,89,0,9999951897
d4f4d692-4671-3f3e-9f0d-0db633c08657,7489f6e0-fee6-3fff-90b6-444868eb907c,Kasey569 Rau926,M,GENERAL PRACTICE,1 KIDDIE DRIVE  SUITE 106,AVON,MA,023221182,42.130150349999994,-71.05720685110387,51,0,9999931394
c64171c1-b33f-3686-8bae-e59cb2dc0789,084b19be-a78e-3626-b156-a50134fa7fe2,Glinda951 Smitham825,F,GENERAL PRACTICE,10 RESEARCH PL STE 202,NORTH CHELMSFORD,MA,018632439,42.6389798,-71.3828403,41,0,9999943498
17b63260-49ef-3e24-9383-37337eaecd6f,06f1d816-dd54-3409-bd94-8dc2745f807c,Yulanda554 Hand679,F,GENERAL PRACTICE,12 KENT WAY  SUITE 210,BYFIELD,MA,019221221,42.75468625,-70.9451078257969,24,0,9999931899
cfed69ec-26a8-3560-9bdc-454c5875b007,acffdfa8-1383-3929-8c99-e73969491439,Warren653 O'Keefe54,M,GENERAL PRACTICE,1153 CENTRE ST,BOSTON,MA,021303446,42.3017598,-71.12855793387442,499,0,9999992297
a3d08a25-073c-396c-85c0-22b2cbf87ff4,ca2937a1-8877-31a2-9d38-561bd300b3e3,Yuko264 Mueller846,F,GENERAL PRACTICE,780 ALBANY STREET,BOSTON,MA,021182755,42.333645250000004,-71.07279114401811,31,0,9999978890
73c323aa-75ae-38e2-a10b-87771ef5b4ff,545dcda5-7471-374e-9251-b4b685197d3c,Lezlie553 Koss676,F,GENERAL PRACTICE,175 CONNORS STREET,GARDNER,MA,014402637,42.5730593,-71.99713285,268,0,9999981191
a92a0bbf-e4ae-310f-af04-2110fd6984d9,45ce6eff-535b-37e2-bed3-1946200aa03f,Sang383 Blanda868,M,GENERAL PRACTICE,309 BELMONT STREET,WORCESTER,MA,016041059,42.280233499999994,-71.7694812367883,329,0,9999989996
d83e32e0-9d10-3b98-a22c-f380ffcd17a4,044e0760-ec11-3452-a46e-8af2bbeec083,Melonie209 Towne435,F,GENERAL PRACTICE,90 WEST STREET,WILMINGTON,MA,018873039,42.54038775,-71.13933791916014,1,0,9999872697
1b9c2867-a2ee-30f6-b26b-e9fb924feb18,43e33b67-64ac-3314-99ee-114fb2b56b80,Fidel864 Cummerata161,M,GENERAL PRACTICE,200 HILLSIDE CIRCLE  SUITE 2,WEST SPRINGFIELD,MA,010894681,42.105237,-72.6213712,48,0,9999913392
4290fcd7-361c-3dff-ac1e-0a94fd559fdc,1e11392b-1278-3e70-93cd-f396cbd0c265,Gerry91 Block661,F,GENERAL PRACTICE,115 LINCOLN ST,NATICK,MA,017607700,42.2843753,-71.3441395,3458,0,9999996397
1219530e-3fc1-36be-9631-d50477a605ae,fe30f2b4-9bc8-346e-afba-4455d1766545,Wilson960 Turner526,M,GENERAL PRACTICE,17 LAFAYETTE AVENUE,CHELSEA,MA,021502010,42.40019115,-71.03050082480353,365,0,9999885897
fcf210d2-5038-38b2-b2d4-83766b456f60,00fde0ed-5951-3b9f-8413-0f25f85a8d4f,Artie871 Hodkiewicz467,F,GENERAL PRACTICE,81 OLD COLONY WAY STE D,ORLEANS,MA,026533278,41.78403385,-70.00060868097228,42,0,9999971093
3572806c-a1ea-3c7a-bbad-1b1eb65680d5,6cf8a214-8d57-3267-85e5-7719e15cd63e,Cindie288 Zulauf375,F,GENERAL PRACTICE,170 MORTON STREET,JAMAICA PLAIN,MA,021303735,42.299067750000006,-71.10124351911541,905,0,9999999995
5915a6a3-7e3a-3dc3-ace3-7d8b81597056,13161e5b-02d2-3d19-8b48-26ef0becfc83,Janet238 Crooks415,F,GENERAL PRACTICE,165 CAPTAIN'S ROW,CHELSEA,MA,021504019,42.3917638,-71.0328284,90,0,9999891390
6defa4c5-21c4-327d-a7cb-d79247aff351,4bc0cc09-77e5-37f5-844d-64a6637cae54,Ahmed109 Feil794,M,GENERAL PRACTICE,91 EAST MOUNTAIN ROAD,WESTFIELD,MA,010851801,42.110743549999995,-72.70066160206358,1137,0,9999999896
c06dce09-18f8-39e2-bad8-4262d1149f89,b4e81d20-a3d6-39db-8b04-bcc4ab5de7b2,Carri827 Flatley871,F,GENERAL PRACTICE,354 WAVERLY ST,FRAMINGHAM,MA,017027079,42.276938650000005,-71.41386787587439,146,0,9999975490
4ed11a12-c0ec-38cd-b5a8-e288b6fd577a,3c6efeb4-3e73-3d5a-9d45-8fbf9f389bed,Viola977 O'Kon634,F,GENERAL PRACTICE,40 WASHINGTON STREET SUITE 110,WELLESLEY HILLS,MA,024811802,42.2925555,-71.2956739,8,0,9999928994
1bbf4e89-4e5e-3576-9a18-bb709825309b,2fd34be1-9720-3dad-b8bd-815e173b92fb,Nikki942 Orn563,F,GENERAL PRACTICE,87 HERRICK ST,BEVERLY,MA,019152773,42.56523335,-70.87472842494441,1,0,9999868596
0f8598e4-49df-3ce7-b6e3-67086ec28274,0fedae9f-701f-3317-9b2f-69aea2202cdc,Willian804 Batz141,M,GENERAL PRACTICE,88 EAST NEWTON STREET,WINTHROP,MA,021522715,42.3750976,-70.982827,3312,0,9999993998
6f322b6f-1763-3175-a25b-9f02357bf266,9043e647-568d-3e87-9fc0-756a416392d3,Alica364 Hartmann983,F,GENERAL PRACTICE,27 CENTENNIAL DR,PEABODY,MA,01960,42.52388415,-70.9519832,135,0,9999967695
67377611-e212-3e47-867d-df303106f61d,c7b63332-fdc7-3ab3-936b-284b931a9f6a,Phillip440 Nolan344,M,GENERAL PRACTICE,55 COOPER STREET,AGAWAM,MA,010012149,42.080218599999995,-72.61816103207964,34,0,9999893990
94e9cf70-f293-3b1d-8c72-5327062c1ded,0cc04ba5-137a-3ef8-acda-e79b25960b2a,Agustín529 Dávila115,M,GENERAL PRACTICE,25 ADAMS ROAD,WILLIAMSTOWN,MA,012672928,42.7009605,-73.18515951851253,57,0,9999887398
8f575ccf-4c5c-3e47-8655-a6ea40326fb4,3e16ee4b-2dc7-3e29-ab5b-0ce980c362b1,Reyes140 Sauer652,M,GENERAL PRACTICE,1200 SUFFIELD ST,AGAWAM,MA,010012933,42.04892565,-72.63626743195428,1,0,9999873794
de78ea2f-8606-337f-869b-35af5a0d6d2b,ccb716b1-277f-3eff-999f-3ac0df45713a,Genaro214 Boehm581,M,GENERAL PRACTICE,25 LAFAYETTE ST,MARBLEHEAD,MA,019451939,42.4938348,-70.87382362834484,4,0,9999893198
edc08d6f-5a34-3e7b-b078-dc962ce95bfb,733fc7d0-7cf3-3995-82ef-a9883b807273,Daryl568 Yundt842,M,GENERAL PRACTICE,175 FRANKLIN STREET,NORTH ADAMS,MA,012472712,42.70707,-73.10094536747326,130,0,9999886499
2428cb99-1f81-3a08-aaa4-e0fd2ab98f91,86bbc3aa-e927-3d56-9d77-ab701b4b2926,Tynisha348 Howe413,F,GENERAL PRACTICE,538 ROBESON STREET,FALL RIVER,MA,027205496,41.707225,-71.1432141111111,71,0,9999893792
dcb894ed-4cdd-396a-91e4-5dd674be7340,9ab139f5-d278-31b4-b44e-feffdea65613,Shayla126 White193,F,GENERAL PRACTICE,88 ROUTE 6A 101,SANDWICH,MA,025631866,41.764922,-70.502215,96,0,9999934794
9de5644e-811d-3eef-af69-491fd8909c95,21fa25b9-6842-3a3c-bef2-2eb383ad525e,Patrick786 Langosh790,M,GENERAL PRACTICE,180 LOW ST,NEWBURYPORT,MA,019503519,42.815683050000004,-70.89666045994463,1,0,9999905794
c4fd28de-aae4-3e7b-b834-b9d89940a510,4b7c1695-a178-3e03-8651-51acfd3b8372,Juan88 O'Keefe54,M,GENERAL PRACTICE,600 OLD SOMERSET AVE,NORTH DIGHTON,MA,027641824,41.86399,-71.1244904,109,0,9999968594
df2c812e-5d2c-3b10-9afd-31775e1617df,a3327df4-d092-350b-b551-e60c82076c9a,King743 Predovic534,M,GENERAL PRACTICE,46 NORTH MAIN ST,W BROOKFIELD,MA,015853232,42.23754835,-72.13791547215251,314,0,9999957894
6221271d-1a53-3843-9d04-4a0170f13a38,0b5f4cda-f9ae-36a8-a94c-ffbf56f45236,Guadalupe206 Hodkiewicz467,M,GENERAL PRACTICE,210 MARKET ST,NORTH ANDOVER,MA,018451656,42.6839894,-71.1127065,16,0,9999910190
42a3cb2e-6599-3201-a4a2-45f424f0db20,aade280a-3b90-3e48-9648-91109a964a63,Josef103 Klein929,M,GENERAL PRACTICE,909 SUMNER ST,DARTMOUTH,MA,027473826,41.6332267,-70.9879928,3001,0,9999985390
c493ca18-bfa7-32a3-a6bc-ea5d33c72844,6adc9d34-9b73-3285-abb7-56e567f1ba26,Candy565 Wunsch504,F,GENERAL PRACTICE,271 NAHANT RD,NAHANT,MA,019081341,42.42554385,-70.91995214383596,8,0,9999885491
87c4fc9a-090a-3ab7-9239-77e438f7503f,df3ffcde-b9eb-3965-acdf-f56a6d1424c4,Mayte822 Garica503,F,GENERAL PRACTICE,1 ARSENAL MARKET PL,WAYLAND,MA,017781840,42.3632063,-71.3606721,14,0,9999905893
7e8d4e64-16b1-3980-af7d-9cbbcb7a415e,981338c4-287c-3621-bc45-8b0b9f1b8922,Cari853 Kohler843,F,GENERAL PRACTICE,640 BOLTON ST,MARLBOROUGH,MA,017523999,42.3658183,-71.55914630258509,441,0,9999955898
220ad018-6eec-31b9-b21d-b1e075a0c8ee,96e9e829-0b71-3ad3-8b41-60e25b5d47d7,Doyle959 Crooks415,M,GENERAL PRACTICE,111 ORIENT AVE,EAST BOSTON,MA,021281006,42.39055278090538,-71.00587148689957,4,0,9999871897
8bbfb529-a16c-3e51-b65a-5af2c89ddfed,e59fb2d5-508c-38c6-af2e-21d8216dd2b0,Logan497 Fisher429,M,GENERAL PRACTICE,759 CHESTNUT ST,WARE,MA,010821625,42.256476,-72.237482,1929,0,9999998195
0111060d-9f45-3fa4-b8ba-f1cf32fe4af5,7a3b8310-02eb-3c47-aa1b-3f55b3ed9de9,Lauretta754 Dare640,F,GENERAL PRACTICE,6 HATFIELD ST,NORTHAMPTON,MA,010602545,42.333172950000005,-72.6566355591273,114,0,9999940098
ed36ad12-3bd5-37a6-919b-e1941cb3113e,ecadbc11-930c-3903-b706-f8ef4bc9089e,Earlene410 Baumbach677,F,GENERAL PRACTICE,780 CHESTNUT ST,SPRINGFIELD,MA,011031109,42.1211633,-72.60614164702717,294,0,9999971291
da73afc7-b9f6-39de-a28d-02c4e1ff0b8a,0f9d1260-db33-3483-b2b6-5483cfcb739c,Lizette501 Lebsack687,F,GENERAL PRACTICE,361 WOODWARD ST,WABAN,MA,024682027,42.326011949999994,-71.2254251580706,95,0,9999958793
b03d33e8-aada-34d7-851a-75e7d422a657,a8679bce-06b4-30a1-81de-83c4a503cbc5,Caleb651 Willms744,M,GENERAL PRACTICE,95 CHAPEL ST # 3-D,NORWOOD,MA,020623155,42.194543,-71.1994976,85,0,9999946491
e7ca0dcd-7270-38a9-b006-29afab7c725d,ad007cc5-a3df-3aa7-886d-5123ab59d189,Tiesha180 Maggio310,F,GENERAL PRACTICE,85 N WASHINGTON ST,NORTH ATTLEBORO,MA,027601634,41.98443775,-71.33190349847027,5,0,9999897595
01a748c5-f7c9-3a33-960d-c85dacde01f6,980d9bfa-a344-3bff-8c02-232dd0e8fd34,Waylon572 Lakin515,M,GENERAL PRACTICE,100 TRADE CENTER SUITE G-700,WOBURN,MA,018011851,42.4792618,-71.1522766,181,0,9999943597
b7a1c6ed-8790-3a62-94ff-897599e34798,f480acd0-7ef1-350d-aae6-d8e7d53ace57,Gil594 Ondricka197,M,GENERAL PRACTICE,1193 SEA ST,QUINCY,MA,021693544,42.26883395,-70.95264075087945,166,0,9999980698
5af8cf94-5594-37f8-b3fc-3ac3c8d529ac,794b1cc2-97be-30a4-83a0-4bf6add43c74,Lillia547 Gutmann970,F,GENERAL PRACTICE,215 THATCHER STREET,BROCKTON,MA,023023949,42.0740963,-70.99660306096918,156,0,9999895896
6873015f-e794-3912-8ca0-9d46850d869b,440fa4b8-c731-3cf5-81d9-aa3f30a37b95,Bennie663 Abbott774,M,GENERAL PRACTICE,41 & 45 MALL ROAD,PEABODY,MA,019602901,42.5278731,-70.9286609,5128,0,9999996793
b1ba21d8-cd17-3fe8-b8f3-ed68a151050b,a1434ca1-a1ac-3884-abc7-fc4c35cc8b68,Connie24 Dietrich576,F,GENERAL PRACTICE,390 ORLEANS ROAD,NORTH CHATHAM,MA,026501154,41.700306363636365,-69.96549390909091,6,0,9999901793
83756390-aaaa-30c7-a358-c7e474e8d9b5,0fab3c4e-a028-39a6-b15a-be5a88b6aa2a,Cletus494 Paucek755,M,GENERAL PRACTICE,222 STATE STREET,LUDLOW,MA,010563437,42.15547415,-72.47222226666076,4528,0,9999996892
5ee70a91-27ad-38d9-8141-7889a8f5d994,b0016371-afcb-37a6-8f90-5e3786e7806f,Shella455 Toy286,F,GENERAL PRACTICE,629 SALISBURY ST,WORCESTER,MA,016091120,42.2932691,-71.8390048,5,0,9999901199
e785ac2b-2a83-35c6-9a1e-624d7bfcc5f4,3b021cb6-4745-3d9d-8436-230055f770bd,Eleni953 Franecki195,F,GENERAL PRACTICE,148 CHESTNUT ST,NEEDHAM,MA,024943238,42.27728075,-71.23665362814043,3682,0,9999999193
22d908ab-bebc-3d3a-9772-2c811cfea578,7b95b4ab-5bb6-3abc-b0e5-02689f84228d,Audra143 Beatty507,F,GENERAL PRACTICE,20 POND MEADOW DR,READING,MA,018673261,42.516645499999996,-71.09917578750729,33,0,9999959692
e1c00d2f-1d2f-37bb-8f87-b45558b74652,86880e58-8753-3c63-b057-33781df70528,Jon665 Keeling57,M,GENERAL PRACTICE,49 SAMOSET AVE,HULL,MA,020452512,42.2810432,-70.8703157542509,180,0,9999940791
91e39048-91f0-31fc-97b9-1012907ab0ad,52261c45-f32b-3666-9da7-890705373c9d,Ramon749 Johnston597,M,GENERAL PRACTICE,30 PERWAL ST,WESTWOOD,MA,020901928,42.21397175,-71.1786332019174,2,0,9999906891
382992ce-bc29-36d1-ac4f-82988b025151,83f59b06-c094-345b-afae-856f22c1ac2c,Justin359 Gutmann970,M,GENERAL PRACTICE,255 Park Ave Suite # 900,Worcester,MA,01609,42.265556,-71.818665,528,0,9999982595
f0a7f722-aa54-3bb4-a734-281ddec9d0f5,aaa7ebaf-b1a0-38c1-ba89-a16712cf431c,Violette536 Halvorson124,F,GENERAL PRACTICE,16 PLEASANT STREET,BRIDGEWATER,MA,023242420,41.98625885,-70.97978204646246,27,0,9999899492
d83882e5-9f39-37ae-8cf8-5f7d2cf847aa,ab074997-79db-3114-b6ac-5c21cda8ee3a,Maryanne663 Abernathy524,F,GENERAL PRACTICE,111 HEADWATERS DR,HARWICH,MA,026451028,41.705945549999996,-70.08904355,10,0,9999868398
2e12a70c-6240-307e-b456-2e359e0e23bf,ce53c877-0290-390a-b4b4-2462001a1713,Anabel269 Hilll811,F,GENERAL PRACTICE,847 ROGERS STREET  SUITE 201,LOWELL,MA,018524345,42.6275246,-71.27673639687623,189,0,9999935296
92c26cb5-42a9-31ad-9e8b-d20a6728bbd0,34f0b10a-5e29-31de-a75e-e0bb03c0c0d4,Heath320 Leuschke194,M,GENERAL PRACTICE,56 COLPITTS RD,WESTON,MA,024931568,42.36610065,-71.3036759,491,0,9999959197
deb86ebe-8340-3cc7-b19a-bbec5e378c58,929d7ec5-3ee7-35ab-a056-91f60788c234,Eugene421 Feest103,M,GENERAL PRACTICE,474 PLEASANT ST,NORWOOD,MA,020624531,42.1816837,-71.19722229999999,3,0,9999944397
2985c389-e3e2-3285-ad8b-f51e10db6ece,e9a24be5-b0a3-3fd2-a606-dd13498024ea,Darwin703 O'Hara248,M,GENERAL PRACTICE,85 E MAIN ST STE A,NORTON,MA,027662307,41.971697,-71.17689334021827,219,0,9999944892
4bd71465-900d-3017-8bf7-de6ce5e23c69,84e8a269-7237-3c04-b718-3bf9c380b022,Azalee124 Smitham825,F,GENERAL PRACTICE,689 MAIN ST,HAVERHILL,MA,018302643,42.79561875,-71.08512512499847,3,0,9999880997
33cfb37e-52fd-324b-917b-60cc2c5c937f,545ea18f-060c-389b-98f8-b6943979c207,Izetta651 Farrell962,F,GENERAL PRACTICE,6 ESSEX CENTER DR STE 201,PEABODY,MA,019602906,42.539944,-70.950156,98,0,9999946095
126660a3-2096-3eee-853b-928741dbace8,57e4e5fa-d68d-3caa-a5ad-37beb1b51207,Latrina689 White193,F,GENERAL PRACTICE,800 WASHINGTON ST,NORWOOD,MA,020623487,42.1886973,-71.2005241,564,0,9999985499
4faca619-ff48-3268-b2f0-20fce6c9382a,2c1eda9d-6d75-3c4e-86f1-d850d4ccfcdf,Cyrus914 Moore224,M,GENERAL PRACTICE,238 W MAIN ST,NORTHBOROUGH,MA,015321804,42.31181264999999,-71.65685612428547,2,0,9999903690
8d156e32-55e2-3bc9-8eb9-726fb7972d47,b20a0fe1-53b3-33fc-8acb-bc9a2df64e57,Prince887 Schoen8,M,GENERAL PRACTICE,3 PATTERSON ROAD  SUITE 3,SHIRLEY,MA,014642907,42.552462649999995,-71.62383665745185,41,0,9999934497
7703f8ee-7163-3fbf-b812-71fe304c5db5,dd71cac3-c3c5-3cb7-b2dc-083ec4ebb0b7,Zonia753 Heidenreich818,F,GENERAL PRACTICE,300 CONGRESS ST STE 314,QUINCY,MA,021690907,42.2345525,-71.01493330273374,5,0,9999920595
848f389d-97a8-3769-be1c-411381080967,2befa435-3070-3350-a15c-e43ac1e84b24,Dee580 Schuster709,M,GENERAL PRACTICE,575 BEECH STREET,HOLYOKE,MA,010406604,42.20105435,-72.628169560868,70,0,9999908897
984ac6ae-e8c0-3dff-b396-9a654c16e707,05b2593e-1bc1-32ee-8d9f-0aad4fa74ff0,Desmond566 Schaefer657,M,GENERAL PRACTICE,940 Belmont Street,Brockton,MA,02301,42.065655,-71.05398,3875,0,9999985192
d3dbaa09-489f-36a0-8c5b-279ea3b875a9,c92cc255-6778-3307-8092-987d667be4ce,Merle11 Bogisich202,M,GENERAL PRACTICE,89 FOSTER ST,PEABODY,MA,019608925,42.5278731,-70.9286609,144,0,9999974691
7af0623e-8011-33a8-9d5e-bd36f764f975,00ffb204-07b4-3c72-a678-fa252e6cf86c,Alex454 Satterfield305,M,GENERAL PRACTICE,450 BEDFORD ST,LEXINGTON,MA,02420,42.47370735,-71.25090005,1125,0,9999963298
c02b5686-2b0c-31ba-9aab-fa4af6e64da6,ad82d624-72eb-3c7d-a76d-79f2668d1390,Mathew182 Howe413,M,GENERAL PRACTICE,3 WOODLAND RD,STONEHAM,MA,021801711,42.452443099999996,-71.08939988105112,793,0,9999956292
69294c31-9219-3c56-9206-844ee0d071ed,70a26106-6797-39f8-83e6-6bcf212b99ad,Christopher407 Mohr916,F,GENERAL PRACTICE,340 MAIN ST,WORCESTER,MA,016081601,42.53616075,-71.74831883675786,121,0,9999963694
4a0b5603-bbc3-363e-a285-d3ca33c5cf01,b8421363-9807-3b16-a146-95336eea5cfb,Cleveland582 Kuphal363,M,GENERAL PRACTICE,30 LOCUST ST,NORTHAMPTON,MA,010602052,42.33032115,-72.65330802608176,2881,0,9999988493
949530d7-e89f-34af-8797-b44ee215d295,2d578863-d945-3e48-91c8-3912d31e5078,Tora746 Kertzmann286,F,GENERAL PRACTICE,65 FREMONT ST,MARLBOROUGH,MA,017521271,42.352030400000004,-71.55517867455714,36,0,9999951293
27518dd2-5915-33ce-ad6f-89b3b86bcf86,8424b5ec-ba0a-32e9-94ae-a9d397884093,Ileen763 Casper496,F,GENERAL PRACTICE,49 BLANCHARD STREET  SUITE 101,LAWRENCE,MA,018431456,42.69651155,-71.1612176954981,128,0,9999924498
03576a34-2e2a-39f2-9d6e-ff7b2a0f8d08,3498e7d3-90fd-366b-bc6a-6f41dad6bae6,Olympia319 Bradtke547,F,GENERAL PRACTICE,112 WEST MAIN STREET,NORTHBOROUGH,MA,015321824,42.318559050000005,-71.65097281611972,89,0,9999888990
59fd14c5-c39e-3348-b291-64d80d808ff4,37111f41-8bc5-35d3-9cd9-5b447a11ffd1,Ilene33 Greenholt190,F,GENERAL PRACTICE,TEN INGALLS COURT,METHUEN,MA,018443712,42.7262016,-71.1908924,78,0,9999888495
9c5f4c98-41e3-3049-9a8c-bc69c57855ad,7567027f-af4e-3cd6-b1bf-e764ca3a5866,Kandice471 Rodriguez71,F,GENERAL PRACTICE,215 BICENTENNIAL HWY,SPRINGFIELD,MA,011181962,42.095480800000004,-72.50509214731676,4,0,9999870899
8d30ebb8-be05-3a1b-ac5e-668db2bb86d5,68ea50ba-275f-3f6c-ad1f-0aefae7144eb,Alan320 West559,M,GENERAL PRACTICE,25 ARMORY ST,WEST NEWTON,MA,024652110,42.3504314,-71.21988040449209,7,0,9999875591
7b4d24e9-47d0-328b-a9f6-2d1752d9b7e7,24460683-f514-37ef-98c1-724b2fc9aa2a,Simonne139 Wilderman619,F,GENERAL PRACTICE,60 HODGES AVE,TAUNTON,MA,027803034,41.91158935,-71.10129620180315,353,0,9999986992
62484a06-8bb4-3ac8-ae28-fd676596c77a,f964d209-adbb-3f11-80ce-5687e587363a,Kaycee352 Roberts511,F,GENERAL PRACTICE,155 MAPLE ST,SPRINGFIELD,MA,011051828,42.1004364,-72.57897095,36,0,9999953398
ef8d9a2c-df5a-36a5-86bf-43c1fc84e467,945104f1-4b95-3eed-bd02-5efa0afbf34d,Randolph418 Keebler762,M,GENERAL PRACTICE,20 CENTRAL AVE # 506,LYNN,MA,019011201,42.46410018181818,-70.9465129090909,17,0,9999905190
9d6a0a41-c0d8-3fc0-8f8e-09484c5038de,3076e02a-deac-3e81-96a9-1d32cbda6fca,Randy380 Kilback373,F,GENERAL PRACTICE,59 EASTWOOD CIRCLE,GARDNER,MA,014403901,42.567006649999996,-71.97817904424542,87,0,9999876698
b236e4ea-56df-3e32-b673-0b7fc969b40d,e854f053-5621-31fa-afa1-29040b0d7466,Latrice352 Ferry570,F,GENERAL PRACTICE,1575 BLUE HILL AVE,BOSTON,MA,021262122,42.2698727,-71.0940406,51,0,9999945394
18478993-5836-3112-b0c9-fc43072962dd,752c7570-1637-36cf-8b74-03ea3acfa98c,Shakita329 Moen819,F,GENERAL PRACTICE,12 LITTLEVILLE RD,HUNTINGTON,MA,010509761,42.257603957277915,-72.87133712317558,103,0,9999973594
b1f8cf31-2ab7-367b-847f-9a6d7c399c21,1563fcb4-76a9-3ea4-863d-e276f38b9b3e,Elma843 McCullough561,F,GENERAL PRACTICE,700 ESSEX STREET,LAWRENCE,MA,018414396,42.7020708,-71.17231,56,0,9999976795
b154b2d8-0808-3511-8a2d-7464e16702f7,fbd4ccdf-2fdb-3652-9bbe-1ccff886bd34,Tana168 Collins926,F,GENERAL PRACTICE,320 CENTRAL STREET  UNIT A2,SAUGUS,MA,019062372,42.4632069,-71.0093761,342,0,9999923797
8a7743a1-f1cd-3e70-ae8a-9f73d2c045d7,136e0049-9edf-355f-9d7c-aabc5c74761d,Marry53 Schiller186,F,GENERAL PRACTICE,255 LEBANON AVE,PITTSFIELD,MA,012017828,42.4320582,-73.3065210384207,5,0,9999880591
817a3f56-0664-3bcb-8ea8-62c7bb7e09b1,65f0254a-73a3-3b06-bced-54d511445535,Maira380 Carter549,F,GENERAL PRACTICE,720 BOSTON POST ROAD,MARLBOROUGH,MA,017523766,42.355106,-71.47654,28,0,9999901694
2b1c11e4-8365-3dab-8a6c-cea7ea558fd3,b8e724d5-b999-3029-8a2d-ad30fbd0b9ce,Dorris197 Rolfson709,F,GENERAL PRACTICE,63 MAIN ST,BROCKTON,MA,023014042,42.084598840000005,-71.01995972,117,0,9999979591
6b1dd326-a345-34fb-9028-8d49930c20db,901c2d40-1ca3-3879-9a20-c663b8adc0a9,Emory494 Schuster709,M,GENERAL PRACTICE,800 WASHINGTON STREET,STONEHAM,MA,021802445,42.4863168,-71.0928919,3747,0,9999998898
e48b97c0-a3bb-35d0-b902-1477e970ba7e,6170552c-4d27-3e64-8068-64a380f1837d,Mario764 Pedroza523,M,GENERAL PRACTICE,76 SUMMER ST,HAVERHILL,MA,018305814,42.7786873,-71.07306505177553,1646,0,9999988097
6cd3ef9a-1cba-3506-9720-7d37e8b2ebbc,e6cc6043-299a-3581-8f6b-b3b5d62c46ae,Ellen406 Farrell962,F,GENERAL PRACTICE,532 SUMNER AVE,SPRINGFIELD,MA,011082458,42.08631583333334,-72.55792579166666,649,0,9999979799
5e3cb788-faae-388c-8f5a-0f521044cc96,b9e35b8a-9831-32d8-a6dc-d7a546c126b0,Domenic627 Blick895,M,GENERAL PRACTICE,111 HUNTOON MEMORIAL HIGHWAY  1ST FLOOR,SPRINGFIELD,MA,011092550,42.1018764,-72.5886727,3366,0,9999999599
c9ca21cb-66e2-3956-b973-7e4c09fdf50d,06988693-a9d8-392b-a2ce-a07de8a931ad,Jimmie93 Reinger292,M,GENERAL PRACTICE,136 BOSTON POST RD,SUDBURY,MA,017762406,42.3638568,-71.39664274207772,3,0,9999870998
7bb6e426-77b4-36b1-809b-5c46c79548f2,70d5bbef-3c05-3318-b9d7-003dc8fbb8cf,Wilfredo622 Little434,M,GENERAL PRACTICE,33 SUMMER ST,TAUNTON,MA,027803479,41.9005416,-71.08895606814966,2,0,9999897298
e6b3e9be-7445-32ec-adb0-467fc55671f2,22249c0a-8ce9-3726-a3bb-b037c773ce5c,Leah288 Sauer652,F,GENERAL PRACTICE,337 NEPONSET AVENUE,DORCHESTER,MA,021223103,42.2875144,-71.0470691675753,64,0,9999887992
4da5dbb6-582f-3fc1-8cfc-b5a20df8bcd5,7a75decf-7d3f-3b0d-8c2b-3abf0a8c7f58,Afton574 Kulas532,F,GENERAL PRACTICE,169 LIBERTY ST,MIDDLETON,MA,019491003,42.615226050000004,-71.0144865346162,313,0,9999944595
4490878a-b9c7-3cf8-a446-60b09cc576a7,18df2721-3f76-3f83-94d5-63597cedd298,Gail741 Romaguera67,M,GENERAL PRACTICE,909 SUMNER ST,STOUGHTON,MA,020723396,42.1005097,-71.0830269025407,17,0,9999989194
9dff27ce-1752-398c-8e10-8cd3fa49d19e,46a09a29-4bda-3572-89dd-5def154669ed,Claretha922 Kiehn525,F,GENERAL PRACTICE,4901 N MAIN ST,FALL RIVER,MA,027202080,41.758923100000004,-71.11356439219409,2,0,9999867598
1493e78a-a005-3300-97d7-b1c1f86fb39e,b1965e0b-9ef4-3e96-bad6-cb88ea7e7324,Lala778 Breitenberg711,F,GENERAL PRACTICE,1 HOSPITAL RD,OAK BLUFFS,MA,025571406,41.46063105,-70.57989080295974,52,0,9999971994
d99466ce-8dbc-3c92-8abc-a093d246fee3,38508743-50d1-3429-8fe2-37e42ddaf20e,Blanca837 Verdugo724,F,GENERAL PRACTICE,164 HIGH ST,GREENFIELD,MA,013012778,42.595268700000005,-72.59288632376354,3135,0,9999997999
98b34197-acbb-3369-b22d-9f8dddc05649,2f735290-1603-31b5-b561-7c8e0d413170,Jolynn62 Adams676,F,GENERAL PRACTICE,100 FOXBOROUGH BLVD STE 230,FOXBOROUGH,MA,020352878,42.041851949999995,-71.23486657070565,559,0,9999941997
c10d58d9-d470-3d3e-bb3a-2365199a8465,6b2e5b97-70f6-3219-8c99-86de138e6808,Forest317 Rutherford999,M,GENERAL PRACTICE,123 SUMMER ST,WORCESTER,MA,01608,42.26496835,-71.79655403681465,115,0,9999962290
cda6a814-3152-3354-9d0f-1c241cafcfe1,27bf2e46-7445-35e7-9106-3ce1b074db47,Kathryn101 Donnelly343,F,GENERAL PRACTICE,80 BOSTON RD,NORTH BILLERICA,MA,018621034,42.5871093,-71.2948553,10,0,9999879098
1b56b4a0-c1c3-3168-93c5-0c31aa1fa57d,e1818b21-4458-3b9c-b2b8-7ed6f57ae078,Sid118 Wilderman619,M,GENERAL PRACTICE,2399 BOSTON ROAD,WILBRAHAM,MA,010951185,42.14668485,-72.45048427046072,258,0,9999900399
4702784b-c3ea-3907-bda1-f298b634f78d,970993ce-f590-3150-9733-0e02c569b87f,Rodger755 Wilderman619,M,GENERAL PRACTICE,150 YORK ST,STOUGHTON,MA,020721829,42.144646800000004,-71.09875876961266,3,0,9999873398
13359926-46e8-31c0-af31-37c88c994c9d,f3238779-4ca7-309e-ba0b-c6cce084ccaf,Doris153 Breitenberg711,F,GENERAL PRACTICE,356 MAIN ST,HAVERHILL,MA,018304008,42.7828744,-71.07777605304592,26,0,9999912295
67c5dbed-7a21-3afd-8c24-97a1d2cb80fa,328f813e-4de8-3ec2-a113-43f3ddfb0b2a,Victoria535 Roob72,F,GENERAL PRACTICE,30-40 WESTPARK STREET,BROCKTON,MA,023015241,42.0834335,-71.0183787,824,0,9999942797
75da8e1f-7283-364a-a999-fbe23412860b,8d110f42-6f75-3751-b0c5-b45ab08333a1,Lino542 Feest103,M,GENERAL PRACTICE,88 WASHINGTON ST,TAUNTON,MA,027802465,41.9062805,-71.09518121351795,161,0,9999990291
0ca7facf-710f-3d2a-9017-6cd37487792d,200746fc-5d0f-3ec7-a2a9-3d9a219ee139,Arlen68 Rippin620,M,GENERAL PRACTICE,800 CUMMINGS PARK  SUITE 3100,WOBURN,MA,018016355,42.4977745,-71.1237712,110,0,9999908194
7c839327-dfd3-33b3-affa-f58416705ea7,d6600c68-8a26-3a88-86e2-99517365c10a,Jeniffer557 Wolf938,F,GENERAL PRACTICE,175 Elm Street,New Bedford,MA,02740,41.635937,-70.92991,55,0,9999983791
692ccbc9-a575-3dd8-bea1-ba9a983db6d3,954e01a8-3b27-314e-9c77-254f1ac9c917,Graciela518 Lehner980,F,GENERAL PRACTICE,116 Long Pond Road,Plymouth,MA,02360,41.924313,-70.656654,1007,0,9999983593
4017fd5d-98a4-37a5-9a5d-d7f72355a050,dd3307db-114c-3f11-be44-a9eef6bb3fc5,Francis500 Ratke343,M,GENERAL PRACTICE,269 UNION STREET,LYNN,MA,019011201,42.4652772,-70.94362420273097,230,0,9999977793
f3dcae50-11f8-354b-9892-7b358ef3acbe,810c33cd-83fe-36e9-8fe6-ef78eb2c6fb9,Alfonso758 Figueroa648,M,GENERAL PRACTICE,3 VISION DR,NATICK,MA,017602059,42.3026972,-71.35370110550767,2,0,9999896894
972d9970-4093-3fac-a682-b41e52d1ad90,36d96ba1-1b43-3fda-b4b0-84205d5b3a16,Nickie321 O'Conner199,F,GENERAL PRACTICE,10 BELLAMY ST,BRIGHTON,MA,021351502,42.354847649999996,-71.16853348093532,4,0,9999872796
d56d4dd6-7cb2-38f4-9338-acfa940646eb,1d87bbfa-19aa-3128-adca-420ff8d5a12a,Junior695 Pacocha935,M,GENERAL PRACTICE,771 CHURCH ST,NORTH ADAMS,MA,012474109,42.680927100000005,-73.09950699822534,414,0,9999965798
478312d4-fa9b-3e18-b3cc-f0d78b33e25f,f2068cee-c75c-321d-9b2c-c33535db89c9,Octavio643 Prosacco716,M,GENERAL PRACTICE,32 BOSSI AVE,RANDOLPH,MA,023682002,42.20017865,-71.0582074,182,0,9999946293
83fb3453-82da-3b53-b3a2-cc6e791412a2,66505876-04a4-3f6e-9aa8-7232ee43ab76,Mohammad578 Rodriguez71,M,GENERAL PRACTICE,548 ELM STREET,NORTHAMPTON,MA,010602832,42.327755,-72.657308,4,0,9999885095
ec8081c4-b94f-3b43-96b7-d0c83d3c6e55,ab7d1a51-1c58-37f8-94fc-e5d55eae38c1,Dylan44 Walsh511,M,GENERAL PRACTICE,101 AMESBURY ST,LAWRENCE,MA,018401311,42.70904,-71.16393,51,0,9999964999
3f5eab26-aaf3-3dba-88d2-f9f4e8818e55,9285ca02-6788-3ae1-b1b7-3b313abbfea1,Everett935 Dach178,M,GENERAL PRACTICE,59 COOLIDGE HILL RD,WATERTOWN,MA,024722816,42.36721805,-71.1528107445055,6,0,9999869693
9db8abea-5ec2-3390-a968-33b32009e63f,9b1f8cd0-2246-3f4f-82df-23ea314c7665,Verdie59 Bruen238,F,GENERAL PRACTICE,800 ESSEX ST,LAWRENCE,MA,018414617,42.70162725,-71.1755487945157,4,0,9999876896
e2918b65-b151-307a-86da-9b5940d4437c,357e489c-304e-3495-8354-62e85b5896b5,Marlys304 Schoen8,F,GENERAL PRACTICE,75 HERRICK ST,BEVERLY,MA,019155900,42.56305785,-70.87604053437136,107,0,9999953992
f7b888ce-e1a0-30a0-ae53-9bf804f01ac1,15d4c950-4691-3996-b4c4-bf06bfb58ff7,Alvin56 Crona259,M,GENERAL PRACTICE,70 EAST ST,METHUEN,MA,018445883,42.7285558,-71.16833738237946,3258,0,9999990697
bfa5a29f-6aa8-329e-9e8f-5eddc48b7d74,655f2a4f-419c-39d3-8ed6-6c4117eb7e32,Gerardo48 Herzog843,M,GENERAL PRACTICE,21 MAIN ST,NORTH READING,MA,018641326,42.566971949999996,-71.10799861135133,360,0,9999956995
736bfb53-287b-3e39-acbf-c7d8b7bdb691,118e081c-c2f2-35cd-b9c3-ef534f1b7830,Brooks264 Ziemann98,M,GENERAL PRACTICE,1364 MAIN ST,READING,MA,018671137,42.55581805,-71.10585713492983,6,0,9999870592
7226ce1d-1eb0-375a-8e1c-1aa446a6ecff,5018c664-e283-30eb-932a-529d9a19b3b5,Rochell365 Stehr398,F,GENERAL PRACTICE,300 SOUTH ST,WOBURN,MA,018014979,42.473347,-71.144086,2063,0,9999995399
8990a6a9-1977-3cb8-b7d1-4e8fe537a056,2e8b42f8-4300-30a9-a576-d513d1021a0a,Estela596 Salcedo309,F,GENERAL PRACTICE,600 CLARK RD,TEWKSBURY,MA,018761699,42.63120935,-71.27023603178071,824,0,9999959890
b24a625a-3990-3abc-9aaa-16d10e2ab4c1,0caa0116-ef9a-3d4c-bcff-9c405a9d2bda,Aubrey96 Emard19,M,GENERAL PRACTICE,105 CHESTNUT ST STE 35,PLYMOUTH,MA,023604054,41.884685,-70.847219,290,0,9999947192
ecf711d2-4a4b-30e1-a972-88d1a9e8a669,5ba77f2c-8ce5-3dde-bb46-3ffcceb3bfbf,Cedric746 Quitzon246,M,GENERAL PRACTICE,188 FLORENCE ST,CHESTNUT HILL,MA,024672641,42.31835025,-71.17401686317635,4,0,9999875195
b4d3e423-3685-3469-ac86-347e275a562a,4ff3563e-f909-3a06-902d-26c28d9d5355,Soraya693 Cormier289,F,GENERAL PRACTICE,876 FALMOUTH RD,HYANNIS,MA,026012322,41.6619029,-70.31909857281401,1,0,9999901397
f3d82743-ac65-373a-85bb-924bdd236fc2,847ba43f-362d-3325-a095-93eb95d9dd90,Lawanda300 Bayer639,F,GENERAL PRACTICE,60 E SILVER ST,WESTFIELD,MA,010854434,42.1147598,-72.73956114707532,3,0,9999895698
b5351b26-1f0b-387b-970e-45c0c15ec1d3,d140ed3f-2696-3e78-bd77-1c959ec4fc4d,Orpha286 Marks830,F,GENERAL PRACTICE,863 HATHAWAY ROAD,NEW BEDFORD,MA,027401916,41.6512968,-70.9669902070805,219,0,9999885996
66e6d569-e8ab-36f3-9cea-a5c1d4d8ce1f,1cff30ba-b91f-3ea2-b80b-770d67856358,Duncan491 Halvorson124,M,GENERAL PRACTICE,359 JONES RD,FALMOUTH,MA,025403341,41.5591273,-70.60352436630029,88,0,9999885293
f814a324-1450-36c6-a8dc-3459fa9a199e,d4e48a16-0a60-3e90-81e5-c35b22ffe6af,Elmer371 Kutch271,F,GENERAL PRACTICE,856 STATE RD,NORTH ADAMS,MA,012473027,42.69967208677275,-73.16330754755236,142,0,9999937797
a1a5cb10-7e6c-390f-af4a-14b5aa12a9a3,a609d72c-6c90-3703-8500-02b8c9c0f6dc,Lenard338 Dickens475,M,GENERAL PRACTICE,1000 NORTH ST,PITTSFIELD,MA,012011520,42.4680348,-73.24334506233173,1,0,9999890699
1c5a0764-ce0f-34b6-b6de-136d63df5151,4ff8b164-4cf5-3ab4-b0f2-7ce8fda920e5,Latrisha74 Mante251,F,GENERAL PRACTICE,800 WASHINGTON ST,WORCESTER,MA,016550002,42.180483,-71.867782,705,0,9999947390
a5ea7480-14ef-3989-a4ea-b54a713bf539,f7171d7c-0d92-33cf-98dc-abd628d79750,Santiago500 Delao225,M,GENERAL PRACTICE,431 POND ST,JAMAICA PLAIN,MA,021303402,42.310128500000005,-71.1321602569144,3,0,9999887893
1acec481-b5dc-3f63-a151-29e0448966f8,6f95a7a4-3343-3d14-b8b5-35d1e3247551,Denis399 Bailey598,M,GENERAL PRACTICE,254 BILLERICA RD,CHELMSFORD,MA,018244114,42.5969934,-71.3233653623669,4,0,9999892091
53a81754-5a6c-3428-bff5-f786362754a8,39c15c0f-5c49-311e-99d2-1fb99d80e06e,Salvador46 Homenick806,M,GENERAL PRACTICE,398 NEPONSET AVE,DORCHESTER,MA,021223134,42.286764399999996,-71.04402811508834,401,0,9999977496
11327862-2743-3f81-817c-7c6350db5fad,c3e56d13-ebb5-3d4d-908f-3f2a6a4de7aa,Alonzo487 Reynolds644,M,GENERAL PRACTICE,233 MIDDLE ST,BRAINTREE,MA,021844840,42.2180597,-70.9924896,2,0,9999878199
c55ead98-a41f-3087-aa69-a338859e2500,e39e92a8-2fde-314a-8fb1-8551218f03d9,Gabriel934 Marroquín624,M,GENERAL PRACTICE,60 EAST ST,METHUEN,MA,018444547,42.7265686,-71.16640139527428,195,0,9999964296
8fed4d97-47c6-3b07-9d8c-110249e8830c,c58f91d8-cd19-30c4-9f61-4eb50ae5d837,Marlana402 Senger904,F,GENERAL PRACTICE,10 CENTER ST STE 209,LYNNFIELD,MA,019402663,42.5389836,-71.0481084,46,0,9999920793
91f1cc50-bb5a-3dd3-acfc-5013a4684e51,8f22037a-070f-3fcf-8f39-fa879f0ae107,Albert312 Hermann103,M,GENERAL PRACTICE,567 DARTMOUTH ST,S DARTMOUTH,MA,027481826,41.61112,-70.93937914285715,11,0,9999892398
9e2674ff-538b-365c-9c56-f4e72b42e3d2,bccd7d67-203c-3d93-b6b0-bff5a146cd1d,Paulene52 Kihn564,F,GENERAL PRACTICE,286 WASHINGTON ST,STOUGHTON,MA,020721763,42.1384306,-71.1022598,819,0,9999939694
1a9caaec-9c85-3377-9dde-3f9e9f953742,07baae96-3d74-3c69-a845-dad7b792eb52,Sheryl275 Brekke496,F,GENERAL PRACTICE,42 ASBURY ST,SOUTH HAMILTON,MA,019821808,42.61322825,-70.87300675048934,221,0,9999962092
404af5ff-01f4-3912-9285-a739129894bc,63cb4d95-04a9-3a35-b5d9-f89e0377a48d,Thanh759 Weber641,M,GENERAL PRACTICE,211 PARK ST,ATTLEBORO,MA,027033143,41.9419187,-71.2752081695297,2463,0,9999996090
22e67c7c-cff0-3684-a80a-702e7612dc18,45e64170-207e-3786-b970-76fca7a5691b,Henriette328 Hilpert278,F,GENERAL PRACTICE,50 INDIAN NECK RD,WAREHAM,MA,025712174,41.7539753,-70.69890130810117,2,0,9999873893
1492c415-1cbe-36cf-8ae6-0c6f59b7242f,6e290541-eba3-37fc-a3e2-e58f77e84c7e,Christeen33 Toy286,F,GENERAL PRACTICE,15 LENOX ST.,SPRINGFIELD,MA,011083122,42.085779,-72.55846414285715,581,0,9999968990
3ccbeffa-bb3d-3c92-a90d-668222455224,80abc43b-c194-3b35-904f-2e5626b185a0,Gabriela205 Schultz619,F,GENERAL PRACTICE,546 CHICOPEE ST,CHICOPEE,MA,010132148,42.1815776,-72.61592413975956,1,0,9999898395
7b9089ae-598f-382d-84e0-24724d973c7d,263d1b03-1560-3fc3-b93d-c33a0cbd5837,Nam74 Treutel973,F,GENERAL PRACTICE,10 RIVERSIDE DRIVE  STE 201,LAKEVILLE,MA,023471689,41.8771119,-70.92344635,36,0,9999907097
23a61809-5826-3f78-9324-3e54c7f18676,32741060-a632-36de-907b-3c21caacf07a,Eliana466 Wehner319,F,GENERAL PRACTICE,455 BRAYTON AVE,SOMERSET,MA,027262642,41.7294555,-71.16190171707717,1,0,9999867697
1770fc62-0578-385e-bcd4-04d84314d09f,4e880cb9-1ca0-3582-b8cf-8a59b0d2b878,Haywood675 Bednar518,M,GENERAL PRACTICE,51 S CHURCH ST,PITTSFIELD,MA,012016178,42.44648205,-73.25863241543368,208,0,9999960690
1f209c4d-918e-35dd-98b6-966e40bf916c,432821fe-58ed-33eb-823c-b4447a52c7e9,Ignacio928 O'Keefe54,M,GENERAL PRACTICE,1071 VARNUM AVE,LOWELL,MA,018541131,42.64497212195122,-71.36843231707317,4,0,9999886598
2808c3d8-b17e-3cc1-8ea9-0379010ab545,a2a41caf-758f-3962-8e5f-e6e603f93d17,Rhett759 Padberg411,M,GENERAL PRACTICE,111 HUNTOON MEMORIAL HWY,ROCHDALE,MA,015421305,42.2020225,-71.89891616754682,4581,0,9999989590
3c76cc72-d49a-3323-bc2b-37089ac06c69,ca62a361-9c79-32d1-92cc-ffc0d5d19679,Benedict104 Barrows492,M,GENERAL PRACTICE,19 HENRY ST,SHARON,MA,020671714,42.109147300000004,-71.20768205338297,120,0,9999958199
a12d54ca-2796-3804-94b7-fef38d0e0e8b,0d24cc89-3256-330c-b36d-d8de8babef84,Delicia67 Bernhard322,F,GENERAL PRACTICE,1030 FALMOUTH RD,SOUTH YARMOUTH,MA,026641218,41.6667779,-70.1847414,528,0,9999945790
c32d202d-cd73-3ee2-978e-52c601d9dc3f,8ae6a210-708f-3b23-b7d3-ac7948abd2b0,Khalilah870 Dare640,F,GENERAL PRACTICE,631 LINCOLN ST,WORCESTER,MA,016052010,42.2975664,-71.76536802164628,108,0,9999973792
6a69d865-6d87-39dc-942f-a6598a197448,ce5a2589-44ba-3e2f-ac0d-76c482da6091,Idalia306 Moore224,F,GENERAL PRACTICE,178 LOWELL STREET,LEXINGTON,MA,024202719,42.438544300000004,-71.19310317632329,2,0,9999902296
badf9584-ac34-3b7f-8068-60704a85beef,db28cc9a-fdfb-35a6-aef7-ab9b933ef244,Clement78 Gleason633,M,GENERAL PRACTICE,8 DANA STREET,CAMBRIDGE,MA,021385402,42.3694992,-71.11011030010101,202,0,9999890293
ab2316c1-20cb-3d9d-8065-b941bb7e78cb,19a65317-5d32-355e-8f82-88933d48366d,Wes853 King743,M,GENERAL PRACTICE,5 PRECINCT ST,LAKEVILLE,MA,023471468,41.8455651,-70.95195924208448,161,0,9999958694
0c4fdea0-6eb2-3baf-bdcc-e61e51361c35,844a8cb2-4164-35b2-88b8-dffa2889a738,Shemeka786 Conn188,F,GENERAL PRACTICE,150 UNIVERSITY DRIVE,AMHERST,MA,010022232,42.368937,-72.53247107203978,95,0,9999894592
d97fb0c3-ef35-3d11-acb7-2e329cfc1551,ee6705d5-db4a-3120-bbe1-1e72972a841f,Regena252 Huel628,F,GENERAL PRACTICE,101 JACKSON ST,LOWELL,MA,018522103,42.64221447368421,-71.31029421052632,188,0,9999981597
ddfdce13-5a12-303e-a85d-e5549436a1e2,a6fb79e7-4abb-3a68-b62d-e501427fdca4,Ricky354 Renner328,M,GENERAL PRACTICE,489 WASHINGTON ST STE 202,AUBURN,MA,015015709,42.187836,-71.83104,935,0,9999944496
e0bc5a8b-f453-3c94-b835-34633dfb193f,52e42aa3-27fb-3298-a3ae-25529dfe6347,Ambrose149 Mills423,M,GENERAL PRACTICE,85 BEAUMONT DR,NORTHBRIDGE,MA,015341093,42.15719035,-71.6521339767302,3,0,9999867895
8cfc9bca-70e9-3595-9551-77d7ead356ab,756ed90d-15f4-377d-b99f-ca1de5633481,Cathleen724 Runte676,F,GENERAL PRACTICE,115 HOLLISTON ST,MEDWAY,MA,020531954,42.158983899999996,-71.41067830029175,5,0,9999888693
9c2464b6-ddef-3cac-944b-f18e2ded16e6,b92c875d-5390-3cc7-9cc5-67ade724daf3,Broderick767 Hansen121,M,GENERAL PRACTICE,65 COOPER ST,AGAWAM,MA,010010325,42.07895845,-72.62045515660407,3,0,9999894097
4ffda83c-aaa2-3a6c-8da1-7012bb9b7cd0,5117bb89-3a9f-3740-a0f1-c3a1a8d7851e,Cecily421 Predovic534,F,GENERAL PRACTICE,20 ELM ST,PITTSFIELD,MA,012016502,42.4458896,-73.2448206979669,155,0,9999962696
c1aedac1-9165-3b33-a853-0aa4e26d9a8f,4e3c60e6-dbed-32c3-9b03-767d7fbc82b0,Venita81 Lind531,F,GENERAL PRACTICE,222 RIVER RD,LEEDS,MA,010539783,42.364084399999996,-72.70745188531934,10,0,9999879890
960fb962-cd38-3d2b-a240-a783ebbf8374,fcad54de-c1cb-3039-8e22-1d2d28134044,Cleveland582 Lesch175,M,GENERAL PRACTICE,70 EAST ST,METHUEN,MA,018444597,42.7285558,-71.16833738237946,31,0,9999948190
0c06bfc9-3fb4-36a3-97f2-79bebf16f7df,9d0e702d-50a0-3f4c-9126-0951d560fd4b,Hellen346 Roberts511,F,GENERAL PRACTICE,189 MAY ST,WORCESTER,MA,016024339,42.25986305,-71.83597786023279,1915,0,9999999292
a0039d09-0075-352c-9efb-ddcdf9388d4e,f0e3e152-0b08-3819-b962-b043f63f6dc1,Manuela585 Rippin620,F,GENERAL PRACTICE,1010 VARNUM AVENUE,LOWELL,MA,018541915,42.6422606,-71.36626685573418,20,0,9999884593
9e4630b1-77ae-3f0f-afbd-341b9c4ce19e,c656d426-a307-372e-85f4-add29b4f178b,Carmen818 Collazo246,F,GENERAL PRACTICE,174 ARMISTICE BLVD STE A,FALL RIVER,MA,027212367,41.7010642,-71.1546367,41,0,9999941393
9755d147-10af-38a6-bdd3-f9d6b77c4b8b,81b1ef2b-8d3c-3923-859d-ae56099e037a,Lesley194 Bradtke547,M,GENERAL PRACTICE,19 VARNUM STREET,LOWELL,MA,018502132,42.6520846,-71.29979019978185,1,0,9999903195
0393daa8-27aa-363b-9803-0963e50cd9c5,ea8d287f-b3a9-3800-8798-788e334ee406,Palmer257 Kuphal363,M,GENERAL PRACTICE,81 HIGHLAND AVE,SWAMPSCOTT,MA,019072928,42.4699241,-70.9171507,865,0,9999998393
5c78ee38-25ec-3945-9a11-3f8f0ecc06f1,a82331f9-ea4b-38c6-bb66-32aa658444cb,Marcela739 Riojas420,F,GENERAL PRACTICE,101 PLEASANT ST STE 206,WORCESTER,MA,016081604,42.263991649999994,-71.80558027273487,36,0,9999926790
3448cc7a-e2ef-3f77-bfed-60d8471509f2,c7542447-e06e-32cb-b6db-243c23a0dbc2,Carson894 Krajcik437,M,GENERAL PRACTICE,30 WARREN ST,BOSTON,MA,021353602,42.3501483,-71.14393324457691,3171,0,9999991695
84cd9f82-c06a-305d-b561-97092a07b995,d9fe2c9c-135e-3da3-8de8-1a0ff165d886,Bettina657 Marquardt819,F,GENERAL PRACTICE,1430 MAIN ST,WORCESTER,MA,016091121,42.2492003,-71.92931780325071,449,0,9999967992
96075300-7176-30a3-87ed-352e511635b1,50c47685-8125-3c50-8311-8bd7ba9e9108,Beth967 McKenzie376,F,GENERAL PRACTICE,4199 WASHINGTON ST,ROSLINDALE,MA,021311733,42.2871447,-71.1277526,440,0,9999965194
f0bc39b4-4d4b-3e0c-be12-91d1bf423537,8bf5325a-c11b-35c4-b07d-17a5aeba8353,Rueben647 Okuneva707,M,GENERAL PRACTICE,815 WORCESTER STREET,SPRINGFIELD,MA,011511001,42.1018764,-72.5886727,168,0,9999907196
d82881af-65a5-32ee-83b4-5ed2f8fb8955,6dafa732-cdaa-37ab-a33c-b14878e841d7,September423 Howe413,F,GENERAL PRACTICE,400 BROOKSBY VILLAGE DRIVE,PEABODY,MA,019601488,42.55186794282506,-70.97276672693852,1,0,9999901298
b3a1f508-4c84-31bc-882f-236e69f9b089,87f3b181-1c52-3161-a15a-ea2d9a04b35f,Matha641 Gerhold939,F,GENERAL PRACTICE,565 TURNPIKE ST STE 71,NORTH ANDOVER,MA,018455936,42.664934200000005,-71.11635234067887,68,0,9999941195
32ea5445-5ca1-3a69-a912-2be5fe0eebbd,621bd7b5-3f4c-3555-8daa-f1216e352f33,Lashawnda573 Williamson769,F,GENERAL PRACTICE,34 AGASSIZ AVE,BELMONT,MA,024785023,42.38815185,-71.19406248191802,3,0,9999879197
01f5507c-e479-3c1b-a888-df714c721548,43e22208-dae0-3196-b30b-17b3c50679c2,Diego848 O'Kon634,M,GENERAL PRACTICE,147 PELHAM ST,METHUEN,MA,018442060,42.7288158,-71.20222773774655,167,0,9999974899
3fefc47c-822c-3414-98f9-aab2fdb945ef,0b2738b6-7911-3aa4-8b6e-7e1df7c14fe1,Hilton264 Stokes453,M,GENERAL PRACTICE,888 N MAIN ST,BROCKTON,MA,023011668,42.1061239,-71.02807965450519,1,0,9999868091
ac78a4ca-236e-3f80-ad2e-60dcc0593411,46375470-1e20-3ddc-8dc5-010ba53826b6,Clara183 Reynolds644,F,GENERAL PRACTICE,40 WRIGHT ST,PALMER,MA,010691138,42.16934095,-72.34120457065711,1892,0,9999991893
1ba8d7e3-9698-3bd6-a5a2-4106954bebc4,9d2a1656-0f4d-30d1-bc63-eb365a05529c,Maynard46 Ward668,M,GENERAL PRACTICE,235 N PEARL ST,BROCKTON,MA,023011794,42.09805395,-71.0609587194362,622,0,9999985598
abbeba28-6ea3-3d06-bf74-8fb270cd9c8b,aba3e6f6-4562-342e-b90f-dd61b117f394,Norbert530 White193,M,GENERAL PRACTICE,438 CHESTNUT STREET,SPRINGFIELD,MA,011072008,42.11291091861002,-72.59692685125127,98,0,9999939595
9116ce99-c85d-3d2e-9210-c36eb3ceb498,a4b91172-69e7-3895-bd89-b9a0868de5c2,Shanita956 Wolff180,F,GENERAL PRACTICE,651 ORCHARD ST,NEW BEDFORD,MA,027441052,41.6149879,-70.93113851963673,418,0,9999961094
95d997b1-8376-37e0-9922-6892d2df7003,47fb5a56-bee5-3ecd-9958-706b20831c82,Ezra452 Torp761,M,GENERAL PRACTICE,600 CUMMINGS CENTER  SUITE 270X,WOBURN,MA,018016356,42.4792618,-71.1522766,34,0,9999934091
fd45f68c-bf5c-370d-b188-7718f0ed4006,30547c24-6d41-3a9d-8a21-cc3606224d38,Jeffery551 Farrell962,M,GENERAL PRACTICE,1200 BRUSH HILL ROAD,MILTON,MA,021862337,42.23073215,-71.122659913074,1,0,9999878298
2c0cfa52-cfe4-3047-b964-e15cf471cdb1,72f50aa0-d8c9-34dc-ac58-c428323f3bcd,Ricky354 Little434,M,GENERAL PRACTICE,55 FRUIT ST,BOSTON,MA,021142696,42.36286045,-71.06875296664998,260,0,9999979294
61898e35-1f63-30d9-b967-be29c08c9e65,1df9d0cd-af31-3418-ba9b-d9df7dd44290,Monroe732 Mills423,M,GENERAL PRACTICE,960 SOUTH ST FL 2,FITCHBURG,MA,014207037,42.5903661,-71.8119837,15,0,9999926196
8764ac0d-0721-3d66-b1e2-166602d2f8bc,9203d0d2-ca7d-3421-9361-974402ffb561,Shelby741 Shields502,M,GENERAL PRACTICE,58 OLD NORTH RD,WORTHINGTON,MA,010989708,42.414246,-72.93841842197347,300,0,9999977694
85f1c906-90ba-3fac-a118-fc125fce31b1,ca8a919a-05f9-3687-bfb6-42800a70031e,Josue598 Flatley871,M,GENERAL PRACTICE,6111 OAK TREE BLVD STE 301,FRAMINGHAM,MA,017014613,42.3095704,-71.4413097,253,0,9999951798
906912b8-1999-31f5-8ed0-d0eb81d7eab9,eee00932-ca82-36bc-b7e8-e3fff6dbaeaa,Leif534 Hane680,M,GENERAL PRACTICE,450 BROOKLINE AVE,WEYMOUTH,MA,021893141,42.2212188,-70.9391625,2268,0,9999998799
7a78bed8-4fde-351c-9152-f60e68a13344,50c7f768-9138-3dae-a67d-953bdf9ad754,Evelia928 Bogisich202,F,GENERAL PRACTICE,125 COUNTY STREET,TAUNTON,MA,027803561,41.8960599,-71.07799243944345,14,0,9999928796
d8bd93c9-0bb5-3216-80f1-6ec3ef1f09d9,a194e94a-dd16-347e-95ea-8d00052c14d1,Octavio643 Gusikowski974,M,GENERAL PRACTICE,833 MAIN ST,S YARMOUTH,MA,026645254,41.65171785,-70.21464095380932,203,0,9999971499
04140bbf-24af-3628-8993-6def0eede90e,be509ccb-bfb7-3b87-8945-8426b689ef9d,Chong355 Balistreri607,F,GENERAL PRACTICE,2049 DORCHESTER AVENUE,BOSTON,MA,021244742,42.3554334,-71.060511,122,0,9999888891
67004172-c482-3b3c-8eab-5c8790548765,6f90eaad-abe3-3ce0-b9a6-2031c5674f0d,Gordon377 Wuckert783,M,GENERAL PRACTICE,800 TURNPIKE ST STE 300,NORTH ANDOVER,MA,018456156,42.66074825,-71.10724143845708,87,0,9999943696
1169af42-5f5d-386c-ae27-c4cbc9357a88,c0719377-d40a-3e9c-9f7c-af47c93b3f40,Taisha184 Sawayn19,F,GENERAL PRACTICE,80 SUMMER ST STE 1,BOSTON,MA,021101218,42.35403315,-71.05809515865283,31,0,9999940999
193db3bf-507c-3c68-88f8-a6a556647600,1f9d5a6b-d2ea-3000-bb9d-b22c00ffbbb2,Jarrod316 Weber641,M,GENERAL PRACTICE,2033 MAIN ST,ATHOL,MA,013313535,42.58522105,-72.20868129339888,33,0,9999972398
e9283d26-ea43-39c1-9385-32b54c43f994,fe008000-0642-354b-9986-7396b3574f40,Ulysses632 Price929,M,GENERAL PRACTICE,44 SOUTH ST,ROCKPORT,MA,019661800,42.653407900000005,-70.60498112267823,1,0,9999867796
7330bdbe-d6c7-3a16-acad-fb0a8ceac094,52476935-b9e6-3dbc-a44d-47db68ee9977,Paul232 Daugherty69,M,GENERAL PRACTICE,56 LIBERTY STREET,DANVERS,MA,019233361,42.563351999999995,-70.9210216494721,2,0,9999881896
afbb660b-1211-3036-bdcc-2bf05c568086,f087b01f-da5c-3db6-bb6d-8a3cf3e630c5,Serena400 Littel644,F,GENERAL PRACTICE,255 PARK AVE,WORCESTER,MA,016091989,42.26491135,-71.8185187,54,0,9999969691
eea69410-cff1-3ccd-89a0-b293c9ab7453,065eba51-cef7-3976-8654-ba8e7df887ce,Traci329 Block661,F,GENERAL PRACTICE,1165 NORTH PLEASANT STREET,AMHERST,MA,01002,42.40927615,-72.52971238527101,43,0,9999909093
4818c318-aedd-38d5-b52e-bc31a25b2a2f,a06b1a97-d6ce-3ea1-ba4a-2ef85a8114ab,Kyle55 Goyette777,M,GENERAL PRACTICE,400 GROTON ROAD,AYER,MA,014321171,42.57821195,-71.5733060441645,230,0,9999889592
3c8f4532-b403-3a36-b7c0-090c180f0cdf,73c7eaf8-f8b3-383f-b3e1-4d8ff5ca255d,Mauro926 Bartell116,M,GENERAL PRACTICE,161 FALMOUTH RD,MASHPEE,MA,026492662,41.6314877,-70.46769809885944,8,0,9999880492
5ba4167f-3782-31f8-88a6-546b27c50ba2,71455c27-ff31-3c99-a1ac-9773f7bcba96,Lewis216 Walsh511,M,GENERAL PRACTICE,6 MORRILL PL,AMESBURY,MA,019133502,42.84870445,-70.9320636014072,1,0,9999868794
6d60bde5-04ed-3fe0-a5c6-aa0c4dd95ad3,6873525f-1680-3ceb-b536-270d44b46e2e,Lai148 Nicolas769,F,GENERAL PRACTICE,500 COLUMBIA RD,DORCHESTER,MA,021252322,42.3147979,-71.067633,153,0,9999978197
9f72cf85-aa17-3c14-a867-2e7f46316207,6c7fe370-02c4-3537-8f5e-373b2168b933,Charlesetta336 Swift555,F,GENERAL PRACTICE,60 HOSPITAL ROAD,LEOMINSTER,MA,014533791,42.54031915,-71.76312990486304,8,0,9999910299
e62ce331-2f5d-3ba8-a804-aed4044296ff,9fbf3c5e-5f22-3b9f-9032-39d6de320874,Rufus33 Langosh790,M,GENERAL PRACTICE,150 FLANDERS RD,WESTBOROUGH,MA,015811017,42.2770724,-71.5679154706427,136,0,9999987792
dbde618f-68be-3b96-bf5f-ec57bd10b77d,f8918a95-31e8-3ac4-8d12-29ca6080ebda,Domitila545 Vandervort697,F,GENERAL PRACTICE,199 REEDSDALE RD,MILTON,MA,021863926,42.251368299999996,-71.0768393856917,3036,0,9999997890
77933eaf-58ed-3a4d-a75e-b4b56fc3180e,bce5b907-584b-345d-bbcf-912cf56cb6c3,Katia630 Parisian75,F,GENERAL PRACTICE,11-15 SANDERSDALE ROAD,WORCESTER,MA,016032467,42.0667952,-72.0084995,382,0,9999949495
f189e8ee-28de-3cd3-9664-cd050a0f66d6,9cec3b3c-fe3f-344e-b9c3-e414dafcd19f,Otis335 Dickens475,M,GENERAL PRACTICE,120 MAIN ST,MALDEN,MA,021486904,42.41918695,-71.06618960434116,7,0,9999876490
404cdcfe-ec8d-3940-b83d-e01fa3bcb91a,8d5880eb-1dd8-31ea-b7c5-21709f3bb341,Jared66 Satterfield305,M,GENERAL PRACTICE,50 ROWE ST,MELROSE,MA,021763201,42.4592093,-71.06078096379728,1300,0,9999958991
35b29489-cfab-3100-9f0b-9f161dfac202,ca9ee1b8-abeb-3b62-a017-8839fbe10847,Mikel238 Miller503,M,GENERAL PRACTICE,172 LAWRENCE STREET,LAWRENCE,MA,018413849,42.7138132,-71.1639172,55,0,9999890590
648f1ae9-46ca-3200-b720-628ae1a66d36,0ec04450-c150-322d-b2c3-1449d672a23c,Yolando662 Huels583,F,GENERAL PRACTICE,110 W SQUANTUM ST,NORTH QUINCY,MA,021712122,42.27259075,-71.03082765,21,0,9999981092
4f8cd79e-2576-392c-b222-7fcd4cd44b32,fd650ebc-a642-3818-b073-692473cd31f1,Larisa542 Kris249,F,GENERAL PRACTICE,900 CUMMING CENTER,BEVERLY,MA,019156181,42.5584284,-70.8800491,189,0,9999959494
5553e1a1-861b-3151-8378-0f9d4ebd28c5,3ff0f58b-7a1f-3334-9449-ff15f68b7d86,Winston220 McCullough561,M,GENERAL PRACTICE,275 SANDWICH ST,PLYMOUTH,MA,023607761,41.94186605,-70.6455366462985,2902,0,9999998997
1f7f656e-8dfd-3feb-aeaa-97367baf35d4,4e0ec952-dd08-359e-87af-b13809b955ac,Modesta635 Mills423,F,GENERAL PRACTICE,37 DERBY ST,QUINCY,MA,021697564,42.2509914,-71.0037374,51,0,9999949891
f999d957-5786-34bb-b128-51769f512dba,70e3ad4f-b9ff-3f3e-9990-2cd7e23a9d1c,Tambra47 Bosco882,F,GENERAL PRACTICE,1238 RIVERDALE ST,WEST SPRINGFIELD,MA,010894675,42.1373438,-72.62624707492338,396,0,9999937896
9f70d123-46a0-382b-8dba-6dc586f04dfb,dbe1e521-57da-3855-9aa0-aabadbd17e32,Joline447 Stark857,F,GENERAL PRACTICE,454 WASHINGTON ST,NORWELL,MA,020612050,42.1592792,-70.85480698781902,23,0,9999903997
194332a5-3218-3c69-bb3b-b046821e9657,80458ace-5754-39b0-807a-1a5b119cb5bb,Wilbert25 Nolan344,M,GENERAL PRACTICE,11 PONTIAC AVE,WEBSTER,MA,015701629,42.06282535,-71.87016198711046,8,0,9999874495
53db70dd-403f-33cc-8f44-f0eb114b2e31,09434cf4-ae0d-32ad-bc16-5ce7b0e5c12b,Erich201 Christiansen251,M,GENERAL PRACTICE,1041L Pearl St.,Brockton,MA,02301,42.055134,-71.06661,76,0,9999983098
3d7e5acd-61c0-3c56-b4d7-9d8134b89454,171254da-957c-304a-b3fc-51a2d3ebee43,Brittney657 Schmitt836,F,GENERAL PRACTICE,108 Merrimack St.,Haverhill,MA,01830,42.77449,-71.07901,1367,0,9999984195
f848730f-6cfa-3792-a77e-762209cdbbbe,8ddbad9e-b5fc-3895-8a1c-17f32197a865,Teresa94 Marrero674,F,GENERAL PRACTICE,1455 MAIN STREET,CHATHAM,MA,026332083,41.6827332,-69.98755685244114,20,0,9999910398
192f32dd-129e-331b-98b4-f6f2d45234a1,9cfdd210-a2ed-34d6-9381-2f5d999011ca,Edith654 Beier427,F,GENERAL PRACTICE,21 HIGHLAND AVE,NEWBURYPORT,MA,019503873,42.814341671166744,-70.88998002772408,150,0,9999967091
30060054-9ae4-30ef-8bce-12036e3b1027,75846b1f-d0ec-3255-9bdd-d09eb0a9dd0d,Paul232 Bartell116,M,GENERAL PRACTICE,575 BEECH ST,HOLYOKE,MA,010402296,42.20105435,-72.628169560868,200,0,9999962498
e1c6e360-e14f-3a67-b4f8-0371e70e7c38,7e8bd0f2-2746-355e-92ef-9473818c58a2,Ivory697 Okuneva707,M,GENERAL PRACTICE,90 SUTTON STREET  SUITE 3-4,NORTH ANDOVER,MA,018451655,42.705281049999996,-71.13643624887442,3,0,9999922195
864981c3-a5ba-32c1-80ed-9261e25bfba9,dd280187-8662-3732-af81-595d10572911,Clifton91 Lakin515,M,GENERAL PRACTICE,4499 ACUSHNET AVE,NEW BEDFORD,MA,027454707,41.74026055,-70.9450945705336,1627,0,9999986794
9cc19db7-9893-352b-b857-8160282835a7,a6964d47-8af0-3df2-b99d-d8414eb1cfa3,Adrienne302 Schiller186,F,GENERAL PRACTICE,200 MAY ST,SOUTH ATTLEBORO,MA,027035520,41.924394750000005,-71.36076410900014,2266,0,9999991596
0ae16618-5c9e-3703-9741-d20b47831546,004554b4-3068-3938-832d-fa7cbe1cd1fb,Lacy523 Littel644,M,GENERAL PRACTICE,25 STONEHAVEN DRIVE,WEYMOUTH,MA,021903951,42.1589443,-70.94970431672323,24,0,9999887695
b41a503c-d807-3cad-9cf9-92c4e62a0aa2,e2a4a148-7e7e-3df4-aa79-1835caf7baea,Clair921 Grady603,M,GENERAL PRACTICE,472 MAIN ST,ACTON,MA,017205953,42.4861111,-71.4335468,10,0,9999934695
cb9f91ec-2914-3a63-985c-69acdd8d0cc9,dae3ee01-f383-366e-9ad6-dc92963064ea,Lucia634 Cortés936,F,GENERAL PRACTICE,1233 MAIN ST,HOLYOKE,MA,010405381,42.16578055,-72.63389634691956,1726,0,9999993394
05da433d-a1f9-3e85-a297-690aa17eaade,a7b047dd-186a-32de-8187-b0853c05aed6,Dustin31 Mayert710,M,GENERAL PRACTICE,180 LOW STREET,NEWBURYPORT,MA,019503519,42.815683050000004,-70.89666045994463,37,0,9999883793
062eec78-f8c7-32b6-b8f3-3a0266baae78,2c708a72-2e25-36a1-8209-d2a708874eff,Kyoko885 Strosin214,F,GENERAL PRACTICE,1324 BELMONT STREET #202,BROCKTON,MA,023014435,42.057156895761736,-71.06994368825448,10,0,9999903898
70852f3b-a852-347f-9254-65aa72ea6673,dac75bc1-cbfa-306b-9a0a-88d5edf3638d,Henry768 Ebert178,M,GENERAL PRACTICE,170 COREY ROAD,BRIGHTON,MA,021358244,42.3433093,-71.14003855124017,118,0,9999878397
41769ea5-ec9b-3ee9-b8ca-23759429a334,b7488009-cd48-3a0d-87c4-6c47d1ceb3c8,Raymundo71 Hayes766,M,GENERAL PRACTICE,95 COMMERCIAL STREET,BRAINTREE,MA,021844301,42.22110375,-70.97097247044559,12,0,9999893396
657ae399-af9a-3bf9-8843-a267a501e82e,371948e4-733a-33b6-a835-68abefdeb59f,Zachary28 Gleichner915,M,GENERAL PRACTICE,197 ADAMS RD,WILLIAMSTOWN,MA,012672930,42.704126099999996,-73.19043030392987,150,0,9999972299
ee98a227-4681-30f2-9589-9f87fc09f444,744bdf85-6223-367c-b1ab-e8c8e0a5eb28,Stella203 Hammes673,F,GENERAL PRACTICE,2 REEDSDALE RD,MILTON,MA,021863800,42.258080449999994,-71.08070895097364,143,0,9999965590
31950b42-5e76-3689-9f11-f8bd5573f88d,679a8e99-0f35-3eec-94ed-d8341e9fe33c,Tony646 Hahn503,M,GENERAL PRACTICE,140 WEBB STREET,WEYMOUTH,MA,021882736,42.22281125,-70.96226691624932,58,0,9999899997
e6f5d248-4a85-3d21-a617-dce1e093e8bf,63b4f233-fb49-3b1e-a17c-2d572367b131,Jerry654 Baumbach677,M,GENERAL PRACTICE,2222 CENTRE STREET,WEST ROXBURY,MA,021324034,42.27370345,-71.15856364656862,38,0,9999889295
5ff5adcf-ecf2-39d7-8f51-9b38c04ce523,9d283097-e706-3421-8b98-948b1fdadf30,Maryellen651 Jast432,F,GENERAL PRACTICE,42 PROSPECT AVE,WEST SPRINGFIELD,MA,010894510,42.157666846720865,-72.63485704670578,8,0,9999871095
c56e3d66-e694-3bc2-836c-d299b9be4d2d,f82ff162-c689-3682-876c-220cf96eb97b,Billy698 Schoen8,M,GENERAL PRACTICE,74 MAIN ST,FRAMINGHAM,MA,017022952,42.2976266,-71.42605348361442,201,0,9999961490
7ea03807-6ab7-3a27-9cd6-75e5a4b69d6b,9d989fcf-4ad9-3972-ada3-f275d967781e,Cristi782 Miller503,F,GENERAL PRACTICE,100 TER HEUN DR,SANDWICH,MA,025632377,41.7579043,-70.4968152,4990,0,9999996199
43a8bc8c-093d-33fd-93eb-e425b915ed10,87472bc2-7c23-37cc-8355-7f3e88614b6b,Leilani136 Kris249,F,GENERAL PRACTICE,305 MAPLE STREET,EAST LONGMEADOW,MA,010282765,42.059258494749486,-72.53388585052694,70,0,9999887091
b83247f3-bafb-312c-a0a0-801342a5faca,7a5f7ae1-8437-3f5e-b788-5c2ad57f0a0b,Millicent213 Mertz280,F,GENERAL PRACTICE,29 ORCHARD ST,SOUTHBRIDGE,MA,015504003,42.076356200000006,-72.04167805,89,0,9999974295
e5321c31-ec0b-3130-903f-7ae4d765caf3,b69bccdc-5ad3-3ded-a018-3cd8f369c9d2,Wendell199 Ziemann98,M,GENERAL PRACTICE,120 S MAIN STREET,CENTERVILLE,MA,026323246,41.649898300000004,-70.34309844876677,129,0,9999884791
638ad8d3-9017-3e87-bc02-c8f99f3a2213,af3871c3-2098-3051-bcb7-8a919e194a16,Stephane228 O'Conner199,F,GENERAL PRACTICE,97 LIBBEY PKWY,WEYMOUTH,MA,021893110,42.19322885,-70.94589987654936,360,0,9999967596
736cb540-3554-3aae-a7a7-e12144d469ff,542185c1-943a-30f4-aba0-0efaa92488a4,Luetta803 Rau926,F,GENERAL PRACTICE,142 LAKE ST,ARLINGTON,MA,024764738,42.40328885,-71.15140830652837,463,0,9999955096
562834f6-a438-3b6e-9ae2-e40b1519aafe,de32e6d9-848e-35d4-a217-e62eb5e0bc7b,Elise948 Abbott774,F,GENERAL PRACTICE,77 HIGH ST,NEWBURYPORT,MA,019503071,42.8055312,-70.87001791778893,3,0,9999871590
e8cf35c9-28e8-38ee-af80-d8bd06434c47,0319f6d9-60a3-36ac-9f26-b782d7997b1c,Maybell872 Quitzon246,F,GENERAL PRACTICE,22 MILL ST,ARLINGTON,MA,024764738,42.4177455,-71.1579688,36,0,9999971390
2112aee1-81f5-3580-b1a0-ca9afe9ecdce,a2cc09de-c1e2-3126-8c09-d49f95225281,Darnell564 Leannon79,M,GENERAL PRACTICE,300 LONGWOOD AVE,WALTHAM,MA,024532741,42.3756401,-71.2358004,1469,0,9999995092
347e2568-23a9-3312-bdb0-c0fb7a17abb2,175787c9-37d1-308a-9d33-a6ff513ee320,Pablo44 Roob72,M,GENERAL PRACTICE,804 PLEASANT ST,BROCKTON,MA,023013055,42.08723215,-71.05285860302956,1,0,9999898692
a2ccc273-54c5-331a-aaf4-454811c37603,9f2f60a6-87a4-3f45-b753-b63b5b7e9993,Maricruz991 Considine820,F,GENERAL PRACTICE,332 HANOVER STREET,BOSTON,MA,021131901,42.3647421,-71.0536619,1039,0,9999977595
4c8b0387-a442-3a04-848e-2b8c38cbab81,44cb1162-a345-3477-8723-c202a3c8cdcd,Shaquita282 Graham902,F,GENERAL PRACTICE,73 W MAIN ST,HOPKINTON,MA,017481619,42.21799145,-71.54005509979045,149,0,9999958397
008264ee-9535-3a8a-853e-73e1dc96128e,c5306a86-09a1-32d9-875a-67ef56e131c0,Earnest658 Gutkowski940,M,GENERAL PRACTICE,242 SUTTON ST,NORTH ANDOVER,MA,018451631,42.70773345,-71.1300651,291,0,9999954099
83035f57-811c-3110-8d7f-f828ed7a8f64,ab16be57-62ea-39a5-8f7a-ee1285cf6934,Ciara810 Gibson10,F,GENERAL PRACTICE,115 MILL ST,PETERSHAM,MA,013669503,42.4865962,-72.1893057,252,0,9999994897
8ac534b3-4416-3b7e-9cf3-f3544f598dbb,f341c366-8313-3790-ab26-d8d27b116ff5,Hugo693 Jaramillo133,M,GENERAL PRACTICE,80 LINCOLN STREET,WALTHAM,MA,024535465,42.39322121170625,-71.24104146434591,369,0,9999970491
2560081d-ca5a-3d2b-96d6-d39506ce70dc,0d7ef8ee-4e45-3b40-9f2b-f558dce71574,Rory188 Kuhlman484,F,GENERAL PRACTICE,200 BOYLSTON ST,CHESTNUT HILL,MA,024672008,42.318869649999996,-71.17524247213663,125,0,9999952697
e7f70332-59d3-3018-8e89-2882562a91c1,1de1aeee-4088-391b-af7a-95d7cfaeaf32,Jerrod232 Denesik803,M,GENERAL PRACTICE,57 PROSPECT ST,NANTUCKET,MA,025542799,41.27514065,-70.10108985970798,51,0,9999995290
5eb76259-383e-3d6e-acd6-05126165e8cb,f312977e-8f41-3816-84cc-e5b12ba36955,Eldora89 Langosh790,F,GENERAL PRACTICE,1153 CENTRE ST,JAMAICA PLAIN,MA,021303446,42.3017598,-71.12855793387442,255,0,9999997296
5ed25143-e7ec-3cb4-a3f0-2d0c03bcdfce,0519b293-2e92-3eb3-aeef-233da0babc93,Joslyn677 Friesen796,F,GENERAL PRACTICE,40 PARKHURST ROAD,CHELMSFORD,MA,018241511,42.6198215,-71.36189212971482,100,0,9999894493
025d7b66-65b7-333b-b14f-7189a33469d2,5c896155-eb9a-383e-9162-a43ebb7f1cc5,Nannie905 Mayert710,F,GENERAL PRACTICE,400 LINDEN PONDS WAY,HINGHAM,MA,020433784,42.1972249,-70.91712645007524,46,0,9999893297
457af428-66cf-3632-8c30-90f1e919a5d4,c5403c4f-14d5-3171-9227-a9b8327f3149,Lonnie913 Ferry570,F,GENERAL PRACTICE,52 OLNEY RD,CHICOPEE,MA,010202103,42.1487691,-72.6071119,538,0,9999953497
0fbb8422-e9a5-3a19-8805-34cddaf4b4e5,a730c5e6-a15f-3e36-8112-8579e507d330,Drew592 Ankunding277,M,GENERAL PRACTICE,28 LORD RD,MARLBOROUGH,MA,017524549,42.34718040987546,-71.57283065352654,380,0,9999952499
bdf26575-dbd1-3e5c-a292-ca28a612ee20,4ffc4e4b-9d8d-3c30-ad84-fc9a7209da94,Madelyn308 Carter549,F,GENERAL PRACTICE,4525 ACUSHNET AVENUE,NEW BEDFORD,MA,027454727,41.74080975,-70.94731021257817,92,0,9999903096
3336dece-afda-35f1-8ba4-5ba7ec04e5fe,389323ef-b127-3a06-a22d-e24aef033e5d,Eugenio846 Streich926,M,GENERAL PRACTICE,200 PROVIDENCE HWY,DEDHAM,MA,020261881,42.22214545274341,-71.18159060546684,136,0,9999961193
9005d0c9-5944-3464-b51c-dd9f4e05fac9,bebc1dac-6c42-3225-b0ba-23278cdf2a62,Antonia30 Hackett68,M,GENERAL PRACTICE,464 MAIN STREET,AGAWAM,MA,010011826,42.07695165,-72.62026217030348,65,0,9999894196
c5eaa73a-802f-3120-afbb-693b56be94c4,82248deb-13cc-31b2-8764-0233e159a93a,Lan153 Kemmer137,F,GENERAL PRACTICE,19 DEPOT STREET,ADAMS,MA,012201856,42.623644600000006,-73.11852130252683,205,0,9999973990
4a7ed446-5e76-3847-b25f-c32174e34f91,5a6fa8a5-90e2-3f70-bb3e-3d9dd7ad2f96,Josue598 D'Amore443,M,GENERAL PRACTICE,44 NEW LOMBARD RD,CHICOPEE,MA,010204857,42.1678446,-72.54203576723424,4,0,9999871194
e4a759a4-34f5-34c2-b924-117ac708d996,ce4d0501-49eb-396a-bc56-545fdfc624b0,Bea654 Daniel959,F,GENERAL PRACTICE,1 HOSPITAL RD,OAK BLUFFS,MA,025571406,41.46063105,-70.57989080295974,1195,0,9999986497
fb62ccc3-7312-3ea4-b020-6afbcefcb330,e0527541-c6b2-38cc-a6eb-3a95f5126804,Joe656 Kiehn525,M,GENERAL PRACTICE,534 SCHOOL ST,WEBSTER,MA,015704319,42.041225352941176,-71.88304464705882,24,0,9999935395
b56c5def-94bc-3dd6-998e-86b3b100d5eb,70e943de-a18b-3e03-a204-ecca2f01b6d1,Joshua658 Wolf938,M,GENERAL PRACTICE,76 NORTH MAIN STREET,WEST BOYLSTON,MA,015831130,42.393642299999996,-71.79207534741954,11,0,9999893891
8f793828-4d70-3636-8118-6c07eb54182a,e69e7cbb-8362-30d1-83f2-3a0c492fe2b1,Isaac321 Kub800,M,GENERAL PRACTICE,110 LONG POND RD,PLYMOUTH,MA,023602642,41.9255829,-70.65514326847389,526,0,9999965897
7328dda4-23d3-3560-b85f-eece1fd57e3a,1ef8d603-bec1-35f5-a830-2a0b919cf47f,Dudley365 Kutch271,M,GENERAL PRACTICE,1801 TURNPIKE STREET,NORTH ANDOVER,MA,018456322,42.6355548,-71.0761760490546,66,0,9999893693
e0deb565-d916-3f1a-a59f-68f2e8f3ca59,154cc5db-4906-3411-8aa3-39902c6b3af2,Kylie930 Hilpert278,F,GENERAL PRACTICE,12 VICTORIA LN,STONEHAM,MA,021802221,42.4916624,-71.10288588889674,58,0,9999941096
971afb77-8147-3ae2-b077-7744f0936688,d13ac855-c068-3b57-8d65-fc3c90f32558,Dorsey40 Orn563,M,GENERAL PRACTICE,383 SOUTH ORLEANS ROAD,BREWSTER,MA,026312870,41.738964949999996,-70.00124453922743,1,0,9999871293
141a6af4-02bc-3607-8050-7bd35d02d3b0,9e469108-97a0-350a-b6ba-be2a286b3dcc,Tereasa291 Mueller846,F,GENERAL PRACTICE,150 FLANDERS RD,WESTBOROUGH,MA,015811017,42.2770724,-71.5679154706427,99,0,9999993097
60782acd-d5ca-3632-90bb-977ce2b42cb7,afc661fd-71d9-3fc3-adf2-3fc3b5e8a140,Leontine92 Schmeler639,F,GENERAL PRACTICE,680 CENTRE ST,RAYNHAM,MA,02767,41.9487118,-71.0731008,1796,0,9999992594
9b20efa0-74cf-35f8-9dce-1da708ee692d,be9a14c1-72a6-3186-b199-fdb070768458,Lisabeth458 Roob72,F,GENERAL PRACTICE,18 FRANCES ST,WOBURN,MA,018013006,42.488288600000004,-71.15015700746171,2,0,9999884494
5366da84-585a-348b-89e9-b044649f6814,06cc2462-430f-3322-9c87-7e971125f510,Bryon392 Mann644,M,GENERAL PRACTICE,133 OLD ROAD TO 9 ACRE COR,WESTFORD,MA,018863198,42.5792583,-71.4378411,3401,0,9999990598
372c0b7e-746e-3c40-a6aa-f1fdbea69ee4,0899da04-19b2-33b7-9d12-db40b0491c1b,Delorse592 Franecki195,F,GENERAL PRACTICE,780 ALBANY ST,BOSTON,MA,021182524,42.333645250000004,-71.07279114401811,46,0,9999979690
e16279cf-d11e-3448-bdfe-f4973883dd4e,479427f6-9419-3eba-b2c2-b037b4b89493,Britt177 O'Keefe54,M,GENERAL PRACTICE,180 GEORGE WASHINGTON BLVD,HULL,MA,020453069,42.2630377,-70.8606109,86,0,9999978098
e526b55a-9346-3d5d-afac-9a5772f2ee8d,98bf9e06-f827-310f-8022-35ee33686f76,Ilana185 Torp761,F,GENERAL PRACTICE,204 PROCTOR AVE,REVERE,MA,021514923,42.41420445,-71.0184707933218,5,0,9999895391
3f6c3726-be96-30d6-9068-1824557c280a,4932efc0-a23f-3f57-803e-554caa6ae7a8,Marcos263 Mascareñas995,M,GENERAL PRACTICE,2446 HIGHLAND AVE,FALL RIVER,MA,027204504,41.73521465,-71.12778915697172,1,0,9999897199
e391a21b-0aaf-37be-ba67-1a27154abcc2,0c6e2aac-bd59-351f-a144-b2a6855c50f8,Jamila16 Conroy74,F,GENERAL PRACTICE,319 CONCORD ROAD,WESTON,MA,024931310,42.3828732,-71.3206139,9,0,9999895599
2bca0cf5-954e-3681-9e69-74a9564a05bc,dd456e39-9f82-303b-9c3f-5db0e82a437e,Gerardo48 Conn188,M,GENERAL PRACTICE,26 QUEEN ST,WORCESTER,MA,016102473,42.25930925,-71.81494729825698,120,0,9999980896
a4df39b4-4318-3bf8-b3b8-061649f40efb,8e1aab52-fc16-3b51-ac7b-30379ebf5630,Maria750 Durgan499,M,GENERAL PRACTICE,168 INDUSTRIAL DR,NORTHAMPTON,MA,010602379,42.335726,-72.63284732269418,7,0,9999934992
a024acda-4573-30c2-8285-b86100e1440c,759de184-595f-3131-ba20-6a412553496d,Marco578 Pacocha935,M,GENERAL PRACTICE,49 THOMAS PATTEN DR,RANDOLPH,MA,023683901,42.1594587,-71.06112167252701,5,0,9999902890
4d237b34-d300-3a1f-a8b1-e357a7a46399,dfc0bac0-55a9-3f25-b0e3-78f9f586560c,Jae222 Windler79,F,GENERAL PRACTICE,444 STOCKBRIDGE ROAD,GREAT BARRINGTON,MA,012301295,42.22088152406833,-73.34280352682327,53,0,9999976993
51c725fe-e887-3346-b4a3-20d2ee120bb0,2b3f6816-b774-3bb5-8654-915e5f712f9c,Dante562 White193,M,GENERAL PRACTICE,1650 WASHINGTON ST,WEST NEWTON,MA,024652241,42.34253672934744,-71.23694527065257,1,0,9999875096
3e1fc7e5-b25c-3e7e-9470-bcbf0b4a242b,c5cb0e69-9762-3fdb-96a6-e9e339f5ca91,Marivel862 Borer986,F,GENERAL PRACTICE,390 MAIN ST STE 1041,WORCESTER,MA,016082583,42.12647255,-71.86350561906715,6,0,9999918896
373b6d3f-2785-3727-b8c1-32774e40ab24,db106514-f254-3402-b6a4-6d210c78c7e2,Kimbra238 Runolfsdottir785,F,GENERAL PRACTICE,211 FRANKLIN STREET,QUINCY,MA,021697833,42.23691085,-71.00237199954586,58,0,9999882290
4e75870b-b127-3d93-ae7f-22b007164f40,ee7fab6f-6438-394f-b1f2-3e452f8f055a,Domonique463 Satterfield305,F,GENERAL PRACTICE,75 BRIMBAL AVENUE,BEVERLY,MA,019156009,42.570099299999995,-70.87108224250409,210,0,9999881292
6030f48f-f8bc-361d-93a4-aa9671c37071,79508e39-d0b0-3613-9d54-168f6e1c3a18,Lynwood354 Tromp100,M,GENERAL PRACTICE,200 GROTON ROAD,GROTON,MA,014502056,42.577352149999996,-71.57414587343038,1731,0,9999990499
79d75240-c3a2-3b4e-809d-25e25e0cbd73,3b7f8ddb-f9b8-3adf-9608-4f4bd7f2c4f0,Brandie19 Sipes176,F,GENERAL PRACTICE,125 HIGH ST,MANSFIELD,MA,020482165,42.02751025,-71.2223420309856,27,0,9999916296
57dcd65a-7b19-3baf-bd8b-1c5c286b49a9,af570aee-a397-372c-8eba-5c2b18662b0f,Samella245 Runolfsdottir785,F,GENERAL PRACTICE,800 W CUMMINGS PARK STE 2250,WOBURN,MA,018016372,42.4961562,-71.1258904921298,86,0,9999950097
67432c76-07c4-3700-af7d-e45bec60f7be,e52b37d6-60d6-354d-90f9-6e9f9eb1d209,Lyman173 Kshlerin58,M,GENERAL PRACTICE,289 ELM ST,EVERETT,MA,021495228,42.4152341,-71.0348323,4,0,9999883892
77c78830-8cac-359b-816f-6d4fee345189,907b1d2f-2bf8-31b5-abc2-14d6b75faa96,Lizeth852 Ernser583,F,GENERAL PRACTICE,340 MAPLE ST,MARLBOROUGH,MA,017523200,42.3358161,-71.54106510218209,311,0,9999957696
9c92bb2d-40ec-38ef-b88a-b0ced2bcd56b,1ce0d1a3-b507-3ad1-afc5-b25bfe48b8dc,Margarito178 Welch179,M,GENERAL PRACTICE,10 PEARL STREET,STOUGHTON,MA,020722364,42.125716800000006,-71.1025481568314,63,0,9999936492
d04605b6-9d89-36b7-867c-4d35baca7baf,922d1031-d968-39c2-b73c-d5a495c39068,Carlena776 Steuber698,F,GENERAL PRACTICE,350 LINCOLN ST STE 1102,HINGHAM,MA,020432801,42.248735,-70.9209846,233,0,9999948992
d6ff18f9-7c83-3c8a-ba86-84912a4674ba,17512c83-b259-3632-964e-7fa864c557fd,Orval846 Hyatt152,M,GENERAL PRACTICE,329 CONWAY ST,GREENFIELD,MA,013011522,42.6031458,-72.60983214642542,1,0,9999910091
6e2fee1f-440c-392c-9c20-3a2efc959063,65cf1d58-590c-3fc8-b68b-f429129a0f79,Horacio317 Delagarza9,M,GENERAL PRACTICE,241 WINTER ST,HAVERHILL,MA,018314835,42.77792505,-71.08618205019678,4,0,9999904797
cc40a0b7-b1e3-3013-9046-af2b498bbf59,880fad59-9c38-3a21-a39f-ccc801502ab3,Gloria696 Guardado953,F,GENERAL PRACTICE,799 CONCORD AVENUE,CAMBRIDGE,MA,021381048,42.390849395521705,-71.1556550001627,72,0,9999889097
0f23ac7b-fd31-3277-b3ab-608402fb2743,352f2e3b-0708-3eb4-9f7e-e73a685bf379,Gregg522 Willms744,M,GENERAL PRACTICE,157 UNION ST,SOUTHBOROUGH,MA,017721215,42.3056501,-71.5245087,3109,0,9999994392
3fee2884-c45c-345c-8616-c2c4e0a599e8,5b142cbe-a07c-3f6e-9780-a563644f66e2,Ross213 Wisozk929,M,GENERAL PRACTICE,73 Huttleton Ave.  Unit 2,Fairhaven,MA,02719,41.6318,-70.8801,1039,0,9999982793
696defbc-a3ce-37d3-9ab9-dd5972251528,49fa72da-905b-3258-b22a-06e007c74c81,Hung902 Weissnat378,M,GENERAL PRACTICE,30 CAPITAL DR STE A,WESTFIELD,MA,010851832,42.1390327,-72.7584859,77,0,9999936997
08cf052d-003c-325b-a03b-09ac17cbacbf,34f7bdc0-0550-333e-a53f-5e2af5a6d4ec,Mable471 Kreiger457,F,GENERAL PRACTICE,212 S MEADOW RD UNIT 5C,PLYMOUTH,MA,023605450,41.9426657,-70.7618592,130,0,9999945295
6df6252f-8efb-3e42-a769-fdd53a34b1e7,ef95a6b4-cf95-32c2-b6e5-0488faaa3ac4,Han309 Walter473,F,GENERAL PRACTICE,259 LOWELL ST,SOMERVILLE,MA,021442666,42.3922293,-71.1061564,10,0,9999918599
6e168ba8-4bf2-3e2a-9169-ef3eac580003,e34d8448-8b98-3f91-9fe7-faeb8a78e1db,Jill895 Monahan736,F,GENERAL PRACTICE,NEW ENGLAND SINAI HOSPITAL,MILTON,MA,021862377,42.2501425,-71.065573,231,0,9999960492
4e8e3d53-5e06-35f8-b2ce-30ad998155ab,2164ee72-e9d8-312a-8bf4-a4abc55771b7,Alva958 Ritchie586,M,GENERAL PRACTICE,84 CHAPIN ST,SOUTHBRIDGE,MA,015502408,42.073771750000006,-72.03709326666669,5,0,9999884098
ddbef5f7-91fe-3c3c-9287-31d1f77d9490,a2d45ee8-b930-3169-b612-f602961ad212,Valentine262 Leannon79,M,GENERAL PRACTICE,37 MINUTEMAN WAY,SHREWSBURY,MA,015452229,42.288207,-71.73443816915585,701,0,9999949198
9d154ebd-f840-315d-8c00-f266f3c6dc53,0fa1cab9-83c1-3c85-b7bc-53d8b922e2f7,Annita733 Frami345,F,GENERAL PRACTICE,115 LINCOLN STREET,WORCESTER,MA,016081216,42.2768165,-71.795274,534,0,9999997692
02196e97-1d95-3d1f-80f8-7acc6ead56a2,817f4acb-0184-3146-9ce0-87197d8f115a,Julienne688 Buckridge80,F,GENERAL PRACTICE,30 NEWCROSSING RD STE 301,READING,MA,01867,42.51809619399502,-71.0959083715027,79,0,9999960393
2cd301b5-a98e-3cf5-8b9d-be7cd5a214af,4887dc20-9ef6-3cc2-9c56-858388049a50,Kimberlie352 Kertzmann286,F,GENERAL PRACTICE,168 WEST CENTRAL STREET,NATICK,MA,017604122,42.282113100000004,-71.37898579435048,99,0,9999883496
0b02c2ec-dcd6-3dda-b361-15b74014b9c0,a767ef82-13a7-356f-8fb8-5e8869426bda,Palma671 Willms744,F,GENERAL PRACTICE,3 HARVEST CIR,LINCOLN,MA,017733213,42.44715,-71.319067,4,0,9999878694
d412ed89-8c6d-3043-8d15-ecf9151b0af0,10ffe7b1-2f94-3f12-9288-679da05a1ec9,Odessa199 Hintz995,F,GENERAL PRACTICE,133 LITTLETON RD,WESTFORD,MA,01886,42.57056335,-71.41736646422413,755,0,9999971598
a3f01895-7012-3d44-a540-546b60102211,4fa643ae-1f58-3c2e-9f33-0ba56345ad10,Sharyl439 Williamson769,F,GENERAL PRACTICE,361 MAIN ST,WAREHAM,MA,025712153,41.761384899999996,-70.71911431737183,637,0,9999946996
a3c2e8aa-375a-389b-a00d-7c23e3f5a499,e98ef46c-e94c-34bc-9cf5-134d8ddcbac5,Jamey282 Olson653,M,GENERAL PRACTICE,10 EMORY ST,ATTLEBORO,MA,027033002,41.9447388,-71.27972821642685,3,0,9999908590
b5fc920f-c76a-38d4-bf19-3debfef2c064,fa34d205-5ac2-3ba2-80a4-bef345dc57f5,Shawnna218 Daniel959,F,GENERAL PRACTICE,37 BROADWAY,ARLINGTON,MA,024745552,42.408086,-71.135914,9,0,9999904490
84a32353-198b-32ad-a348-8d60684b0b24,a73a3693-57ac-367e-b29e-f0f834cbaf66,Drew592 Simonis280,M,GENERAL PRACTICE,10 CORDAGE PARK CIR,PLYMOUTH,MA,023607318,41.9788991,-70.6879608,211,0,9999974493
3f969f18-1fb8-353a-8b73-8edc40d832cc,fdca6c7b-03d4-3dbe-a0d6-73ea9d295a7a,Nu535 Huel628,F,GENERAL PRACTICE,143 Munson Street,Greenfield,MA,01301,42.580627,-72.623634,560,0,9999984294
8924226a-335d-3ca0-ba3c-3188a9045c73,e6d63525-40f0-3391-a58a-e6a03598911f,Dorotha379 Kassulke119,F,GENERAL PRACTICE,400 STANLEY ST,FALL RIVER,MA,027206009,41.7148511,-71.13527009152534,194,0,9999980797
27cbde77-1889-3699-9585-eac4880c6435,fb4a08b8-57ee-382b-b3cb-43d94f1bb4c0,Jude172 Hammes673,M,GENERAL PRACTICE,1010 SOUTH MAIN STREET,FALL RIVER,MA,027242855,41.690775450000004,-71.16515282264554,436,0,9999975094
f689aa8e-0300-30a0-8248-c4bed801897c,2b97893e-dc50-378b-a266-f089b8450329,Eva64 Tamayo777,F,GENERAL PRACTICE,250 MOUNT VERNON ST,DORCHESTER,MA,021253120,42.3194571,-71.04610844302991,652,0,9999977397
bcfa7378-2f45-3e3d-b277-7901941bcf22,d0894f6b-78d7-338d-82ad-b63de4d40014,Dewayne363 Lemke654,M,GENERAL PRACTICE,330 MOUNT AUBURN STREET,WALTHAM,MA,02452,42.3756401,-71.2358004,1896,0,9999994590
d7052d6e-ddf9-3267-a802-166f0f5f45db,02661a4d-56da-3bfb-8ca0-0ecc77ba9fa6,Jacki842 Koepp521,F,GENERAL PRACTICE,30 CAPITAL DR STE A,WEST SPRINGFIELD,MA,010891359,42.13809525,-72.62351832623938,2,0,9999910794
63043468-52f6-3f22-8e75-58453c7fdcf9,310d02fb-ba0c-3b5a-9ab3-8d7bb8e7b661,Felica690 Farrell962,F,GENERAL PRACTICE,709 WASHINGTON STREET,CANTON,MA,02021,42.1561851,-71.1452049,162,0,9999960294
c1a449de-ea7a-3bf2-aebe-f4292cafd8a0,5d1b509e-a048-357f-807e-6b863006e337,Lorenzo669 Parra592,M,GENERAL PRACTICE,65 WALNUT ST,WELLESLEY HILLS,MA,024812118,42.3213892,-71.2586343,24,0,9999956094
a3bed1d4-562a-3e79-83ca-78d4c3f2a29c,3d5fbf38-c781-3e04-8c7e-5a402611b7d4,Rubén780 Padrón382,M,GENERAL PRACTICE,260 ELM ST,SOMERVILLE,MA,021442951,42.3955992,-71.1227391,1297,0,9999963991
b8a10240-50e9-3ce0-b14d-750a787f7a1a,f43f97f2-af04-3ed0-a42e-3681718cc9b2,Dorcas534 Quigley282,F,GENERAL PRACTICE,725 NORTH ST,PITTSFIELD,MA,012014109,42.4600752,-73.2492795834909,1571,0,9999993691
4b83051f-9998-3f90-a9cf-8a49441f4e0d,fd5342f0-10c0-3f48-9c7e-7100a64db139,Robby860 Abshire638,M,GENERAL PRACTICE,30 PRINCETON BOULEVARD,LOWELL,MA,018512405,42.6353691,-71.3322833,45,0,9999893594
410cb891-f7e6-36d1-b8f0-0ab4afbf6188,e119dcbb-0c33-3ec1-bf97-5f477799e5cb,Karey608 Kerluke267,F,GENERAL PRACTICE,312 MILLBURY AVENUE,MILLBURY,MA,015273622,42.22515325,-71.75735371350069,9,0,9999902999
9fabc1b8-baac-34ef-a0fe-62610e564915,03c5769d-b185-35ee-b563-9e651cff95bc,Delbert384 Rohan584,M,GENERAL PRACTICE,807 WILBRAHAM RD,SPRINGFIELD,MA,011092067,42.1108434,-72.5341133,9,0,9999891499
59cbf84f-bba0-3ca6-b011-d2df0ae6939d,f202fe9c-c1dd-30d5-805e-6a26904dbbce,Christy428 Fahey393,F,GENERAL PRACTICE,256 GEORGETOWN RD,BOXFORD,MA,019211642,42.697599999999994,-70.98887494259449,62,0,9999955997
27f60979-5453-3f71-a8f9-49524dc9664a,9ed61c49-1d0c-3774-b528-d75b50938fe2,Gustavo235 Castellanos521,M,GENERAL PRACTICE,110 West Squantum Street,Quincy,MA,02169,42.272617,-71.03133,580,0,9999983494
a47639cc-6d0f-3a6b-8697-9ab2b291c263,7ac466c6-7968-33fd-882c-6d5418f88c8a,Valeri645 Hayes766,F,GENERAL PRACTICE,2 MEETING HOUSE RD,CHELMSFORD,MA,018242700,42.60140085,-71.35097894451894,549,0,9999965491
30423f37-c32f-3ba8-bcf4-1877469662a0,2f67494e-f17e-3248-ba68-3ca42913cca1,Majorie11 Bergstrom287,F,GENERAL PRACTICE,184 MAIN STREET,FAIRHAVEN,MA,027193259,41.646106,-70.90865208079187,196,0,9999895995
6664fb6f-6964-332c-a83f-1634abb2af89,0d19a52f-6f9b-32aa-9aad-6b7027cc668e,Spencer878 Mills423,M,GENERAL PRACTICE,7 SANDISFIELD ROAD BOX 216,SANDISFIELD,MA,012559621,42.1131485,-73.1299243,4,0,9999890095
913995e4-c357-3489-92b4-48461145db2e,326bc5bc-8da8-3337-a76a-7d44202dae3d,Porsche32 Hermiston71,F,GENERAL PRACTICE,184 SWANTON ST,WINCHESTER,MA,018901921,42.4606573,-71.13806547771736,6,0,9999889196
ea6cc9b8-8112-3b99-8c9a-6903c7c1e697,88975fd9-b47e-3af6-af78-c58e1ecf0d5e,Barry322 Feil794,M,GENERAL PRACTICE,115 W SILVER ST,WESTFIELD,MA,010853628,42.1178811,-72.75935246865802,1419,0,9999991794
fd75c5b6-df7b-33a9-b719-428b0df4cbf2,15c0c270-968e-3651-8afe-e162149e5e3e,Elias404 Kohler843,M,GENERAL PRACTICE,10 George Street  Gateway Center,Lowell,MA,01852,42.642513,-71.3062,1704,0,9999982892
cd50e7c4-4e0f-38b6-8e73-82d1445626ba,46e66051-c061-3c31-b439-1d71df92db1c,Bree992 Denesik803,F,GENERAL PRACTICE,11 NORTH ST,STONEHAM,MA,021801040,42.50329135,-71.10023035268328,4,0,9999870097
f261b848-e9ae-3880-9fef-70b74932b65e,52efa2e5-007f-3396-a83a-28ca015f0595,Walton167 Turner526,M,GENERAL PRACTICE,20 N PARK AVE STE 2200A,PLYMOUTH,MA,023604090,41.960434631488596,-70.67007876763536,188,0,9999953695
4967a239-9ba1-3a46-95af-848576a0646f,1b91b604-2a45-3bc5-9b1e-139147c8024d,Maybelle917 Murphy561,F,GENERAL PRACTICE,333 FRONT ST,HOLYOKE,MA,010402743,42.207294,-72.604819,6,0,9999924399
6d541a23-4ce6-3f32-9826-ebdee6501cae,19439108-9835-38fe-8ee2-1226a355cfba,Anderson154 Kunze215,M,GENERAL PRACTICE,694 WORCESTER RD,WELLESLEY,MA,024822837,42.2964859,-71.2925571,49,0,9999883199
1640f34c-ae98-35cd-86df-2437aaaf010c,ba5db88e-396b-39a6-9a0a-e9791bc709b7,Lester513 Olson653,M,GENERAL PRACTICE,80 ANDOVER ST,ANDOVER,MA,018105606,42.6390425,-71.15835003183432,8,0,9999870295
8183a7d9-7f8c-32fe-b9d0-33c4d33ddcd4,fd938c9f-a355-3ec7-96f8-516240ea1ba2,Conchita9 Serrano248,F,GENERAL PRACTICE,529 MAIN ST STE 126,PLYMOUTH,MA,023604842,41.7664657,-70.7266525,3,0,9999909895
1101a7bf-cd9c-3c5a-bfe6-2612e7a859b2,b5789b71-fc8e-3b7e-9eb2-3fc577943117,Elvia127 Miller503,F,GENERAL PRACTICE,81 RESERVOIR DRIVE,ATHOL,MA,013314901,42.581152349999996,-72.18775715069674,47,0,9999972596
aa96f8c1-756f-3a4c-993c-eb313d3e7056,0506a7b9-05cd-32d6-a687-7589e67f8587,Nenita289 Ullrich385,F,GENERAL PRACTICE,111 HUNTOON MEMORIAL HWY,ROCHDALE,MA,015421305,42.2020225,-71.89891616754682,6,0,9999882696
00af8452-7e17-392f-b13e-40a601b3851e,edd58f69-ad5f-346b-b1f9-530ccdc895f6,Johnathan55 Padberg411,M,GENERAL PRACTICE,52 CARPENTER ST,ATTLEBORO,MA,027032472,41.9369576,-71.27996091755344,259,0,9999941690
71bb33ba-f075-39e2-be3c-bc08dcf6a590,94ac48ba-e215-3ab9-ba88-a0b926d29cef,Barton704 Hahn503,M,GENERAL PRACTICE,300 WINTHROP STREET,MEDFORD,MA,021552311,42.421527,-71.11834,110,0,9999885798
5f244605-20cd-3776-9c92-189d9c248285,0334ad53-5d57-384e-a411-63b075139c06,Silas208 Stamm704,M,GENERAL PRACTICE,66 CENTRAL STREET,EAST BRIDGEWATER,MA,023331913,42.03160525,-70.9572577506426,103,0,9999883397
7c7af08b-92ef-3338-803a-3339258ae616,069b90f9-309b-35e4-b990-d1dbacb962cc,Leo278 Strosin214,F,GENERAL PRACTICE,36 LOWER WESTFIELD ROAD,HOLYOKE,MA,010402749,42.16975305,-72.63488031242107,304,0,9999880195
18c49849-31dc-3f6c-912e-3bdfa1ee3f70,b3f4de6b-901d-3856-ba81-35dc48a63d17,Jeana169 Cronin387,F,GENERAL PRACTICE,451 ANDOVER ST STE 205,NORTH ANDOVER,MA,018455079,42.6734518,-71.1268776,150,0,9999944298
4c4cc422-99d3-3da1-ad37-f87e8f24d6fb,4ba48ef6-19f2-3177-bfaf-096daaebf26a,Katerine813 Wunsch504,F,GENERAL PRACTICE,275 TURNPIKE ST,BRAINTREE,MA,021845328,42.2064195,-71.005067,178,0,9999967497
e73319dc-6487-3a20-b089-6470fb7e46f0,d087a353-12da-3785-b121-fb1291f8a721,José Eduardo181 Henríquez109,M,GENERAL PRACTICE,17 CLARENCE ST,WORCESTER,MA,016052430,42.287673653061226,-71.80890779591836,111,0,9999947598
b98d12ae-0bf1-335d-8439-f30b59ab41bf,aaa0fec8-a112-35c1-81d8-20cba5d2d00e,Tia76 Shields502,F,GENERAL PRACTICE,80 DEACONESS RD,CONCORD,MA,017424168,42.451360756038156,-71.37688541994147,5,0,9999892497
30a94572-b768-35c3-aea5-eaac147129fc,e5ce3b83-f5e6-308d-aa64-82539fc2d906,Kyong970 Dach178,F,GENERAL PRACTICE,1842 BEACON ST,BROOKLINE,MA,024451922,42.33728028715071,-71.14536064081996,5,0,9999904995
64c9fb7a-238a-3245-8387-a18f4e0418dc,90044527-f49c-3399-b978-7f64914e8f5e,Forest317 Hilll811,M,GENERAL PRACTICE,397 COUNTY STREET,NEW BEDFORD,MA,027404933,41.630275999999995,-70.92928239809834,1,0,9999896597
e5359aeb-20f3-3541-85a7-85ec266e6eec,2c2e6afc-9578-3ba5-bb12-eed97d3a823b,Sunni15 Schroeder447,F,GENERAL PRACTICE,405 RIVER ST,MATTAPAN,MA,021262210,42.2699017,-71.09061872585616,4,0,9999873091
c5732c0d-65f1-3f19-b5ad-00e08dc626a8,8ce066ae-10ad-3679-9272-387e8cb21947,Bettye671 Tromp100,F,GENERAL PRACTICE,3 CHERRY ST,NEWBURYPORT,MA,019503928,42.80038345,-70.87664535540449,219,0,9999966796
2e9a0b6d-646a-3bf1-bcf2-21e15c2fe958,8395b012-c9c6-3b96-a7f9-edd24c9a3006,Quyen270 Crona259,F,GENERAL PRACTICE,123 SOUTH STREET,PLYMOUTH,MA,023602945,41.9432166,-70.6595797,3,0,9999884999
0a9a7a4c-bf6a-322a-9831-b73ecbc30725,f438b8e0-d856-328a-b193-2b014fc4cb97,Tyron580 Reinger292,M,GENERAL PRACTICE,981 VARNUM AVENUE,LOWELL,MA,018541913,42.64591185,-71.36487149058269,42,0,9999894691
c5002545-4593-36a4-a541-d06a51a207c2,a2047ff6-62f2-34d7-beb9-7e164d989c75,Emma804 Larkin917,F,GENERAL PRACTICE,1200 CENTRE STREET,ROSLINDALE,MA,021311011,42.29768,-71.130463,49,0,9999883090
742c837d-d8de-35f7-824f-85a4d1f30cd2,936ceb96-2b12-371f-aa68-ee02a9c06f4c,Eddie505 Keeling57,F,GENERAL PRACTICE,225 BOSTON ST,LYNN,MA,019043124,42.470497449999996,-70.96003668151566,1551,0,9999964395
9f0982c4-85ba-3152-9ecd-3eda3fc1d469,5d0d1d11-dd8a-3d28-b029-93062b6798a5,Tamika537 Flatley871,F,GENERAL PRACTICE,378 PLANTATION STREET,WORCESTER,MA,016052324,42.27966095,-71.7626143755108,6,0,9999893495
f20010ea-760b-37ae-95c8-546279215401,2cea5ce8-beca-3593-ad2d-07b6f273a9d2,Emilee283 Halvorson124,F,GENERAL PRACTICE,201 S MAIN ST,ATHOL,MA,013312131,42.5913877,-72.24248995154954,34,0,9999967299
0dde3400-2308-34b3-a0db-b81df15a76a3,dfcd78f1-f67e-321d-84e3-f658c482c474,Elmo857 Wisoky380,M,GENERAL PRACTICE,64 WOODLANDS WAY,BREWSTER,MA,026312550,41.737807,-70.0036669,277,0,9999954297
97c1b72f-8440-3add-afc5-037da318f9b7,5818ce99-2a75-34ef-9cc7-e6cbf3b93ddb,Monroe732 Ankunding277,M,GENERAL PRACTICE,146 FEDERAL ST,GREENFIELD,MA,013012511,42.5928222,-72.5984235,198,0,9999942995
0cf82d18-1e1a-36bb-8093-65aef35c00c8,686dbc4c-72c6-37b9-a8a8-46839da327a2,Trinidad33 Mertz280,M,GENERAL PRACTICE,34 PEARLY LN,GREENFIELD,MA,01301,42.6097476,-72.5979752,4,0,9999906495
e0268b9e-3f97-344b-9307-1110b50a3f9f,51759ecf-0948-3f61-b8fc-09dd8f2b90a1,Hazel720 Schultz619,F,GENERAL PRACTICE,CHRISTIAN HILL ROAD,GREAT BARRINGTON,MA,012301108,42.207865,-73.360405,20,0,9999886895
c2fcf480-c765-330b-a4cf-ef5aec09a5cf,a855314b-4fb5-37fc-8015-5caa96c928b1,Erica194 Kiehn525,F,GENERAL PRACTICE,759 CHESTNUT ST,SPRINGFIELD,MA,011991001,42.121522049999996,-72.60300615153007,788,0,9999995498
f8797862-ff43-31e4-969b-af210174fcb0,48a6d3ab-50ef-349e-8945-2558a78f378e,Mercy752 Kuhlman484,F,GENERAL PRACTICE,795 MIDDLE ST,SWANSEA,MA,027774114,41.730919,-71.208117,1062,0,9999990994
89096d55-1247-3a57-9dac-f834ccc8f7e9,0a8a4b11-d0b8-3cd2-92cd-983de5189cfa,Javier97 Zamudio115,M,GENERAL PRACTICE,111 BIRCH STREET,LYNN,MA,019021574,42.47859105,-70.93458444045801,180,0,9999900498
59a74a8c-e6c5-3acd-ac8d-56aa4c6e42fe,cabc0f0d-dcca-34a2-bc6b-519ed1cc7f74,Elicia233 Huels583,F,GENERAL PRACTICE,191 MERRIMACK ST STE 712,HAVERHILL,MA,018306199,42.7742236,-71.08181133783422,153,0,9999944694
10feaf9c-0b4a-3bc3-b845-fd76c7e21ad0,d3fe08e0-6fdc-36bc-8f88-c8b7654cdcd8,Eustolia154 Paucek755,F,GENERAL PRACTICE,545 SW CUTOFF STE 9,WORCESTER,MA,016071766,42.211685200000005,-71.7968399931798,4,0,9999905398
2221e106-db00-3aff-a9d3-864eda2e5fba,bea92616-0fee-39b9-9a23-42c6fd899f35,Arthur650 Beier427,F,GENERAL PRACTICE,10 ERLIN TERRACE,TEWKSBURY,MA,018762666,42.61292480142526,-71.24215126690858,9,0,9999894998
c932c09a-bf46-34f4-af87-7bd8cb8fc4c0,335fe080-43f9-3219-84bd-031c4fcfe9d5,Nikki942 Hilll811,F,GENERAL PRACTICE,146 PARK AVE,ARLINGTON,MA,024765829,42.421350950000004,-71.18224816367342,3,0,9999867499
39da42a5-80fa-3485-88bf-e4a734d93a7d,7b7ce654-a413-37d1-9d34-97240c0ac580,Liberty95 Kihn564,F,GENERAL PRACTICE,1 WRENTHAM ST,BELLINGHAM,MA,020192532,42.025037350000005,-71.48945118224057,167,0,9999938092
06171bb1-eeb4-3934-be91-d76d7eb2c49d,93bf4a6b-8fb3-3a1e-9be6-4958736f2bfb,Kory651 Trantow673,M,GENERAL PRACTICE,1102 WASHINGTON ST,BRAINTREE,MA,021845438,42.19876545530798,-71.00672788298964,9,0,9999873695
e7c2c3a6-109a-31a4-8637-82f838ed79c4,95b01a7c-e16a-37d4-b354-c404baa00203,Foster87 Gibson10,M,GENERAL PRACTICE,290 SOUTH STREET,PITTSFIELD,MA,012016824,42.440485002637104,-73.25677853480586,23,0,9999903492
e4d77aa1-8a6f-3e90-8f7e-34c79b19f37f,929528f5-8239-36c7-aacb-39424ede9cc5,Enola75 Schinner682,F,GENERAL PRACTICE,40 SUNSET AVENUE,LENOX,MA,012402018,42.35951405,-73.28778674276077,28,0,9999886994
192284b0-f499-3bc3-9812-14c35bc95051,f1c6e386-ed52-3f97-a2b0-4e21ad2d0966,Frederick289 Bins636,M,GENERAL PRACTICE,54 COURT ST,TAUNTON,MA,027803201,41.9028629,-71.09718927122583,237,0,9999966390
0d4cd7d9-a0ef-3962-ac73-93f368e881fc,7b20d1c4-c56b-3647-801c-5e4e13679073,Mozell819 Prohaska837,F,GENERAL PRACTICE,275 SANDWICH ST,PLYMOUTH,MA,023602183,41.94186605,-70.6455366462985,2816,0,9999992693
87bb3b3c-d33e-3280-b0ce-3cebc174288a,880c8804-deb0-35b0-9132-06950118b8b3,Sherron201 Flatley871,F,GENERAL PRACTICE,150 LINCOLN STREET,NEEDHAM,MA,024922914,42.2743931,-71.23662905222776,131,0,9999883991
6feded09-d5c5-300a-b583-343ebe6b2bea,df852cb2-9fe0-3c90-87ac-46e5f980ee3b,Columbus656 Koch169,M,GENERAL PRACTICE,3 PATTERSON ROAD  SUITE 3,SHIRLEY,MA,014642907,42.552462649999995,-71.62383665745185,13,0,9999909291
9e811b3e-36f0-362e-9dd1-ce08553fca00,281525ef-5743-34a8-9339-66c8b4be6668,Nilda678 Crona259,F,GENERAL PRACTICE,555 PLANTATION STREET,WORCESTER,MA,016052376,42.2907683,-71.7649752,71,0,9999908699
a420e108-87ce-3b5d-b946-795d67bd91d3,2399f9b0-28d7-3355-ae52-474326a3b021,Viki353 Boehm581,F,GENERAL PRACTICE,23 N ASHLAND ST,WORCESTER,MA,016093041,42.26901755,-71.80739730766234,52,0,9999975193
9021f0a6-ca26-3199-9242-c415d11fedd1,fc22de59-ee81-3c32-98c4-911b8d416110,Cyrstal592 Mosciski958,F,GENERAL PRACTICE,27 GEORGE ST,ATTLEBORO,MA,027033105,41.9404181,-71.27282167023935,2,0,9999876292
38a044df-b0bc-3a22-a30e-3b528753993c,3e97ce4f-3ad7-3cea-883f-e2bb4ca89d83,Marisol435 Cedillo160,F,GENERAL PRACTICE,30 NEW CROSSING RD,READING,MA,018673270,42.51809619399502,-71.0959083715027,368,0,9999939496
c7ee9d27-f505-3e38-b82d-d072da90a3fc,e982819a-87b3-3124-a0f2-85f8afcc7731,Heather971 Goldner995,F,GENERAL PRACTICE,140 COMMONWEALTH AVE STE 202,DANVERS,MA,019233625,42.5524742,-70.94443165548033,266,0,9999963892
b173902c-290f-3654-8fe5-e1fae1815f10,c60fc3df-9dbd-3f31-a456-41c84490266f,Booker670 Johnson679,M,GENERAL PRACTICE,146 MAC ARTHUR BOULEVARD,BOURNE,MA,025323902,41.7412166,-70.5989196,33,0,9999892992
3307ff90-dd56-32ec-ac9b-6591a9bf713f,46daa26f-fda5-38a9-9c45-fda430d28fa6,Trenton748 Bernier607,M,GENERAL PRACTICE,25 RAILROAD SQUARE  SUITE 501,HAVERHILL,MA,018325721,42.7736752,-71.08561759491305,128,0,9999906693
da59f622-b0b2-3e57-b2dc-a4fdb77f8839,c0132cf6-1703-3aad-89b4-cc2f2bbc123e,Lovie151 Schoen8,F,GENERAL PRACTICE,66 NEWTON STREET,WALTHAM,MA,024536058,42.3746705,-71.22789736306842,153,0,9999895797
c1e76241-206e-3a96-a7f9-99356b664bfd,d5920b72-ac1a-3ec4-81ca-e3b75cb7aadd,Donovan745 Daugherty69,M,GENERAL PRACTICE,251 Causeway St.,Boston,MA,02114,42.3665,-71.05931,851,0,9999984799
befb62ba-c957-3af6-9fb2-7d02c7859725,71d9e7fe-5a34-3f11-8edb-f79c482785fe,Phillip440 Kunze215,M,GENERAL PRACTICE,42 CAPE RD,MILFORD,MA,017573292,42.1274477,-71.5195252,59,0,9999974592
895acde3-4ac9-3061-bafb-9c4154b823d1,4f59f709-8b84-3d27-a04b-c6b7b5544413,Jamison785 Davis923,M,GENERAL PRACTICE,70 BOLTWOOD WALK,AMHERST,MA,010022271,42.3768779,-72.51840280783739,786,0,9999973297
f039aaed-a9d5-39b9-a79e-426f0aaa2534,c4e5b33c-17b8-3f51-a8ba-a327d54e642a,Alton320 Dibbert990,M,GENERAL PRACTICE,94 N ELM ST,WESTFIELD,MA,010852917,42.1322823,-72.7436679,1095,0,9999952093
7c0f9534-8f70-3763-bef2-f9f81f66e8c9,36d328a2-68bb-3967-a9bf-00897a7c945f,Jettie913 Rodriguez71,F,GENERAL PRACTICE,299 WAREHAM STREET,MIDDLEBORO,MA,023462905,41.869676,-70.873384,27,0,9999882399
739d1b39-c33a-39fb-af94-67aebade1094,5225cc87-6a30-303c-a882-5f001cee7f0e,Denis399 Boyer713,M,GENERAL PRACTICE,110 W SQUANTUM ST,QUINCY,MA,021712122,42.27259075,-71.03082765,86,0,9999972695
153613d3-f8ab-3491-9ef6-12d0dca5d7d2,6d6ef57e-b2ce-3a69-bacf-4305c51834b0,Leonor133 Munguía264,F,GENERAL PRACTICE,186 HIGHLAND AVE,SOMERVILLE,MA,021431507,42.38845955,-71.10666839512322,15,0,9999869891
493c8bd3-cf1e-3c16-9be3-c4343fcbe3d3,c25911bc-3240-358a-86ce-5f45bb8f0c53,Francisco472 Mayorga262,M,GENERAL PRACTICE,325 WOOD RD,WELLESLEY HILLS,MA,024812188,42.3130588,-71.2738201,166,0,9999951392
90ef0ff2-777b-3a6d-be86-68335b8d6f5e,a9f0c80c-2cc2-31ea-9ead-d13d373a6fe4,Carman694 Hartmann983,F,GENERAL PRACTICE,140 PRESCOTT ST,NORTH ANDOVER,MA,018451826,42.7052468,-71.11780689673651,4,0,9999868299
a039ef12-b778-3b1a-9a5c-4e62336e1681,552ede7f-2ba4-39ef-9217-29d27b89b8a7,Shameka870 Reichert620,F,GENERAL PRACTICE,87 SHATTUCK STREET,HAVERHILL,MA,018302319,42.796917699999995,-71.05216081525802,75,0,9999888297
3dc4e723-a2de-3c9c-8fb1-b9891475ea2e,a079d416-e8fe-3286-8ef3-6d289d7b5ad9,Winfred745 Collins926,M,GENERAL PRACTICE,233 Stevens St,Hyannis,MA,02601,41.651745,-70.294235,231,0,9999984096
5a96b253-d7a6-35bb-b718-476cbb624438,79d49935-bcc0-36ca-920b-45365c367438,Sherita708 Hudson301,F,GENERAL PRACTICE,409 W BROADWAY,SOUTH BOSTON,MA,021272245,42.336831,-71.047958,537,0,9999967398
a082af5f-5b72-3d91-8f3a-ed37854888d3,0f2c58ec-5323-3c0f-9bdf-af0df7eb2a2b,Owen89 Boehm581,M,GENERAL PRACTICE,130 DORCHESTER STREET,SOUTH BOSTON,MA,021272642,42.3334312,-71.0494949,188,0,9999891796
51b4185f-5941-3ee2-9e61-9afe05de7a7b,666c3e81-2ec6-3bff-9dcc-a704edd86960,Cassi819 McClure239,F,GENERAL PRACTICE,770 CONVERSE STREET,LONGMEADOW,MA,011061719,42.0639853,-72.5521444,28,0,9999932095
608b4895-13bb-3e4b-8d55-d57b3f5be62f,680532c8-2661-3b39-875a-b6ec0746ccf5,Elsa29 Miramontes145,F,GENERAL PRACTICE,30 ATHOL ST,ALLSTON,MA,021341124,42.36075595,-71.13397379082869,63,0,9999980094
bdb6708d-3ade-31b7-aa85-c6e1e53fb879,cc400ddc-c38d-3604-8d89-cea21555719f,Irene779 Kirlin939,F,GENERAL PRACTICE,87 CHESTNUT ST,NATICK,MA,017603644,42.293559188306446,-71.35158050924959,284,0,9999955492
a9175210-d527-3642-96dc-6b8c05193152,51370692-6296-3150-8672-559fc73f964f,Jeromy156 Okuneva707,M,GENERAL PRACTICE,75 FRANCIS ST,WEST BRIDGEWATER,MA,023791542,42.0219112,-71.019004,2450,0,9999998690
89f21ea6-bd7a-3e13-9867-5c64a9d772e4,10dcd91e-6eda-385b-bafb-d5e1ae92dc34,Adolfo777 Abernathy524,M,GENERAL PRACTICE,677 W MAIN ST,HYANNIS,MA,026013493,41.652312699999996,-70.32027525205335,230,0,9999950394
b93011c7-4c30-3c66-998c-74cfa175aca9,362cc3af-dcb0-31d0-a2be-a5ba9d016aeb,Roberto515 Tromp100,M,GENERAL PRACTICE,629 SALISBURY ST,WORCESTER,MA,016091121,42.2932691,-71.8390048,3,0,9999908491
b2cb72c5-508b-3bef-8b64-481279a95a7f,cdc87240-38e9-36f8-959b-706642e01e11,Vicente970 Armstrong51,M,GENERAL PRACTICE,243 CHARLES ST,STONEHAM,MA,021803559,42.4814675,-71.0924311,650,0,9999997197
410d1559-b4ec-312a-afdd-0aeecd067414,c6b019eb-28ec-36f6-abf3-bcc4d1d58966,Maren639 Aufderhar910,F,GENERAL PRACTICE,33 AVON ST,WAKEFIELD,MA,018802310,42.50403445,-71.07462951514611,572,0,9999950790
55379ead-c919-38ae-8f47-cd09a0d7ad17,b5b380d2-df21-3389-abf0-08551c7e1f2d,Madeline975 Friesen796,F,GENERAL PRACTICE,85 PATTON RD,DEVENS,MA,014344401,42.5304204,-71.61505519305638,850,0,9999989293
07b1fcf0-4b2c-3ecb-a94e-d426c611d20c,31e00f85-6909-3d9f-afc6-5ae507ab0c06,Josephine273 Collier206,F,GENERAL PRACTICE,382 GROVE STREET,BRAINTREE,MA,021847324,42.189369400000004,-70.98451984814267,549,0,9999970194
3a156f7f-69a5-3786-a17a-582a0fae0c85,dd8f40be-2c90-347a-abf6-c07a5ad4148f,Kirstin394 Bashirian201,F,GENERAL PRACTICE,105 CHESTNUT ST,NEEDHAM,MA,024922520,42.2784618,-71.23770041644639,190,0,9999963496
3e82c8fb-0cb4-3a2f-926d-938c926f5c5a,7f2ffa4e-e192-3b51-b5ca-81bbf077f160,Damian46 Krajcik437,M,GENERAL PRACTICE,601 SHERMAN ST,CANTON,MA,020212025,42.1635341,-71.15024107129324,1,0,9999895490
3b43662a-4499-3258-ab9a-72a68fa90009,06376cbe-4880-384b-b459-7ce3eef36ced,Cody889 Ratke343,F,GENERAL PRACTICE,387 QUARRY ST,FALL RIVER,MA,027231026,41.6932713,-71.1402431739568,710,0,9999982090
05ff7757-df34-3928-994f-41a56fae2371,b3312a2d-37e9-35a8-b50d-6c165c437baa,Lorretta561 Reinger292,F,GENERAL PRACTICE,45 DIMOCK ST,ROXBURY,MA,021191029,42.32030665,-71.09721114916246,62,0,9999981399
72e6854c-0039-327f-8290-b1b56803a080,6afea80b-1e56-3487-a326-f4a979f92c28,Bernardo699 Gaona896,M,GENERAL PRACTICE,34 BATES RD,MASHPEE,MA,026493280,41.61929295,-70.49056908851608,50,0,9999970996
9ebe7d40-eb7d-399b-bf38-e7542e88f783,b6717471-7f78-32c4-b1c5-e3a6310553d7,Tilda804 Roob72,F,GENERAL PRACTICE,15 RAILROAD AVE,TOPSFIELD,MA,01983,42.6375935,-70.9494966,53,0,9999966499
29590a8e-f5d8-38de-81bb-98f32d09af3c,78c5b0d8-1a76-30c6-b91c-3f94cef2001f,Lane844 Willms744,M,GENERAL PRACTICE,2365 WALL ST SE,BROCKTON,MA,02302,42.0834335,-71.0183787,17,0,9999912394
9e53b278-4ec7-3052-9451-825d3988afb2,2836d9ac-c6a6-39d1-8f13-fdf0fc8928f4,Alysha630 Koch169,F,GENERAL PRACTICE,365 EAST ST,TEWKSBURY,MA,018761950,42.6069472,-71.2180803,7469,0,9999994491
b1c69df7-23f7-367c-9d67-cdd7e3d23cef,a2f8d8fe-665e-390f-8b9b-efdc0b14a77c,Pearlene638 Towne435,F,GENERAL PRACTICE,161 JACKSON ST,LOWELL,MA,018522103,42.6425382,-71.3093946,111,0,9999981696
52e27842-4608-3482-a140-9d86aff542b7,126b88f5-592a-3099-a433-c8b933f96d04,Charles364 Rempel203,M,GENERAL PRACTICE,573 GRANBY RD,SOUTH HADLEY,MA,010752122,42.23920485,-72.5586160752016,8,0,9999872390
24051f15-32dc-376f-9c60-2beeab47131a,7dddc0c2-9f1d-3e4e-b2f2-fc7e6abbed31,Bryan958 Gibson10,M,GENERAL PRACTICE,160 MERRIMACK STREET  SUITE 1,METHUEN,MA,018446117,42.7334079,-71.13599310716302,162,0,9999928093
b4d1550f-0868-33cc-9125-42f30f563e2d,82c72223-f521-3a34-9b9b-4ff366365399,Shon148 Reinger292,M,GENERAL PRACTICE,2100 DORCHESTER AVENUE,QUINCY,MA,021691870,42.2509914,-71.0037374,798,0,9999990895
d5f03203-15a6-3a41-bf32-c6678b3319d9,470e2fc6-33df-31c6-a448-ac918dcc19d9,Andreas188 Swaniawski813,M,GENERAL PRACTICE,34 MAIN ST,HAMPDEN,MA,010369642,42.1226047,-72.2062130792683,1,0,9999872291
78aaba40-8a7a-3c60-85de-225217a90f28,b1cbaecc-a62b-3f8f-8791-e090f947a41c,Lizabeth515 Bergstrom287,F,GENERAL PRACTICE,150 BERKELEY STREET,LAWRENCE,MA,018411224,42.72074925,-71.16392537985021,5,0,9999886093
20536508-f2d6-36a4-b265-4e4e32191759,01516bed-cf23-30da-ad4f-967d65529743,Freddy176 Davis923,M,GENERAL PRACTICE,67 BRIGHAM ST,NEW BEDFORD,MA,027402211,41.62716045,-70.9414201572985,106,0,9999951095
170ba4e0-43ed-388d-9bfe-51ef2ed17c07,15e26ce3-9006-3ce2-9327-493180a15ec1,Luvenia178 Breitenberg711,F,GENERAL PRACTICE,6 GROVE ST,NORWELL,MA,020611534,42.172231693916025,-70.87836493029226,161,0,9999957795
c1068ca3-4269-3315-9f30-ddc2bee01804,b5e6f1bd-c744-3556-9775-5ff8399eea33,Hedwig986 Wiza601,F,GENERAL PRACTICE,2284 MAIN ST,CONCORD,MA,017423829,42.44300895,-71.42458458423982,1043,0,9999955294
290d8e7b-d1ea-38ed-9eff-337027867a80,423ee6a6-6928-3a01-a49d-9687361747a4,Kelley882 Yost751,M,GENERAL PRACTICE,7 LORING HILLS AVE,SALEM,MA,019704267,42.48646565,-70.90338797731044,2,0,9999872598
5afc3387-166d-33db-940e-ba2238799cf3,7c625dc4-2593-31eb-95fd-6a912832b8bb,Ronny764 Braun514,M,GENERAL PRACTICE,980 WASHINGTON STREET  SUITE 124,DEDHAM,MA,020266704,42.228918,-71.18501264023513,346,0,9999927293
94c3cea5-ce79-3cc7-988e-bf8faa36cdd9,f22bc2ac-f8bd-3f9f-9a40-93db37639d3f,Glennis930 Erdman779,F,GENERAL PRACTICE,735 ATTUCKS LN,HYANNIS,MA,026011867,41.6747631,-70.29768515601289,58,0,9999981993
72c03016-a70e-327c-a8ae-663f9edc1e90,04b252db-4231-3cb5-963d-6f096fb4b97c,Horace32 Grady603,M,GENERAL PRACTICE,1177 PROVIDENCE HIGHWAY,NORWOOD,MA,020625019,42.194543,-71.1994976,116,0,9999939397
12f68db1-b7c4-3553-a217-29a4f999ed74,83579123-f29c-39b8-9f5f-8f79e91683c7,Hong136 Kassulke119,F,GENERAL PRACTICE,100 CENTURY DR,WORCESTER,MA,016061244,42.3138278,-71.7707002,646,0,9999942490
17b7c98d-dd43-3ae6-8135-3a7187e222ff,a94f4f6e-88ad-39ff-a935-dc87f13327b1,Fae378 Wiza601,F,GENERAL PRACTICE,370 WEST STREET,LEOMINSTER,MA,014532073,42.535877150000005,-71.77537115047085,15,0,9999897090
110ea443-6d14-3df2-868f-ffe743deceda,94f6a3ae-7d8d-3cbc-a788-e400732da7e5,Norma469 Ramón841,F,GENERAL PRACTICE,450 WEST RIVER ST,ORANGE,MA,013649603,42.5928702,-72.32953998953418,49,0,9999980391
544a4f3f-3243-3d72-b8d7-af1cbf72408e,4bde4cbc-55f7-3501-90eb-2c88178c7be1,Melvin857 Nikolaus26,M,GENERAL PRACTICE,50 MEMORIAL DR,LEOMINSTER,MA,014532238,42.541995,-71.7628835,34,0,9999960195
c0945391-9231-36d8-998b-5a040de92682,adf66683-c158-3efa-8e6c-7b2a273aa4ba,Brant303 Lebsack687,M,GENERAL PRACTICE,15 MILL ST,MARION,MA,027381546,41.71414569747417,-70.7725958636297,3,0,9999890996
d599542e-7edd-38bc-905a-cbbb3c4ff28b,e2eab39c-5195-34aa-b35f-e89e37cfed01,January966 Roberts511,F,GENERAL PRACTICE,55 FOGG ROAD,WEYMOUTH,MA,021893141,42.175539799999996,-70.9539153674405,3193,0,9999996595
07ffd7d7-be1b-3d8b-84ea-335eac1a8008,4fa8411f-42f8-3353-8947-bf15254c9dee,Lane844 Gutmann970,F,GENERAL PRACTICE,90 GREENWOOD STREET,WAKEFIELD,MA,018804039,42.476321150000004,-71.06922169005762,82,0,9999887794
ec7f4dc1-8d2a-35df-8ea6-1978dc764fbe,21989e2e-249c-3b79-acf0-240211e16b4b,Hung902 Ullrich385,M,GENERAL PRACTICE,1290 TREMONT ST,ROXBURY,MA,021203432,42.3327398,-71.09194864251029,117,0,9999977298
a3333160-f2ee-3207-8d90-9afc0dd99240,a977feef-f585-3fa8-8deb-7e60fc2cab30,Kimbra238 Schulist381,F,GENERAL PRACTICE,2314 MAIN STREET,TEWKSBURY,MA,018763128,42.58023655,-71.19367180835906,173,0,9999921494
c3b5e260-8752-37c6-9396-989881949acb,fdcf2b47-b2fb-355c-8581-0f66edadb8a4,Chris95 Kling921,M,GENERAL PRACTICE,865 CENTRAL AVE,NEEDHAM,MA,024921316,42.2905133,-71.25420518075296,2,0,9999879296
54866ada-b230-392a-ad0a-b3460791d2aa,b411fd60-9bd5-30f1-99b4-c24a409964a1,Wanetta360 Schumm995,F,GENERAL PRACTICE,42 ASBURY ST,SOUTH HAMILTON,MA,019821808,42.61322825,-70.87300675048934,163,0,9999965699
0b64105e-68c8-3d32-ab93-3c2b0d1944b6,73158a24-c079-3fb1-800a-2d7e26d9c566,Boris111 Wehner319,M,GENERAL PRACTICE,6 ESSEX CENTER DR,PEABODY,MA,019602907,42.539944,-70.950156,69,0,9999949693
f100fc3c-9dfa-3815-bb5f-514c12d1970e,22b57e3f-4143-33e6-abb9-e6ff074f1c46,Jeraldine574 Hintz995,F,GENERAL PRACTICE,750 WOBURN STREET,WILMINGTON,MA,018873480,42.5346051,-71.14953004087923,2,0,9999902395
63e1a0dd-7d1a-38d1-bcf4-86cc00560c2a,1de7e7d9-9a7a-3a3f-bf4c-b4de450711f2,Clelia416 Morissette863,F,GENERAL PRACTICE,198 LITTLETON RD,WESTFORD,MA,018863429,42.564282,-71.42620615382347,651,0,9999939298
ed42712f-005d-3ead-89d2-e36e6fe63a7d,940d491c-ad61-3bd3-9054-d6d884280934,Morton637 Huels583,M,GENERAL PRACTICE,321 CENTRE STREET,DORCHESTER,MA,021221112,42.29394375,-71.06005213312326,6,0,9999899096
0abb6304-2019-39b9-900d-293a191dd7e3,7e4a295e-51a9-3064-8f00-b10e1eec7f38,Vivian245 Keebler762,F,GENERAL PRACTICE,162 CHANDLER ST,WORCESTER,MA,016092924,42.26037525,-71.81434480717176,113,0,9999972992
35e51766-c7f9-32ed-8255-7af6abe0f315,68503514-203a-3202-ac09-ea411c96caec,Teodoro374 Kovacek682,M,GENERAL PRACTICE,309 TEATICKET HWY,TEATICKET,MA,025365625,41.568302200000005,-70.59404025373951,134,0,9999956896
ad5eb799-9115-3ef5-985f-eeb61b4c1c2e,f52777bd-7313-3b27-8dd5-cd3f87bd3275,Shane235 Torphy630,M,GENERAL PRACTICE,9 HOPE AVE,WESTWOOD,MA,020902914,42.2139873,-71.2244987,275,0,9999962597
8daf595b-0dd1-362e-b301-863e59399672,df3f566c-97e5-31ed-b0fe-4b452666f736,Sandie760 Rodriguez71,F,GENERAL PRACTICE,300 CHESTNUT ST,NEEDHAM,MA,024922477,42.27522125,-71.23743483674366,348,0,9999952895
83c6602f-f894-3084-9ab3-e52684b0ac33,05cc5056-7af4-3afb-9a5a-d7a1c23a2509,Francis500 Lehner980,M,GENERAL PRACTICE,2069 ROOSEVELT AVENUE,WEST SPRINGFIELD,MA,010892595,42.105237,-72.6213712,24,0,9999937094
3910b268-19bf-347e-8ff2-01775624c50a,4705a8fd-19cd-32c1-8b3e-34bcfe84d0bd,Jimmie93 Mayert710,M,GENERAL PRACTICE,55 N WASHINGTON ST,NORTH ATTLEBORO,MA,027601607,41.983529,-71.332241,725,0,9999951590
902f5e76-9ff0-3066-a59e-1099ed048d5d,7345a4c0-52c6-3da2-8aef-fccb8ad3e8c4,Samuel331 Pedraza69,M,GENERAL PRACTICE,114 TURNPIKE RD STE 206,WESTBOROUGH,MA,015812800,42.28414835,-71.60433295499837,5,0,9999907592
cff97f27-c4db-316c-9ff6-c42044263820,f5ccbb53-e4a0-32e5-a693-02150497a8f4,Astrid395 Huels583,F,GENERAL PRACTICE,100 HIGHLAND ST,MILTON,MA,021863881,42.250705749999995,-71.07724199194602,183,0,9999966895
74e924c7-e7e3-377d-b18c-b8995b43274a,497f39dd-280e-3d58-af5b-c5e3a3a09b10,Arden380 Bergstrom287,M,GENERAL PRACTICE,27 PARK ST,HYANNIS,MA,026015230,41.65363635,-70.27352219234834,9221,0,9999992198
9ce1f0fc-2be0-3997-9053-fc839bed0977,f2a6c4f7-f5b2-361a-95c4-3d635b352a46,Benjamín452 Sarabia507,M,GENERAL PRACTICE,546 SOUTH STREET EAST,RAYNHAM,MA,027671079,41.8984957,-71.03751432894776,96,0,9999900894
9298f26f-1b5e-3b09-9b06-85e249b9004c,b0762027-dc86-335b-8310-f4f031c1caca,Buena501 Swift555,F,GENERAL PRACTICE,765 WEST CENTER STREET,WEST BRIDGEWATER,MA,023791517,42.01302315,-71.05345585281756,24,0,9999900795
55c52aa4-a8b2-3412-bad4-496c1345cc95,eaaf102d-0188-3a69-a751-030645e2a7b0,Errol226 Kiehn525,M,GENERAL PRACTICE,605 MAIN STREET,WAREHAM,MA,025711031,41.76766153042966,-70.73096212925822,56,0,9999889899
83d539ff-fef8-39aa-afde-4660faa39916,578b56de-fe9c-32e1-aea4-876f8bc01e9c,Ollie731 Dooley940,M,GENERAL PRACTICE,49 HILLSIDE STREET,FALL RIVER,MA,027205211,41.707406500000005,-71.14593659462452,744,0,9999994293
c659b724-add8-377c-a6e1-3b0f1427ed23,5608c6ae-1f1d-368e-8172-aea4d9d2aefd,Jonathan639 Sporer811,M,GENERAL PRACTICE,12 KENT WAY STE 210,BYFIELD,MA,019221221,42.75468625,-70.9451078257969,2,0,9999905695
0ae7caae-4107-388d-8972-74603f8229da,0d7fd824-1c7b-3f8b-a662-f6c2005e82e1,Lyndon118 Trantow673,M,GENERAL PRACTICE,88 MASONIC HOME ROAD,CHARLTON,MA,015071394,42.1389039,-71.9782681,146,0,9999900696
bb74d124-1335-3258-9139-8d537f10463a,ed0c5b98-dc8a-3fc9-9856-61f1a1c75b11,Edwina60 Gerhold939,F,GENERAL PRACTICE,40 JULIO DR,SHREWSBURY,MA,015453010,42.29191827853838,-71.70343631978118,7,0,9999882894
d872d5bb-5c43-33f8-a68c-878a54687ae9,a525d084-5a8f-3859-a048-2130a4092ec8,Linette249 Runte676,F,GENERAL PRACTICE,2 MOUNT ROYAL AVENUE  SUITE 350,MARLBOROUGH,MA,017521976,42.34042135,-71.57841367654626,67,0,9999927491
ce0f3f05-19da-3bd7-b911-9c5252ac7907,accb8cdd-6560-3fef-b0a6-f12c3295026a,Kerrie266 Bergstrom287,F,GENERAL PRACTICE,969 PARK STREET,ATTLEBORO,MA,027035115,41.9266899,-71.2611303145582,157,0,9999900290
3b0fb8b4-6621-3312-9aa2-c6e370bcde4a,792f1ce2-3420-3f91-bd8c-ce680ef4c5d2,Sunshine777 Leannon79,F,GENERAL PRACTICE,309 DRIFTWAY,SCITUATE,MA,020661905,42.1766448,-70.74318482072749,2,0,9999879999
1a7e5d09-7e5e-3534-b3a3-1e327608782a,83445caa-116b-3a1e-a75e-8104d321c4c3,Peter292 Crona259,M,GENERAL PRACTICE,315 MAIN ST STE 101,NORTH READING,MA,018641326,42.596733799999996,-71.11988300141903,293,0,9999944793
7ba20816-602e-3d01-a5d3-0f88334cffb5,7445ae34-b648-3d3a-b8cf-0eb630061b6e,Brenton674 Pagac496,M,GENERAL PRACTICE,34 CEDAR ST STE 4,WEST ROXBURY,MA,021324338,42.2792649,-71.1494972,4,0,9999904391
7c973465-8df1-348d-b1fd-be2c1162ea60,a2df2aea-9c53-31f4-baea-02ea5ea1e553,Leon728 Lehner980,M,GENERAL PRACTICE,95 LAUREL STREET,GREENFIELD,MA,013013106,42.58163075,-72.61795013515538,79,0,9999882092
b1d3aab1-a3f3-3dbb-a9c9-23031e07fdde,390a2aa4-70b4-3a64-a12f-9bd777834c8d,Evangeline16 Howe413,F,GENERAL PRACTICE,710 MAIN STREET,HARWICH PORT,MA,026461931,41.669654699920855,-70.06169919459835,961,0,9999975797
3e826f66-6a0e-36a3-8f9d-64a6e7e3f504,b52544d0-e4d4-37b4-a0cc-cd31ce2ad580,Renna830 Fahey393,F,GENERAL PRACTICE,575 OSGOOD ST,NORTH ANDOVER,MA,018451975,42.700032750000005,-71.10447421114826,2,0,9999896290
bf710456-89d4-304a-83e9-0d07e3bf8c21,d0e8679a-02c2-31bb-9d6f-4073835a6b1e,Tran115 Flatley871,F,GENERAL PRACTICE,259 NORWOOD ST,SHARON,MA,020671099,42.142070399999994,-71.19701120843712,3,0,9999869792
3a712d75-fae4-38ce-a2e7-969135d8cc36,18a96051-91f4-3cba-af96-056ea14dfee0,Gaston250 Grimes165,M,GENERAL PRACTICE,25 HIGHLAND AVENUE,NEWBURYPORT,MA,019503872,42.81369325,-70.89091645747592,1906,0,9999994194
861ae8ef-bb4f-3c70-9c6e-cad861e09379,c5d5a544-0277-342f-8422-d30848a82438,Adela471 King743,F,GENERAL PRACTICE,151 ROCK ST,FALL RIVER,MA,027203201,41.70365955,-71.15259151299796,115,0,9999963397
4e06453b-22b4-389c-a226-df48956a9714,c2e93fb4-abf2-3210-b6ec-4d1ecb2b76f0,Francene766 Halvorson124,F,GENERAL PRACTICE,62 BROWN ST,HAVERHILL,MA,01830,42.76512700000001,-71.04617174286321,122,0,9999944991
cff4a6e9-f347-3359-8cf6-1747bfb22640,e1d085f0-8179-3ead-89e0-55e21a2f1649,Madalyn472 Hoppe518,F,GENERAL PRACTICE,120 DUDLEY STREET,ATTLEBORO,MA,027033258,41.9438129,-71.2806515,22,0,9999911198
62a00989-6987-3ba7-ac94-9f1c5a332ee4,1ab2b5f9-cb95-3236-beec-9b9d4a407c61,Latoria810 Eichmann909,F,GENERAL PRACTICE,725 NORTH ST,PITTSFIELD,MA,012014109,42.4600752,-73.2492795834909,1733,0,9999993592
513539dd-2967-3262-bcd3-d824ccde9080,1214a335-7c67-3a89-8066-6398b0f92717,Samantha681 Corkery305,F,GENERAL PRACTICE,1190 VFW PKWY,WEST ROXBURY,MA,021324208,42.28120455,-71.1703629049206,1,0,9999872895
aca1b039-f6b3-3a48-ad5b-33c438a10e85,07ae483b-b351-3add-8b05-afba832b88ea,Lanette41 Murray856,F,GENERAL PRACTICE,5 REDLANDS ROAD,WEST ROXBURY,MA,021321506,42.2879347,-71.15108161583282,64,0,9999889790
11f76cbb-8dad-3ab6-be97-89929011b4a6,ec509895-6196-36d1-b91e-272bed7e6196,Norbert530 Veum823,M,GENERAL PRACTICE,40 ARMINGTON ST,ALLSTON,MA,021342406,42.3521617,-71.1375176,109,0,9999979898
90110507-efcf-3f9b-b4eb-c08f5d8e3a2f,4f27686f-c8aa-3dd8-b272-f98bb903b3d7,Damien170 Walker122,M,GENERAL PRACTICE,1044 PARK ST,STOUGHTON,MA,020723762,42.10978265,-71.07043286195213,5,0,9999871996
4ec9813e-f9d2-3653-afb1-4a54435a02ba,a43fd704-ddbc-3f63-b3a0-e97c5d42ab5e,Alysia661 Bogan287,F,GENERAL PRACTICE,447 HILL ST,WHITINSVILLE,MA,015881016,42.1216837,-71.6715608,4,0,9999869099
1345fd7a-1636-34e4-b1c9-b90183aaa503,aebbaa5c-2d54-3002-8042-83f6513ccbd2,Jorge203 Franco581,M,GENERAL PRACTICE,14 TOWNSIDE LN,WALPOLE,MA,020813541,42.1528227,-71.24396289112357,154,0,9999940890
4e6a13b9-0beb-364f-83f8-df01e823fba3,1bed5229-19d7-3168-94a2-f1f2abb00270,Allan198 Moore224,M,GENERAL PRACTICE,88 WASHINGTON ST,TAUNTON,MA,027802465,41.9062805,-71.09518121351795,108,0,9999985697
6afa6662-4b53-3485-8d3d-47a5b306c6db,41e2a44c-477c-3511-96f9-12c476aa3b6a,Antwan357 Lindgren255,M,GENERAL PRACTICE,85 E NEWTON ST,BOSTON,MA,021183553,42.336277100000004,-71.07085295687423,1957,0,9999992396
82587d6d-b758-3140-9a06-464ecf74154f,f00601d0-d49e-30ed-bc3e-314379f2103e,Mitsue965 White193,F,GENERAL PRACTICE,490 MAIN ST,MELROSE,MA,021763841,42.4550741,-71.0654799,616,0,9999957092
8250ef97-427e-321b-a259-14a8104e0581,97a14f8a-1b8c-3b40-b5bd-f44f1440c1ba,Vincent299 Bergnaum523,M,GENERAL PRACTICE,23 WHITES PATH,W YARMOUTH,MA,026733200,41.6501114,-70.2411312,65,0,9999954198
19765f2d-3635-38b1-ba2c-34994ed603dc,08a245b0-5f91-323e-a467-5df39c62fb75,Retha410 Lueilwitz711,F,GENERAL PRACTICE,39 QUEEN ST,WORCESTER,MA,016102433,42.2576289,-71.81397814307789,3,0,9999895094
721b6cbf-e917-37bd-a151-65ee39dcdce1,9d41e4fc-9507-3ddb-82ad-966046fca031,Ashlyn643 Lehner980,F,GENERAL PRACTICE,104 RANDOLPH ROAD,WORCESTER,MA,016062465,42.29955605000001,-71.79838133819244,93,0,9999888792
af7e3bc8-d5d0-3de1-b1bc-68d98b4d68f5,71a1e089-024e-3255-a536-9204586fa4fc,Millard193 Doyle959,M,GENERAL PRACTICE,1 GORHAM IS,WEST YARMOUTH,MA,026733200,41.6501114,-70.2411312,9,0,9999880096
f584b1f5-8349-3e2e-8878-b9ec782ddd41,5b0cd0a0-f277-3a66-bee6-d64b5be4a3f5,Maryann106 Hintz995,F,GENERAL PRACTICE,725 NORTH ST,PITTSFIELD,MA,012015493,42.4600752,-73.2492795834909,1633,0,9999993790
f1739636-a676-3203-a374-30667b86b8c6,edbb9e9c-3440-3b38-abfc-83a8f0b6bebc,Temeka297 Huels583,F,GENERAL PRACTICE,273 OAK GROVE AVE,FALL RIVER,MA,027232315,41.70179473202871,-71.13310371798859,5,0,9999872093
50007dba-c4ad-36b8-89b2-dfa838815026,79a06fd6-9f2b-35e3-9b11-0bc5ff89e17c,Waylon572 Kovacek682,M,GENERAL PRACTICE,225 Boston Road  Suite 107,Lynn,MA,01904,42.470093,-70.95994,4537,0,9999983890
a5d542c4-d191-3dad-a772-e05b305a127c,0a42bb03-b1a7-347d-82f3-4ba02080e55c,Niesha86 Friesen796,F,GENERAL PRACTICE,332 WASHINGTON STREET,WELLESLEY,MA,024816217,42.310362049999995,-71.27601802190625,29,0,9999952796
9e1b3576-bb3a-3d41-b6f5-ad294e4e0439,f5b88e0f-3f0a-3400-b56f-26247e2a35ac,Antonio44 Canales95,M,GENERAL PRACTICE,585 LINCOLN ST,WORCESTER,MA,016051906,42.2962766,-71.7688972944814,55,0,9999975391
74ae7d35-8df4-3104-8f88-9bea330d4675,4956f573-3dc2-3a67-9692-2f57451744e6,Gerry91 Davis923,M,GENERAL PRACTICE,400 BOLTON STREET,MARLBOROUGH,MA,017523912,42.35966285,-71.55290125539051,42,0,9999883298
53ef25fd-135d-3be7-ac7f-0224e5851a83,9403b76f-087c-3198-ad40-cc92bb033771,Nereida276 Berge125,F,GENERAL PRACTICE,329 BOSTON POST RD UNIT A,SUDBURY,MA,017763061,42.3834278,-71.4161725,42,0,9999920694
4cd89275-53be-310c-9ed0-8b543cba460a,69195f53-626c-3031-b4de-d0b206f75d8c,Ronni748 Wiegand701,F,GENERAL PRACTICE,174 FOREST HILLS ST,BOSTON,MA,021303353,42.306401050000005,-71.10237442688054,3,0,9999876599
92ee036e-c2ea-3f78-8953-cba13d17e335,b44955d1-f0e2-3beb-a013-708a81dbe430,Ernest565 Runte676,M,GENERAL PRACTICE,680 CENTRE ST,WEST BRIDGEWATER,MA,023791600,42.0219112,-71.019004,536,0,9999970699
fa98b07b-f40c-39cb-9a66-d0ee3b1ef7a8,363631be-d437-3548-98c2-d10b909c1721,Elaina826 Ferry570,F,GENERAL PRACTICE,50 MANSION DRIVE,ROWLEY,MA,019691026,42.73718535100735,-70.88053187301136,106,0,9999885699
dd9ac30f-6ab0-34e2-ab37-bc9c1d2f4aa1,60e897f9-7491-3610-81e5-d44b3d36b8c4,Robbyn526 Strosin214,F,GENERAL PRACTICE,63 STATE RD,GREAT BARRINGTON,MA,012301224,42.20224745,-73.35469687339696,30,0,9999962191
62349e4c-32e1-3ba2-af69-375da7d065b0,c0e23859-5a95-3aa0-8c3b-0143df64f507,Roberto515 Grant908,F,GENERAL PRACTICE,188 COMMONWEALTH RD,WAYLAND,MA,017785027,42.318727100000004,-71.36211489369597,2,0,9999877993
2751f5a5-8059-375a-9265-fa15d3d19023,c1986c0c-f756-3596-8f90-08adacf220fe,Cristy798 Auer97,F,GENERAL PRACTICE,73 CHESTNUT STREET,SAUGUS,MA,019061605,42.4573919,-70.9918055,364,0,9999881599
7817ddda-9285-3a36-b947-224cce79e278,ad2dab07-4f85-3950-baaa-7c7cd2aa770c,Gertrud593 Kuhic920,F,GENERAL PRACTICE,55 LAKE AVENUE NORTH,WORCESTER,MA,016550002,42.2774799,-71.76166994969458,1311,0,9999999094
5220b794-ee39-3bdd-99fc-1c2d443b6e2b,18b1bb7e-2f93-3253-a7ae-d19c13ffeaa1,Derick144 Bashirian201,M,GENERAL PRACTICE,29 E 29TH ST,WEST NEWBURY,MA,019854201,42.8014795,-70.989778,169,0,9999946590
631f0661-b415-34de-ac4a-a77c125f48e9,67d2f85b-ddc7-3ed0-b90b-6fa5b7b8358a,Marshall526 Jenkins714,M,GENERAL PRACTICE,43 FOUNDRY AVE,WALTHAM,MA,024538313,42.37050535,-71.21908334877376,603,0,9999981498
56466de1-f4d3-3e1b-bceb-782191b993f5,514c9360-e5ed-3ba7-ba3c-15b249c097d0,Adriene242 Wilkinson796,F,GENERAL PRACTICE,272 WASHINGTON ST,GLOUCESTER,MA,019304818,42.624039100000005,-70.67854005962928,1,0,9999876094
acd48f18-1593-3193-ac42-cc26b250c14f,1d45436f-15a9-326e-a452-2e9ffc9fc5e5,Wilfredo622 Mraz590,M,GENERAL PRACTICE,75 SPRINGFIELD RD,WESTFIELD,MA,010851832,42.111428849999996,-72.71189899299209,459,0,9999969295
3832f477-3f34-369f-8953-6910f04adc49,a69c3469-9552-3474-9928-20350c16191b,Clyde817 Daugherty69,M,GENERAL PRACTICE,64 PERFORMANCE DR.,WEYMOUTH,MA,021893104,42.196492899999996,-70.94257445685295,1,0,9999902791
507703ae-b764-33fc-9fb8-8d67d3227f53,ce89d7ed-54eb-3eae-881a-15df8e631c47,Silvia880 Howe413,F,GENERAL PRACTICE,36 WILLIAM STREET,LEOMINSTER,MA,014533276,42.5267443,-71.7614891,14,0,9999907998
af68a238-5493-35a2-8758-3241349daa57,0d9b0d22-585e-3fd8-ab02-26b5be7915d1,Jean712 Koelpin146,F,GENERAL PRACTICE,516 CAREW ST,SPRINGFIELD,MA,011042330,42.12133575,-72.59217953646302,2687,0,9999991299
916a09ec-a152-3b31-a517-f773af7bce0a,2fb637d0-f66b-3554-858f-20386cab921d,Landon622 Gerhold939,M,GENERAL PRACTICE,248 PLEASANT ST,METHUEN,MA,018447149,42.7401864,-71.17053059694246,11,0,9999921692
5793e0ab-7d0d-3e99-8f8c-d9f96f8624d3,e4dbbb2f-5a51-341d-b5a5-dd91b968b217,Elenor843 Gaylord332,F,GENERAL PRACTICE,329 WASHINGTON ST,NORWELL,MA,020611737,42.16319935,-70.86354427737673,9,0,9999881490
ea8a873a-bd64-313b-87e1-0ece1428f068,d3335d07-2a2c-35d7-9b87-c022393b6793,Xavier983 Lubowitz58,M,GENERAL PRACTICE,137 NICHOLS STREET,NORWOOD,MA,020622009,42.1930792,-71.20868232395514,29,0,9999899898
3d8f4a6e-ceda-3ef7-9810-52148939b5d7,0d1570ab-371c-3898-9397-95905d8c5166,Santina680 Dicki44,F,GENERAL PRACTICE,750 WASHINGTON ST,BOSTON,MA,021111552,42.3499038,-71.0631836,1429,0,9999986893
033f7bb3-ae03-32ce-a8bd-e19f80481a5c,1853aeef-5897-326a-80d6-aa4b0459eb6d,Natalia964 Sáenz811,F,GENERAL PRACTICE,381 WICKENDEN ST,ATTLEBORO,MA,027032247,41.9438129,-71.2806515,690,0,9999938191
71fc3ff3-5e94-3bd9-9d9d-2ae1b5f4ca13,4b7e26e6-e5b1-38c9-b4ac-fde9a0f93177,Edmundo94 Eichmann909,M,GENERAL PRACTICE,38 BROAD STREET,QUINCY,MA,021694604,42.2560352,-70.99469254391217,71,0,9999979393
3d2f000f-a44e-3ecd-8a5e-303bf0071ceb,e6135816-cb29-3e50-b7b8-1df67bdcbce8,Roberto515 Medrano332,M,GENERAL PRACTICE,330 BOSTON RD,NORTH BILLERICA,MA,018622319,42.5871093,-71.2948553,10,0,9999914499
097c8ace-4984-3f5e-b5d5-c76e7d25eabd,93552c27-f173-385f-8849-ee56c25f638b,Song837 Cummerata161,F,GENERAL PRACTICE,359 HIGH ST,GREENFIELD,MA,013012617,42.6033006,-72.58135309677492,8,0,9999898593
00128964-48cd-3d01-92f5-a5bef4375e2d,a874a173-73c8-36f3-a63e-12bdc9f5cf0c,Debi992 Koch169,F,GENERAL PRACTICE,389 ALDEN RD,FAIRHAVEN,MA,027194451,41.6653607,-70.90239993216616,1,0,9999877597
aac20250-4698-3f77-b2e7-d8ea13101671,f3030ee3-dfa5-3595-b684-9769e52a580a,Etsuko685 Torp761,F,GENERAL PRACTICE,88 MASONIC HOME ROAD  DAVENPORT BLDG  2ND FL,WEST SPRINGFIELD,MA,010891357,42.105237,-72.6213712,18,0,9999909598
c263b690-914d-3e2a-bab8-1cf0b7660277,94dda4e1-7476-367a-b1f8-37ea7f61a1b7,Dylan44 Robel940,M,GENERAL PRACTICE,145 WARD HILL AVENUE,WESTBOROUGH,MA,015811017,42.2694308,-71.6129907,1313,0,9999999797
cc5ec66e-125c-36f9-aa7a-ebeb8aaac96f,01bb7b5c-f850-3c4e-a3f1-442d8273559a,Charley358 Effertz744,M,GENERAL PRACTICE,395 PLEASANT ST,NORTHAMPTON,MA,010603914,42.3150543,-72.62555561349089,329,0,9999969790
20eaf578-15b1-3dde-b376-94a5d6012f0c,c56fe86b-652f-3359-ad8e-4b8502d94cb9,Eleanore671 Erdman779,F,GENERAL PRACTICE,5060 WASHINGTON ST,WEST ROXBURY,MA,021324738,42.2649902,-71.15254191018812,2,0,9999872994
9da533dc-0c43-38fe-9365-92a205a87c08,bdaa3017-130e-34e9-b3ac-ca6d992e8b50,Theron432 Bednar518,M,GENERAL PRACTICE,150 WATER STREET,HAVERHILL,MA,018306213,42.77508795,-71.07182802882255,19,0,9999888594
73bdc7e3-b12f-3072-9b2f-a9126fd038b6,22fa6d28-92b6-3446-a388-f5aba50debaf,Lenard338 Robel940,M,GENERAL PRACTICE,123 CAPTAIN'S ROW,CHELSEA,MA,021504019,42.3917638,-71.0328284,59,0,9999914598
ae71f5c0-012a-353d-ba36-b2f24cdcdd93,8a87ef73-eaa2-340a-bec5-c3cef01ef836,Raymond398 Rodriguez71,M,GENERAL PRACTICE,3 PARK DR,WESTFORD,MA,018863511,42.556814700000004,-71.43463308318695,14,0,9999868190
ba32039c-cda8-32ab-bf2e-dabcaccb9fee,2ca615f3-87f7-3283-a447-d919a883b676,Elizbeth263 Dickinson688,F,GENERAL PRACTICE,1399 WASHINGTON ST,HANOVER,MA,023391653,42.1441354,-70.8440854,186,0,9999940494
ee4043c3-ab72-3cc8-aa61-638c07e3f215,c0a33465-d309-3d2a-932e-9d554a7cc19c,Nathanael908 Rogahn59,M,GENERAL PRACTICE,100 CENTURY DR,WORCESTER,MA,016061244,42.3138278,-71.7707002,1350,0,9999988196
6cd828e7-955f-3980-a358-cee20f1357e2,5beb6e18-9b30-3028-9b35-684ecf41509b,Donella937 Breitenberg711,F,GENERAL PRACTICE,594 MARRETT RD,LEXINGTON,MA,024217605,42.43930365,-71.25090541697062,21,0,9999913699
b9cac557-3318-32b1-b09f-48ba0bb0dedb,94c70730-f430-3878-972c-d06d65cfce1d,Calista635 Runolfsson901,F,GENERAL PRACTICE,71 HOSPITAL AVENUE,NORTH ADAMS,MA,012472504,42.70714585,-73.10965876407255,46,0,9999973891
af8c1d36-ccf7-33a3-89fd-7a90a2bce023,5e0ceaa0-5254-34c4-b5a7-ddc919790121,Jeanett771 Goodwin327,F,GENERAL PRACTICE,HOLYOKE CARE CENTER LLC,HOLYOKE,MA,010402701,42.2071434,-72.60765,1,0,9999868992
1a9dd675-5929-3d54-a313-38e1c5ba97ff,0583e4f7-f1c2-3100-8e0c-d0decc7ef261,Jewel43 Howe413,M,GENERAL PRACTICE,123 WATERHOUSE ROAD,BOURNE,MA,025323890,41.72840155,-70.58506829999999,225,0,9999978494
012ac45e-9635-32f4-9b6c-b18efcf39181,ce81052f-7c77-3cd7-8c30-930339a79ceb,Delorse592 Cummings51,F,GENERAL PRACTICE,363 ALBANY ST,BOSTON,MA,021182503,42.342456,-71.062887,96,0,9999980599
96028873-bd2e-39ce-a3ef-6d0198f412d9,689f8809-c101-38db-b3c9-580b4c37f268,Joel444 Bins636,M,GENERAL PRACTICE,364 STATE RD,VINEYARD HAVEN,MA,025685624,41.44720825,-70.61474940346154,49,0,9999952192
971d1ad7-5118-381f-b5f8-41d25948e986,7f32dd7d-5c35-3ddb-839b-8fbbb930d412,Luna60 Littel644,F,GENERAL PRACTICE,863 CENTRAL STREET,FRAMINGHAM,MA,017014813,42.30758060362541,-71.42846215724606,104,0,9999886291
d7425b55-67e0-36a5-abb7-8d39f5a5e722,51d38e67-9350-39b8-bbb3-91cc879ae415,Darrick836 Hoppe518,M,GENERAL PRACTICE,335 NICHOLS ROAD,FITCHBURG,MA,014201932,42.598254850000004,-71.80841914533654,116,0,9999896993
0922c977-8250-33ea-9143-5f72349edaa0,80646050-1c76-3046-bbc8-fd5f0b7c34e6,Rosalia943 Barajas558,F,GENERAL PRACTICE,140 ARNHOW FARM ROAD,FITCHBURG,MA,014201369,42.5903661,-71.8119837,468,0,9999974097
be9a2018-4916-3218-8cde-af138e243d2d,0a689d33-2b0d-3942-8de8-e28812e91c69,Noah480 Pagac496,M,GENERAL PRACTICE,47 SEAVERNS AVE # 5,BROOKLINE,MA,024463806,42.3317642,-71.1211635,249,0,9999943191
9379bdfc-db91-3912-bfb7-0e3f26cdffd4,8dfd8248-d6cc-3d0d-abfe-b3ac8d91ab70,Tyree261 Swaniawski813,M,GENERAL PRACTICE,34 PEARLY LN,GARDNER,MA,014401736,42.59408525,-71.96218719634496,41,0,9999935197
c09cd766-b44a-385b-90b1-471ddf2702fe,cac6f8b3-eafd-31b3-9fa3-8015752ccc2c,Jessie665 Pagac496,M,GENERAL PRACTICE,123 SUMMER ST,WORCESTER,MA,016081216,42.26496835,-71.79655403681465,795,0,9999995894
509fc9fd-327d-3e62-8967-f7ae9903e2fb,e2d3a240-cc9a-3eb2-af09-081a5c164ab4,Hortensia953 Hills818,F,GENERAL PRACTICE,119R FOSTER ST,PEABODY,MA,019605933,42.5278731,-70.9286609,11,0,9999936799
7076dd27-0d91-3314-a9e1-7cbf62893e95,e02d9c87-52cb-3f3c-9f97-fe95f260c437,Elisabeth967 Hoeger474,F,GENERAL PRACTICE,321 MANLEY STREET,WEST BRIDGEWATER,MA,023791022,42.0338457,-71.05496436428572,35,0,9999909697
7d075a05-1cf1-31d9-b77f-d1b079c80424,6e517750-a29e-3170-a02b-5733ff523458,Margarita164 Abbott774,F,GENERAL PRACTICE,101 BARRY RD,WORCESTER,MA,016091275,42.3030701,-71.8333408960994,373,0,9999953596
32d49f35-77e0-3ba6-9627-568aee972bf1,d36eba4a-0dfb-3a26-b9fe-eb74594bbe3c,Kyle55 Boyer713,M,GENERAL PRACTICE,1350 MAIN ST,WORCESTER,MA,016031550,42.2416259,-71.85047518091996,4,0,9999881193
0c5f53e9-75af-37c0-8b9a-69578a8fc70a,bb867d36-0c8d-33b4-b19c-a8c026655b6c,Lahoma872 Macejkovic424,F,GENERAL PRACTICE,200 KENDALL ST,SPRINGFIELD,MA,011042532,42.12161175,-72.57784860231564,9,0,9999897694
1b58e01a-a18e-3272-95f5-bc6e6ae7b6e5,1b3fe590-8793-3f08-865d-01fc425a84d4,Fredrick998 Wintheiser220,M,GENERAL PRACTICE,1340 BOYLSTON ST,BOSTON,MA,022154302,42.34392675,-71.09888049065322,261,0,9999981290
19510b36-bc59-32fe-bd1b-25b4fc751270,0be0e035-8dad-387e-bbdd-a5a469c4311f,Deane47 Howe413,F,GENERAL PRACTICE,480 MAPLE ST,DANVERS,MA,019234065,42.584178050000006,-70.97197467750539,176,0,9999960997
e06deacc-8d2a-32a5-8635-beb103aca960,3f12ebb4-e03c-3453-88d2-4fc9682383df,Irina619 Stiedemann542,F,GENERAL PRACTICE,726 COUNTY ST,NORTH DARTMOUTH,MA,027473603,41.6389926,-70.9703171,920,0,9999962894
c0a37be8-f8ea-369c-8a77-45d08e8574b5,a9fc7aa5-d3b3-314d-9cf7-af29051d3dd9,Rudolf736 Hermiston71,M,GENERAL PRACTICE,1193 SEA STREET,TAUNTON,MA,027803960,41.8946107,-71.11113,121,0,9999974394
ca6c9067-493e-3f12-8392-3e080087a0ad,477c3c1a-ba1a-3102-8a91-56624ba236e4,Denver542 Davis923,M,GENERAL PRACTICE,642 BOSTON POST RD,SUDBURY,MA,017763302,42.36142375,-71.44123077142632,9,0,9999905497
32b96ca6-b395-3d42-af53-3d3d0921a716,9c9d017c-0a4d-3e03-9802-4d310ea05c71,Isiah14 Schaefer657,M,GENERAL PRACTICE,70 FULTON ST,BOSTON,MA,021091402,42.362439499999994,-71.05377386223965,8,0,9999874792
9d860f62-7e95-3fc8-9285-9e6c96c6a9ec,8ec2ca51-abb4-35dd-b90f-6c6aad6d2124,Oda116 Conn188,F,GENERAL PRACTICE,22 JOHNSON STREET,PEABODY,MA,019602311,42.54644385,-70.99288129112277,88,0,9999898890
100d9c2d-10e0-351c-87d6-456de3bac9ca,ea468462-3080-302e-b405-9127a396c310,Edison640 Rowe323,M,GENERAL PRACTICE,600 CUMMINGS CTR STE 270X,WOBURN,MA,018013200,42.4792618,-71.1522766,9,0,9999905091
9c84a66f-1a54-3763-aa1e-d5fbe13c8bfc,8af3b144-0e1a-3c90-937d-81a4ed026080,Latasha666 Fay398,F,GENERAL PRACTICE,800 WASHINGTON STREET,NORWOOD,MA,020623489,42.1886973,-71.2005241,234,0,9999990796
2b22bcd2-1596-392c-9231-4755483cd7c9,02f1998b-3ff7-385f-89ce-642d33b01d5c,Adán600 Delarosa409,M,GENERAL PRACTICE,71 HOSPITAL AVE,NORTH ADAMS,MA,012472504,42.70714585,-73.10965876407255,63,0,9999972091
9f0549c9-49f1-33f9-a4e0-9ef0c2c3c9b7,9fdce5d5-d4d0-3156-a8d5-8757bfe4e9b3,Rosario163 Kilback373,M,GENERAL PRACTICE,1 FARMER CIR,ARLINGTON,MA,024742866,42.42405225,-71.16792616556859,433,0,9999949099
a2235a3b-bed1-36b3-8db1-db7f74cd28a5,86f41096-d81f-3e26-b770-b26adc017d3e,Floyd420 Prohaska837,M,GENERAL PRACTICE,288 WASHINGTON STREET,QUINCY,MA,021695523,42.24983615,-70.9902487341626,13,0,9999881698
f7bc17b8-30e3-3e46-b046-2c1223c64789,6d086663-b8a4-3706-a21f-af1f6819b39f,Billy698 Wilderman619,M,GENERAL PRACTICE,745 SCHOOL ST,WEBSTER,MA,015702924,42.037040649999994,-71.88227315294127,3,0,9999880898
0236f799-203a-330f-8ac5-b4da206ed545,a35fd733-dc1a-33f0-a308-292ff5581287,Phil587 Schaefer657,M,GENERAL PRACTICE,15 STRAW AVE,FLORENCE,MA,010621491,42.335654,-72.663286,207,0,9999961599
81a882c8-c1fd-3f40-afbe-f1bcf496b6b0,b014aec7-7bd8-351f-8808-3e280cbc5be6,Sergio619 Volkman526,M,GENERAL PRACTICE,70 EAST ST,HAVERHILL,MA,018306700,42.7777829,-71.0767724,1169,0,9999989491
76c7888b-0108-3104-a440-c8ab4432b257,5cf11f0d-eea6-39bb-b83a-bd99e4259b83,Austin578 Hackett68,F,GENERAL PRACTICE,190 NORTH AVE,HAVERHILL,MA,018302238,42.801287200000004,-71.08349835346564,4,0,9999879395
65e5a872-94ff-397b-ba72-8febd5ab381c,b3b56527-d366-3353-bca9-266a12f23051,Obdulia648 Schroeder447,F,GENERAL PRACTICE,60 QUAKER HIGHWAY,UXBRIDGE,MA,015691628,42.06100105,-71.62352848737622,70,0,9999900092
d540daf8-081f-3cfc-b7dc-aea7bf3133bd,f1664435-2eca-3eff-bd1a-13701e7ad1bd,Elvin140 Marks830,M,GENERAL PRACTICE,300 PASTEUR DRIVE,NEWTON,MA,024592058,42.3370414,-71.2092214,268,0,9999944199
f6c49888-b2fd-3680-b88d-04afab1b75f5,125eccb3-d003-34ea-9bd8-360dff059782,Mickey576 Gerlach374,M,GENERAL PRACTICE,125 PARKER HILL AVENUE,DEDHAM,MA,020266146,42.2489143,-71.1755732,786,0,9999998096
672be318-2b5a-3d4e-9779-80a3731429e7,fc90e623-9edb-30a7-9040-29968f8ebaa8,Arnold338 Stiedemann542,M,GENERAL PRACTICE,271 CAREW ST,SPRINGFIELD,MA,011042377,42.11597825,-72.59301656598424,59,0,9999958595
da5116d8-40d3-3aa3-9d9c-2b5e0c67f51c,c5742266-625d-3824-9ed3-4b5c6bc3e296,Rod343 Goyette777,M,GENERAL PRACTICE,22 BRAMHALL ST,SCITUATE,MA,020664312,42.1939754,-70.7697128,58,0,9999957399
d411cd11-79ae-3cfa-b25f-cb1afe8992a4,68027854-a51a-324b-8f20-2da7be608ebf,Ruth999 Legros616,F,GENERAL PRACTICE,50 RECREATION PARK DRIVE,HINGHAM,MA,020434206,42.176395,-70.90419664699353,31,0,9999891994
75e7bff7-074d-3933-8fb5-6f557e0e9ad4,52323856-2b6a-3c09-8277-7d4ff9cb325a,Vanna750 Schuster709,F,GENERAL PRACTICE,99 PARK STREET,BROOKLINE,MA,024464406,42.3398029,-71.1238599,2,0,9999885194
31d53bc9-f8ba-30fd-9862-9df855418bc4,b242f971-3c74-3778-b148-81366c1e6a3f,Virginia437 Orosco477,F,GENERAL PRACTICE,10 CAREMATRIX DR,DEDHAM,MA,020266149,42.2270762,-71.17237295563174,958,0,9999998591
544a1e49-7837-3a4a-9c87-accc9ba570b2,a8a4e435-687f-3ecb-9af8-09b4636d1a1a,Chance908 Skiles927,M,GENERAL PRACTICE,107 COMMERCIAL ST,MASHPEE,MA,026496507,41.60736455,-70.49065684933157,46,0,9999980292
aabc0080-d5fe-3521-842b-72f6b9bbc9a7,94e4af1a-df1d-33bf-9cc8-01d079d882bf,Toccara373 Wyman904,F,GENERAL PRACTICE,3 LITTLETON RD,WESTFORD,MA,018863130,42.57905705,-71.39690581066205,22,0,9999921098
db0b9f23-7b36-3385-ac78-6c769236f2cb,99a31e4a-04aa-334b-9e96-904f01483d93,Deloris888 Ward668,F,GENERAL PRACTICE,100 N BEACON ST,ALLSTON,MA,021341928,42.3536388,-71.1375978,3,0,9999903591
dfbc4df2-3c9b-33a9-913d-146a68212631,a696a095-b213-3607-82d6-52dff92a21f9,Glynis780 Streich926,F,GENERAL PRACTICE,265 BENTON DR STE 201,EAST LONGMEADOW,MA,010283209,42.042815649999994,-72.52905961393307,38,0,9999936898
43b4ab11-5b42-39cb-8475-d1af7299198f,e8d0fea4-45cb-32d3-8798-0fe6156c4409,Dannie881 Howell947,F,GENERAL PRACTICE,265 ESSEX STREET,BEVERLY,MA,019151958,42.56513015,-70.86168781456092,1,0,9999898098
deae5e00-44b8-3b4a-b2ef-8120874a3a84,b93ffa11-ffab-3fe0-8c28-657817801192,Flor713 Berge125,F,GENERAL PRACTICE,9 MAPLE ST,WILBRAHAM,MA,010951730,42.150018599999996,-72.42537320933242,4,0,9999872192
f82300a4-6144-3c1d-8502-0decd3a5a5ca,e5b9db6a-8dd8-3622-b9ce-3dc593e111d1,Carmelita854 Tromp100,F,GENERAL PRACTICE,1223 BEACON ST STE A,BROOKLINE,MA,024465332,42.3430087,-71.1170155,180,0,9999947291
b5a5a764-5538-33f5-a60a-dbcd48029abe,36c8b677-a6ce-3266-b71e-ed86d778d0fa,Jerrell6 Rippin620,M,GENERAL PRACTICE,300 FRIBERG PKWY,WESTBOROUGH,MA,015813900,42.28350315,-71.58027718702151,547,0,9999988790
322ed664-0131-308d-80a1-c0f1eb2130fe,e92dad8b-f485-315a-8fc4-1d7adfdc9c00,Ramiro608 Anderson154,M,GENERAL PRACTICE,581 FAUNCE CORNER RD,DARTMOUTH,MA,027471242,41.676111381167445,-70.98788528176077,1082,0,9999989392
504a4095-f09e-3e8b-9a73-f938b0ce6951,6929d249-cc27-33aa-a871-b6f26059615d,Deon400 Fritsch593,M,GENERAL PRACTICE,ONE HOSPITAL ROAD  FIRST FL  WING 5   PO BOX 1477,OAK BLUFFS,MA,025571406,41.4538523,-70.5684713,144,0,9999986091
fac8cbac-f1b1-3ac6-8cb9-9aded6297748,a1a024f0-95e2-3db4-a771-e2f17c5da162,Arturo47 Schmidt332,M,GENERAL PRACTICE,18 NEWTON ST,BROCKTON,MA,023015115,42.0785392,-71.02602473630952,215,0,9999969899
1a6cb895-8d6e-37f7-91ba-556d16f1a747,aad05540-c9cb-3805-b3c4-f9b9d9b42b2e,Arla414 Fritsch593,F,GENERAL PRACTICE,821 E MAIN ST STE 3,CHICOPEE,MA,010206306,42.155774795300516,-72.55672263289513,2140,0,9999942896
55dee63a-be00-346a-b8fc-bb8d71b2db25,1aa9084e-2b86-3d6e-93ab-dbe6d4dda601,Jani266 Schultz619,F,GENERAL PRACTICE,100 OLD BILLERICA RD,BEDFORD,MA,017301267,42.499905749999996,-71.25668964877971,11,0,9999884197
55c3dc90-096b-3dac-a8a0-86cf7e4808d3,2e73956a-942f-36f3-b88c-f88e782e578f,Ivory697 Boyle917,M,GENERAL PRACTICE,790 TURNPIKE STREET  SUITE 202,NORTH ANDOVER,MA,018456138,42.661547049999996,-71.10774565195425,48,0,9999906396
23a9ce2b-2d50-363f-94d7-e449dc55ecc0,2987ddf5-7ff2-3e4a-9e25-d654a10313fd,Ted955 O'Connell601,M,GENERAL PRACTICE,519 MAIN STREET,MEDFIELD,MA,020522522,42.186209649999995,-71.30745495273302,146,0,9999899799
47b47741-3a66-390e-be24-bf9014854ae9,ce3b504c-f15c-3bcf-ba6e-dcb551cc7d7f,Denisha680 Schmitt836,F,GENERAL PRACTICE,112 SOUTHAMPTON ST,BOSTON,MA,021182711,42.33240995,-71.06915010706255,115,0,9999979492
8d1197e9-b7d0-367f-866e-463c24050de7,eea92149-820f-301f-911e-b170e8312842,Tracey100 Hamill307,M,GENERAL PRACTICE,123 SUMMER STREET,WORCESTER,MA,016102177,42.26496835,-71.79655403681465,327,0,9999997791
9a3882c1-be54-332b-92f2-03daca4f7b38,19a3afba-b409-3650-a0ab-f3faf6e391ef,Patrina117 Strosin214,F,GENERAL PRACTICE,199 REEDSDALE RD,WALTHAM,MA,024511433,42.3756401,-71.2358004,1158,0,9999985895
73fc7513-37f3-3c22-9e76-275b8a482481,0e9d0119-1157-35a0-8bb5-7e0aa3041928,Kari181 Trantow673,F,GENERAL PRACTICE,1049 MAIN STREET,SPRINGFIELD,MA,011032114,42.09977055,-72.58470990760483,317,0,9999979997
ced20c2a-2573-3ade-85c4-2bbca1428c5d,5de0661c-5943-365b-93c7-8ab84e1df09c,Randa356 Carter549,F,GENERAL PRACTICE,28 LINWOOD RD,LYNN,MA,019051638,42.4703546,-70.964796190519,6,0,9999874693
cae3a6fd-e92a-3031-b7e2-487f7e390b6a,76b7dbb5-0a02-32a4-9a01-3511f7e45016,Clemente531 Polanco94,M,GENERAL PRACTICE,59 COUNTRY WAY,SCITUATE,MA,020663746,42.1806871,-70.74862935148246,196,0,9999891192
e7797876-4e49-35ee-bc6a-243c15ab14e2,d833e67f-4e72-331c-87e9-45e96dd28280,Lilian665 Beer512,F,GENERAL PRACTICE,2101 WASHINGTON STREET,NEWTON,MA,024621519,42.3301978,-71.24996457183994,7,0,9999902494
de9233b1-43d7-34a5-9948-632f4e14825e,83a08dcf-7ed6-3d2e-afc0-a72c05d2563c,Felipe97 Escobedo608,M,GENERAL PRACTICE,755 MAIN ST,HAVERHILL,MA,018302166,42.797835,-71.0878121,566,0,9999972794
05329457-26d3-388f-a8ec-a6d745488453,db0c12e5-ff76-3946-9704-349e4ffb47c3,Ty725 Mohr916,M,GENERAL PRACTICE,604 COTTAGE ST,SPRINGFIELD,MA,011043252,42.1429078,-72.5311999887646,8,0,9999936690
36a46864-395e-3762-aa16-293c766b32ab,b826cbda-f69b-32d0-9e6e-edcb80f692bb,Kisha966 Beahan375,F,GENERAL PRACTICE,169 VALENTINE ROAD,PITTSFIELD,MA,012013042,42.45821049070386,-73.27683573566691,45,0,9999886192
6d023f84-febf-3952-bbad-fbdea85f1835,25c85bcc-7e25-36bc-89e8-08e0d473db23,Sharron285 Okuneva707,F,GENERAL PRACTICE,138 S MAIN ST STE 14,MILFORD,MA,017573272,42.1270746,-71.51639128815474,658,0,9999945899
889b4c5d-dfdf-3c32-9a52-5936d473b61d,b90ee64e-4559-32db-97d7-0341740a71f1,Thanh759 Cartwright189,M,GENERAL PRACTICE,123 SUMMER ST,WORCESTER,MA,016081216,42.26496835,-71.79655403681465,24,0,9999970897
61029894-ad5a-3230-b1d3-a5003d022e03,eb9188f8-3f7a-3794-a349-94f88f7ff41c,Hattie299 Kuhlman484,F,GENERAL PRACTICE,119 PROVIDENCE STREET,WORCESTER,MA,016044429,42.25031935,-71.79212030621437,2,0,9999884890
6eae652d-33ab-3518-a7f4-51a72e376fc7,c9aabcbd-d4e0-391f-8980-d0be6934ea82,Shonda871 Leffler128,F,GENERAL PRACTICE,340 PLEASANT ST,BROCKTON,MA,023013236,42.08764334999999,-71.03287346676532,336,0,9999950196
12a1a346-864d-33f6-ac2f-76586639d694,d9b71ccf-6649-3555-9e99-44eac0af257f,Darlene91 Collier206,F,GENERAL PRACTICE,655 DEDHAM ST,WRENTHAM,MA,020931135,42.084901,-71.30689224201797,203,0,9999888198
6b001e4c-cd8a-3642-91c6-5ad8b1dd4eb4,f692f508-aa5e-3060-b98a-23165e5aa12f,Whitney250 Crona259,M,GENERAL PRACTICE,35 NEW ENGLAND BUSINESS CENTER DR STE 207,NORWOOD,MA,020624692,42.194543,-71.1994976,23,0,9999933291
7490e997-3692-31f8-8e0c-90e7852aa6a0,c4ac39af-31c3-3e1b-bd95-faa239bce600,Candance389 Crona259,F,GENERAL PRACTICE,374 ROUTE 28,WEST YARMOUTH,MA,026734717,41.6514493,-70.24627055149762,38,0,9999966994
4e25cfe8-870e-3e76-9334-81117fd780fd,7348f15f-ec3d-3aef-821a-8de550c90f26,Dudley365 Pfannerstill264,M,GENERAL PRACTICE,292 WASHINGTON ST,GLOUCESTER,MA,019304832,42.6249323,-70.6824382785235,10,0,9999868497
d0954975-1f8b-379f-9ead-e0c236a8dd5d,81991e0d-8034-36c8-be5c-624b44cb67de,Jamie386 Predovic534,M,GENERAL PRACTICE,76 NORTH ST,MIDDLEBORO,MA,023461619,41.9014651,-70.91375666607357,2,0,9999875898
a0c12de6-cdf8-3eae-996a-648cc8dfcac7,5876b638-1603-348c-86ef-9c708bd240dd,Chassidy418 Heathcote539,F,GENERAL PRACTICE,500 W CUMMINGS PARK STE 6300,WOBURN,MA,018016541,42.495389450000005,-71.12874638292683,2,0,9999904094
3234d6c9-d6a2-3b0a-b2a7-e51478b7e3ab,2f5c26cd-be8d-351a-97af-23fbcaba0967,Dorethea38 Casper496,F,GENERAL PRACTICE,36 CORDAGE PARK CIR,PLYMOUTH,MA,023607320,41.978323,-70.689036,4,0,9999909499
9a732b5b-be46-380a-9bb6-2b58070e65a1,6ff4bb75-c014-3f73-a574-620cf1538d85,Manda751 Hamill307,F,GENERAL PRACTICE,250 GREEN ST,GARDNER,MA,01440,42.586896550000006,-71.98672640006858,46,0,9999968792
91b82132-e4f4-33db-ae54-0421f7097772,e68de1a0-767e-3466-b9a6-43948ee073d3,Gene733 Ratke343,M,GENERAL PRACTICE,160 WELLS AVENUE,NEWTON,MA,024593302,42.29337605,-71.19806353028767,28,0,9999909994
ccacacad-b6f6-36f1-a2bd-f48187c15d50,2fb77691-5353-358a-bc94-90af77dd654b,Donnell534 D'Amore443,M,GENERAL PRACTICE,200 GROTON RD,AYER,MA,014321168,42.577352149999996,-71.57414587343038,2084,0,9999989699
a85fbdec-c3d7-3368-a805-8adaebc1fda1,ede8251b-e165-3ef6-b8a0-305217ba8e88,Elijah719 Boyle917,M,GENERAL PRACTICE,710 STOCKBRIDGE RD,LEE,MA,012389316,42.29155405,-73.28210389651024,41,0,9999964593
66e6103f-9c5c-3647-b54f-7485f1b8cc1b,f002fb4c-544a-3139-b3f1-439864d5474a,Merlin721 Cruickshank494,M,GENERAL PRACTICE,266 LINCOLN AVE,SAUGUS,MA,019063037,42.44952884999999,-70.99452689295308,8,0,9999868695
1b6c31ff-2762-34a6-8313-cc26104bf7b9,d6c165ec-d9ca-35a5-9bc8-2061cbfb83a2,Stuart913 Lynch190,M,GENERAL PRACTICE,10 ADAMS ST,NORTH CHELMSFORD,MA,018631780,42.6389249,-71.3840196,309,0,9999968693
dd0ffe93-154e-3807-893c-28b1d4f48dfc,cbebae9e-f95e-3d2c-9712-289ea8d6aeec,Xochitl483 Haley279,F,GENERAL PRACTICE,49 ROBINWOOD AVENUE,QUINCY,MA,021698130,42.2509914,-71.0037374,1712,0,9999991398
b6890863-d87f-3fee-8758-874f84641752,1cec4304-9757-3a10-ad4f-7e2090c56131,Eugene421 Rohan584,F,GENERAL PRACTICE,55 LAKE AVE N,WORCESTER,MA,016550002,42.2774799,-71.76166994969458,1609,0,9999987693
64868dbe-3ce6-3759-9d65-d25d0f0ed284,82ed13dd-9643-31e1-a56c-ff9a28a9d671,Camila223 Cartwright189,F,GENERAL PRACTICE,290 ROUTE 130,FORESTDALE,MA,02644,41.713592,-70.4889162,19,0,9999927699
06edf799-98b2-37ca-94ce-bc2fdcc420ec,5862e05c-9533-3f7a-8f73-215d50f5ee2f,Emilio417 Barton704,M,GENERAL PRACTICE,1200 CENTRE ST,ROSLINDALE,MA,021311000,42.29768,-71.130463,416,0,9999992990
9eb71971-25a8-3cbf-8b14-c42f50b37be1,ec7e487e-7e78-3eac-a9ee-37f8de98a0f9,Sid118 Hammes673,M,GENERAL PRACTICE,277 WASHINGTON STREET,ABINGTON,MA,023512489,42.10060947239023,-70.94967338146704,88,0,9999883595
4caeaa68-1d02-3bfc-8470-75ceb8738a31,f646a4e8-340f-3204-bee5-ef23f4da97c5,Felipe97 Romero158,M,GENERAL PRACTICE,299 CAREW ST STE 234,SPRINGFIELD,MA,011042368,42.115589400000005,-72.59283074638886,26,0,9999948299
895ad93c-adb7-3693-835d-505f24c451c0,ad482681-b4c4-3fce-ac59-78c83d31b0ba,Jeanie708 Turner526,F,GENERAL PRACTICE,130 CHESTNUT ST,FRANKLIN,MA,020383903,42.08345955,-71.38413379825735,7,0,9999871699
f1c98aa7-07e1-3886-b1ab-a951ecd0a3bd,a8f1424c-00bc-3403-8db5-cd600978f3a4,Amos720 Bogan287,M,GENERAL PRACTICE,8 BURNHAM ST,TURNERS FALLS,MA,013761816,42.6042523,-72.5564777,248,0,9999965293
2089a296-6354-3b21-ae96-1fe573ec2cbe,55809329-c479-30a9-824e-4768d46c0244,Myron933 Fadel536,M,GENERAL PRACTICE,280 MERRIMACK ST STE 103,LAWRENCE,MA,018431780,42.70271530167854,-71.14888290326759,52,0,9999954495
433e66e4-d021-3712-bce7-bc37f396cd1b,411f14a5-de79-3e08-81d6-301270cc2275,Fredrick998 Harvey63,M,GENERAL PRACTICE,64 CONCORD STREET,WILMINGTON,MA,018872179,42.55962465,-71.13772203658047,608,0,9999964494
bec7fcdc-c896-3f7e-a2be-e7362b006ff1,78cd7edb-2df6-34da-b463-5f9eb15cf862,Nancee600 Pacocha935,F,GENERAL PRACTICE,1 WEBLY ROAD,YARMOUTH PORT,MA,026752000,41.7020544,-70.249465,132,0,9999937391
b003c595-0cb5-3169-b5cf-7573bc05b220,471f7ca2-38f8-3080-8109-187c73ec0b1f,Reginia455 Johnson679,F,GENERAL PRACTICE,27 CONGRESS ST,SALEM,MA,019707308,42.518722068313224,-70.88940635956651,290,0,9999974998
920039a6-988d-3277-a9e4-ff12ceb7a486,a5577e5c-b886-37a0-8eee-8ff6feb7ea6b,Leopoldo762 Keebler762,M,GENERAL PRACTICE,330 MOUNT AUBURN ST,CAMBRIDGE,MA,021385502,42.3741033,-71.13417575971958,2384,0,9999987198
ee1dd2e7-22fd-3728-a1e8-092a2822054c,20df65a4-7567-3066-b680-0f71b0c31d38,Kristina583 Bashirian201,F,GENERAL PRACTICE,242 GREEN ST,GARDNER,MA,014401336,42.58685735,-71.98748072431209,830,0,9999992495
9d32150e-df42-3724-847b-81dd2294c5a2,5581e43d-0463-3a0b-afc7-a60aea5ac96c,Brock407 VonRueden376,M,GENERAL PRACTICE,57 RIVER RD,ANDOVER,MA,018101144,42.69112645,-71.19636086287642,603,0,9999976597
c9dc6925-359d-3668-8c1f-8494348ae09b,6e1be70a-4c61-3b46-970f-e9bbc9fff693,Cassi819 Thompson596,F,GENERAL PRACTICE,270 UNION ST STE 201,ROCKLAND,MA,023701070,42.129637555555554,-70.91556322222222,21,0,9999933192
107a18dc-8101-3158-8e97-3d8625af4222,7dcab1ad-0e13-3700-9eb0-70767c5e2b55,Dana512 Wilkinson796,F,GENERAL PRACTICE,1515 ALLEN ST,SPRINGFIELD,MA,011181803,42.095299499999996,-72.50943136142334,101,0,9999940593
2df91860-10f0-3b01-ba93-217a10d37ca0,8269bd00-d9ff-3bda-a585-9587bc1d330b,Alisia5 Jacobson885,F,GENERAL PRACTICE,223 SWANTON ST,WINCHESTER,MA,018901968,42.4616579,-71.13927131946744,1,0,9999884296
8c4b4e7c-e3c2-3921-9aed-24e2e0c70c1f,448d54bb-d442-3c01-84b6-0475c7c8da12,Pat3 Hand679,M,GENERAL PRACTICE,1565 MAIN ST BLDG. 2 SUITE # 311,TEWKSBURY,MA,018764735,42.6106479,-71.2342248,27,0,9999922393
f4715e0a-c3de-3daf-b2e3-30650543009f,7fc42341-ad5f-3c6c-94f3-4afaa0f8a028,Coretta598 Herzog843,F,GENERAL PRACTICE,368 FAUNCE CORNER RD,DARTMOUTH,MA,027476249,41.6633564,-70.99152756769953,12,0,9999927996
213da29e-cc6d-3532-8d68-e2d19a4c4fd8,e9cddb67-8582-32fa-98c9-3767046f51fb,Evan94 Leuschke194,M,GENERAL PRACTICE,50 CHRISTY PL,BROCKTON,MA,023011826,42.0915839,-71.0556036517117,1,0,9999877191
feda70ed-7e08-39b6-89aa-38de7a9faa31,ce9c1582-994d-32bf-835c-474a249d2804,Clifton91 Veum823,M,GENERAL PRACTICE,275 MARTINE STREET  SUITE 104,FALL RIVER,MA,027231500,41.68393816525316,-71.1220830626733,104,0,9999937292
2e7f4cf1-c0af-3f03-915f-f551ae521006,ff8a25dd-fd83-30fc-a1ee-66455ec0dd82,Martha161 Gorczany269,F,GENERAL PRACTICE,3 EDGEWATER DR,NORWOOD,MA,020624642,42.16067115,-71.20186905283774,35,0,9999950998
a3d943f5-9da1-33bc-82a1-e6057f11d1be,b4064f5c-4729-31ef-a5b1-5343474c9520,Abdul218 Boyer713,M,GENERAL PRACTICE,63 KENDRICK ST,NEEDHAM,MA,024942708,42.2972045,-71.21072731380494,2,0,9999904896
e4d02522-c334-3894-8e56-68197888dd3f,9485907a-9f9c-3c19-a424-b402ee8f99c2,Lavern240 Bogisich202,M,GENERAL PRACTICE,101 PLANTATION STREET,WORCESTER,MA,016043025,42.258026400000006,-71.78384882397785,59,0,9999892695
a4df7ad9-860f-309f-9a89-99c5f45ef4e8,6ea4d3d6-d820-387a-a3d1-ed5944ad47a2,Nicolasa738 Larkin917,F,GENERAL PRACTICE,232 PLEASANT ST,METHUEN,MA,018447152,42.7397562,-71.17113575205717,541,0,9999950899
62b6f5a1-23ac-3cd4-b0a8-928dee62caf6,1494b446-f1aa-3752-8d9c-8eb801059e77,Shoshana283 Bailey598,F,GENERAL PRACTICE,439 COLUMBIA RD,HANOVER,MA,023392393,42.108043699999996,-70.81047504431497,89,0,9999912998
dc1f42ee-0485-3db6-9404-76156cade79b,e7722de2-0e62-3dc9-a163-a7003956673b,Charlena802 Lockman863,F,GENERAL PRACTICE,1 EDGEWATER DRIVE  SUITE 103,NORWOOD,MA,020624669,42.16153305,-71.20162617190071,51,0,9999908293
850ebe7d-e632-33a4-abc1-dc8edd868227,9b8a7a25-b923-3710-9f3c-d42919a3f54f,Kayce253 Ondricka197,F,GENERAL PRACTICE,146 MAIN ST,MAYNARD,MA,017542651,42.4309786,-71.4552968,516,0,9999952291
d4d25ac7-7fc3-3cac-a450-84cde0bf44d8,62b55e5b-b58f-354d-8f2d-f2a330bc619e,Paz9 Gerlach374,F,GENERAL PRACTICE,201 HIGHLAND ST,CLINTON,MA,015101037,42.42738865,-71.69329092351188,1486,0,9999988592
edd25c2b-083f-306d-ba5e-0f145150ddc6,966245ce-e84d-36b0-a838-2e0b5bb2e668,Refugio197 Crooks415,M,GENERAL PRACTICE,1425 BLUE HILL AVENUE,MATTAPAN,MA,021262122,42.2754929,-71.09384131587021,282,0,9999974790
571690b2-df68-3884-a4f5-6c6f7df6faf4,b574fc4f-313c-38a4-9baf-7e12e431a499,Laura391 Barraza113,F,GENERAL PRACTICE,511 W GROVE ST,MIDDLEBORO,MA,023461479,41.90036455,-70.9535889372234,351,0,9999959296
a60893a8-3fa3-3120-b8f8-63ea47356e9c,9dbd44ba-59b2-3d1d-ac91-3880af8081d2,Rob341 Larson43,M,GENERAL PRACTICE,529 MAIN ST STE B,ACTON,MA,017203965,42.4878132338563,-71.43046999422496,630,0,9999952390
c24eeee1-a22b-3064-b08d-4be71758fe78,2bde75a8-708f-3930-8d57-100ab365d413,Sunny31 Gleason633,F,GENERAL PRACTICE,173 WORCESTER ST,WELLESLEY,MA,024815521,42.2964859,-71.2925571,158,0,9999958090
8c3c93ec-b229-3b5e-8315-9e9e8ea29dcb,35eba9db-902f-32e6-b302-0e5ef8fa5c68,Isaiah615 Schumm995,M,GENERAL PRACTICE,66 BROAD ST,WESTFIELD,MA,010852927,42.1165587,-72.74727440058362,7,0,9999897892
9b7b6d04-12fb-3ead-9e7c-5ea0f474e0be,b7866c75-5e56-36b0-b9c5-c63051677b69,Neida631 Skiles927,F,GENERAL PRACTICE,45 RESNIK RD,SANDWICH,MA,02563,41.7579043,-70.4968152,37,0,9999966093
bb21d7e3-9629-3c28-937c-b82e115bcd49,b5e54a54-ad38-39f3-a5d4-6e73e5d76d2d,Dennis979 Rempel203,M,GENERAL PRACTICE,44 FRONT ST FL 3,WORCESTER,MA,016081722,42.2625621,-71.8018877,77,0,9999954396
f52d1167-a150-3b7a-b5e3-928dc303fe6e,9656a864-3b93-356f-9fa6-d7988e249977,France571 Feil794,F,GENERAL PRACTICE,950 N MAIN ST STE 203,RANDOLPH,MA,023683064,42.1871612,-71.0568102,344,0,9999943894
ed7318ba-2be4-32f6-9019-a585e631ae9f,4eddfa13-f996-3048-9bbc-541b0a29038a,Vince741 Schmidt332,M,GENERAL PRACTICE,736 CAMBRIDGE ST,BRIGHTON,MA,021353601,42.348649949999995,-71.14799584850206,465,0,9999955690
0756aa55-65dc-3c1a-9439-6a34af02f3c2,845fbd9b-2d1c-39a8-8261-28ae40e4fab2,Sam879 Rippin620,F,GENERAL PRACTICE,14 PROSPECT STREET,UPTON,MA,015681431,42.1700209025178,-71.59409308099494,3494,0,9999998294
c7761cfe-c7e3-3b62-8cf0-20fdb1942ca5,fe7441a8-2020-304d-aeeb-ba83c9ee2e3f,Danny396 Boyer713,M,GENERAL PRACTICE,35 FRUIT ST,WORCESTER,MA,016092198,42.26702925,-71.81077636812154,3,0,9999882597
b175972b-7a5d-3c1f-8e3f-23f355999ceb,946ec45f-5c4a-361f-b158-927144864133,Jorge203 Harvey63,M,GENERAL PRACTICE,19 MIDSTATE DRIVE  SUITE 130,AUBURN,MA,015011856,42.1894693,-71.85604765,57,0,9999906297
35a48ed9-c7e1-388f-b670-037477d2fcd2,bac9dc0c-cb0f-3fa6-aa12-819dd0fb922a,María Cristina383 Uribe503,F,GENERAL PRACTICE,1493 CAMBRIDGE ST,SOMERVILLE,MA,021452935,42.3875968,-71.0994968,3458,0,9999993196
0d19afe6-f045-3ed2-aca2-b8997488d6f2,84d5768f-3a21-3da9-aad2-bbf7a3ae2700,Hank686 Schneider199,M,GENERAL PRACTICE,817 MERRIMACK ST,LOWELL,MA,018543548,42.650296999999995,-71.32263756223612,269,0,9999957191
097c45f8-578d-3594-a3a3-3b7edb0ad10f,9ce6072b-d039-3cde-8eaf-950211b8ae88,Terrie907 Ratke343,F,GENERAL PRACTICE,147 S MAIN ST,MIDDLETON,MA,019492446,42.585787222720036,-71.00861442427218,755,0,9999939199
c09409e4-ac1e-32c6-b6d5-75d3146cca42,2576629d-4a1a-3a63-8c08-779cbd8ef98b,Naoma512 Bashirian201,F,GENERAL PRACTICE,204 MAIN ST,ORLEANS,MA,026533428,41.78516795,-69.96772048551409,8,0,9999970293
185d3de5-cfb1-3cb0-89b8-21a4cfd10fde,af8566eb-8918-3ec7-ba44-92b6a2cf8097,Trevor374 Walker122,M,GENERAL PRACTICE,81 HIGHLAND AVE,SALEM,MA,019702714,42.5112107,-70.90516241826194,3600,0,9999987297
bd1b1968-7d6d-3827-a0dd-b97097cfeb9d,d4a03501-69f6-3a89-ac27-ed25976fdb6f,Virgen207 Hyatt152,F,GENERAL PRACTICE,25 WOODLAND ROAD,STONEHAM,MA,021801705,42.450448800000004,-71.09076944938434,101,0,9999900597
f0c0258e-1997-3ebf-b0ce-4a4e8f51306b,d1d4d104-68cb-356b-9086-888de7d2826f,Deandre599 Windler79,M,GENERAL PRACTICE,61 Lincoln Street  Suite 112,Framingham,MA,01702,42.28348,-71.41845,656,0,9999984492
1ad99100-3bf6-305d-a9cc-8120361a2a3c,21e6967c-bb71-3992-bb1c-11ffff39216e,Regan713 Weber641,F,GENERAL PRACTICE,200 HILLSIDE CIR STE 3,WEST SPRINGFIELD,MA,010894681,42.105237,-72.6213712,1,0,9999904599
02f7d509-2047-394a-8fe4-2ad794324a6e,4058ca7b-c48b-3aaf-8de9-fc421f6a9e1c,Darby868 Klein929,F,GENERAL PRACTICE,199 ANDOVER STREET ROUTE 114W,PEABODY,MA,019601630,42.5278731,-70.9286609,2,0,9999901991
f3f8681d-976e-33a1-b9e5-c54150704733,ecd3b321-0a8a-3ce6-81f0-982dd77fce43,Hunter736 Lesch175,M,GENERAL PRACTICE,25 HIGHLAND AVE,NEWBURYPORT,MA,019503867,42.81369325,-70.89091645747592,1029,0,9999994095
1741608e-343b-3049-9e70-b83a9a52fbca,eb2596c3-8814-3add-8516-474214bf5c62,Jaqueline846 Lemke654,F,GENERAL PRACTICE,250 W UNION ST,ASHLAND,MA,017211420,42.24214015,-71.48110671819278,3,0,9999878892
22b516d8-62e6-35d7-9244-9853e2af2679,c762a0ef-bfba-3261-b90c-4059f7bcc87d,Alona471 Cormier289,F,GENERAL PRACTICE,160 MAIN STREET,WALPOLE,MA,020814037,42.168752850000004,-71.23027591232932,1,0,9999874396
b6f22cdc-6e47-3060-9473-61bbf51e498a,42c13743-f36f-370a-a5ca-3e3c9795e02d,Tiffani287 Toy286,F,GENERAL PRACTICE,17 CHIPMAN WAY,KINGSTON,MA,023641039,42.0115267956362,-70.78988939618995,19,0,9999896399
1e9e82e4-5f53-322c-9e28-6bfc8d7ba83a,0ebe55cb-ce87-31fb-bced-cfe11130b290,Harland508 Williamson769,M,GENERAL PRACTICE,464 HILLSIDE AVE,WEYMOUTH,MA,021893104,42.2212188,-70.9391625,46,0,9999970590
d4904a5e-16bd-30fd-bb8f-c498ed8e2c7d,058176fd-cbb0-328b-8411-c19f5045032d,Breana975 Sanford861,F,GENERAL PRACTICE,840 EMERSON GARDENS ROAD,LEXINGTON,MA,02420,42.43761961817366,-71.19888753880475,70,0,9999867390
fbf037a9-d985-3322-8aa6-29de3e95de69,a036cdf2-bbc5-3ffd-987f-56e437fd8b74,Shayne60 Gutmann970,M,GENERAL PRACTICE,265 N MAIN ST,SOUTH YARMOUTH,MA,026642083,41.680980000000005,-70.18292625685085,189,0,9999886390
e9773b37-6519-3abd-b57d-af99156a5279,03d7ee12-bdfe-3e48-9d29-757eb6f01ad0,Jae222 Wisozk929,M,GENERAL PRACTICE,44 SUMMER ST,DANVERS,MA,019231574,42.57663745,-70.94996137026163,3,0,9999896092
9fada241-0e09-3c9d-8bf9-a30addd67f1d,2fbb592e-2154-3a4d-856e-467d7ba5bed7,Bernardo699 Pagac496,M,GENERAL PRACTICE,780 MAIN ST,GREAT BARRINGTON,MA,012302148,42.17823835,-73.36310566431717,29,0,9999972190
f7cc69ae-d060-3dd1-80c5-3eaafe9fbd48,4f5e8f16-a31b-3071-8556-d7188ede313d,Barrett790 Wolf938,M,GENERAL PRACTICE,575 BEECH ST,HOLYOKE,MA,010402223,42.20105435,-72.628169560868,1939,0,9999993295
ee675582-8b92-39d9-867c-48ee5ca9e03e,69cb2157-b620-3c51-9c94-f516462d2d55,Luther918 Schroeder447,M,GENERAL PRACTICE,11 WATER ST,ARLINGTON,MA,02476,42.41642055,-71.15424293038585,281,0,9999967893
c01d91ca-0e8f-3218-aa9b-d833741babf5,ae3eab22-8868-37bb-9a59-2b8bfe14bf34,Elise948 Smitham825,F,GENERAL PRACTICE,2033 MAIN STREET,ATHOL,MA,01331,42.58522105,-72.20868129339888,126,0,9999986695
cbe79d8d-a161-3c2a-a3eb-d984fe78e87a,615416de-5217-3c11-9828-2d4bacd1d9cb,Keli839 Williamson769,F,GENERAL PRACTICE,434 ROUTE 134,HYANNIS,MA,026011854,41.6753274,-70.309939,14,0,9999910893
d9ee55bd-ba81-35fe-99ea-73be87795edb,218e58e4-9642-3ebd-9b39-34d15f22c620,Jung484 Lowe577,F,GENERAL PRACTICE,977 MAIN ST,WALTHAM,MA,024517406,42.376452150000006,-71.25063779999999,54,0,9999956490
94000eba-b40a-37fb-b919-c4f27d2a11bb,9a20d707-68e4-32c0-b2b2-2f5d5c2012cd,Diego848 Batista148,M,GENERAL PRACTICE,131 CAMBRIDGE ST STE 1,BURLINGTON,MA,018033711,42.50284395,-71.19574553661971,685,0,9999942094
9d6e6259-cf42-32f9-ad9a-01961bf4e3b9,8887c942-34a1-3087-a4b3-81dcd1bd9f36,Roderick835 Pollich983,M,GENERAL PRACTICE,1199 JOHN FITCH HWY,FITCHBURG,MA,014202026,42.59851915,-71.7934564896979,1,0,9999874891
543d16cc-b969-3393-b8a5-3cb3a1a677e7,78cdee02-e200-38a9-9b34-4651e706be7c,Sherryl893 Jacobs452,F,GENERAL PRACTICE,1156 MAIN ST,DRACUT,MA,018261929,42.6818928,-71.2963726,15,0,9999921999
e6adaef6-33df-3e60-9e43-9291451223b9,f90ef475-defe-363d-a926-573b38f804a2,Kristopher775 Schiller186,M,GENERAL PRACTICE,54 HOPEDALE ST,HOPKINTON,MA,017481672,42.2288875,-71.5196439,332,0,9999948398
e2e48528-63a8-3939-8aae-39f5f7d9acac,071a898d-3535-39fd-bf61-d33301aacd04,Jefferey580 Luettgen772,M,GENERAL PRACTICE,104 CHARLES ELDRIDGE RD,LAKEVILLE,MA,023471370,41.8459353,-70.9494854,111,0,9999959098
b8896d19-3ce6-3798-9c21-44bdb3478d63,41f66e18-8eb7-32f2-9371-7df5bf2b8d21,Noma845 Mraz590,F,GENERAL PRACTICE,170 UNIVERSITY DRIVE,GREENFIELD,MA,013011238,42.6097476,-72.5979752,190,0,9999940296
1b1ba736-f905-3ac5-82d4-0bc41e7cf308,a25107f7-f4f5-36fc-98e4-f3e1b5875c91,Tracy345 Wilderman619,M,GENERAL PRACTICE,1285 BEACON ST,WOBURN,MA,018012157,42.4979478,-71.1684508,872,0,9999939090
36dc9795-df4f-3ca6-a6f9-c6807374cc26,0e6c3ad1-24c1-34cb-bb6d-e8438fa319e2,Vern731 Casper496,M,GENERAL PRACTICE,50 DODGE ST,SWAMPSCOTT,MA,019071300,42.4699241,-70.9171507,234,0,9999938696
56723e7d-91a9-3263-8d3e-bb3ede461668,b4ca31a9-9d34-3ea1-93c4-443941622304,Ellie521 Nicolas769,F,GENERAL PRACTICE,102 MAIN ST,GREENFIELD,MA,013013224,42.5879173,-72.6055828841603,238,0,9999982496
cce2fdb7-f15a-3313-9e53-dae24f49db55,4f9dd195-07b8-3a81-8b7a-58852a0e6cdf,Tonja658 Goyette777,F,GENERAL PRACTICE,47 E MAIN ST,WEST BROOKFIELD,MA,015852906,42.2355113,-72.1381676,2,0,9999879692
6f8216f3-b169-3f6d-a251-420b71acbb19,43ee6bb5-8efa-3bfc-8ca8-1579a5267753,Shawanna357 Roob72,F,GENERAL PRACTICE,235 N PEARL ST,BROCKTON,MA,023011794,42.09805395,-71.0609587194362,125,0,9999988691
7a5185a0-3da5-3315-90ad-54e898b9e3b5,3695125c-c052-3ece-898a-2a6448987ae5,Sean831 DuBuque211,M,GENERAL PRACTICE,2040 BOSTON RD STE 5,WILBRAHAM,MA,010951380,42.150295650000004,-72.47288272264812,402,0,9999939793
0a228def-d3cc-3443-bd01-459e7625c00b,ed43f171-1ac1-3f08-aef5-0f62c515cf4d,Shelli447 Schowalter414,F,GENERAL PRACTICE,184 TER HEUN DR,FALMOUTH,MA,025403160,41.56534135,-70.62534898297048,3,0,9999892596
6fbe4a7a-12dc-31dd-9c0d-7a4a118ca16c,45db4ed7-a93e-3946-9c31-b567ca373de6,Bell723 Toy286,F,GENERAL PRACTICE,7 Drydock Ave  Suite 2070,Boston,MA,02210,42.34461,-71.03728,206,0,9999983197
3ebc6624-d7cc-3078-a5e1-5fa71d853872,63b93742-6c13-3309-92b6-f7c858e9f320,Leopoldo762 Schmeler639,M,GENERAL PRACTICE,77B WARREN ST,BRIGHTON,MA,021353601,42.348002699999995,-71.14205064012461,317,0,9999970392
989384ee-0965-361b-bc39-c0d84da7fe31,bdd9ad72-443a-3563-a626-4c45f6d058b2,Zachary28 Bogan287,M,GENERAL PRACTICE,147 PELHAM STREET,WORCESTER,MA,016072105,42.265209,-71.814005,52,0,9999931998
fce20ec4-0043-32e6-bbac-b6097bf4f49e,05fcf001-ab24-3d7d-85f7-f64942d82738,Leonarda398 Schumm995,F,GENERAL PRACTICE,250 POND STREET,FRAMINGHAM,MA,017014592,42.2838619,-71.4093719,3831,0,9999989798
9ecbae12-ae74-3407-996b-1cb00bb2eab8,8789c07e-d15d-378d-ba2b-d2b49ebb6db4,Ollie731 Bosco882,F,GENERAL PRACTICE,800 WASHINGTON ST,WOBURN,MA,018011976,42.4946907,-71.1242899,106,0,9999966291
839c1a26-4d2e-3405-96f2-72fce014489b,7e6db51f-7c1b-3555-9e1c-6269ba6d704d,Jacque955 Streich926,F,GENERAL PRACTICE,120 STAFFORD STREET SUITE 206,WORCESTER,MA,016031461,42.239638,-71.8443785891577,200,0,9999934190
1bf0dae8-b323-3cb8-936a-fe55d7127839,ae382dff-4faf-34af-b91f-8ae2d34b6733,Blanch844 Schaden604,F,GENERAL PRACTICE,200 HAWTHORN ST,NEW BEDFORD,MA,027402201,41.6284153,-70.93937104729301,2,0,9999879593
f022562d-86b1-3e93-b882-096097a629bb,83769f98-fff3-3535-8781-6ace5957136f,Harland508 Breitenberg711,M,GENERAL PRACTICE,115 NORTH AVENUE,ROCKLAND,MA,023702129,42.13496385,-70.92237824494691,124,0,9999889998
4405f540-eaca-3e4c-9741-ec63bb6df720,e87cda4c-1ad8-3a9e-b55f-7bfe987610ce,Josh874 Bechtelar572,M,GENERAL PRACTICE,326 NICHOLS RD,FITCHBURG,MA,014201914,42.5974358,-71.80761197366103,267,0,9999978692
bc683e16-6457-3be1-b116-02f16012491b,b529b631-551f-3344-82e4-c58c8b3b1716,Xenia801 Hills818,F,GENERAL PRACTICE,135 ELLIS AVE,NORWOOD,MA,020623946,42.2071374,-71.1867275198222,3,0,9999877092
fd157c41-e46c-3d68-a677-86869cce3c8c,e7b77e8f-b607-3273-aef9-ad1bca48813f,Rolland302 Turcotte120,M,GENERAL PRACTICE,209 W CENTRAL ST STE 216,NATICK,MA,017603716,42.28202598359604,-71.3899479380402,407,0,9999944090
4286043e-7f58-3ca1-b7c1-16f89bab78e5,1b26464f-ebe5-3045-b976-40f9979418c6,Vernie449 Tillman293,F,GENERAL PRACTICE,243 KING ST,NORTHAMPTON,MA,010602367,42.331161,-72.634183,1,0,9999908095
207c7dbc-d7c1-31a7-b43c-cbc62ab369d3,62ccfb55-1f60-3450-a607-706bedc9ef4e,Maximo817 Greenholt190,M,GENERAL PRACTICE,120 MURRAY STREET,MEDFORD,MA,021551300,42.42974035,-71.08853906104483,4,0,9999878991
9c94cf80-fe43-3f0a-bfd8-5ba660666b34,05cd3fbb-08ce-38bf-b680-721a3e902d43,Lita714 White193,F,GENERAL PRACTICE,9 WARREN CT,SALEM,MA,019703163,42.51586993877551,-70.90514912244899,82,0,9999961797
a40dbf1f-eebc-3c37-9249-532a2a92991d,0e3a24c3-b772-3059-b3fd-8a4710068a82,Rex53 Gerhold939,M,GENERAL PRACTICE,416 BROADWAY,RAYNHAM,MA,027671737,41.940680799999996,-71.07864352196617,306,0,9999964890
94e3fe11-b25f-309b-9396-57be8f592849,28d71598-85eb-3a0e-90c1-22e0be1af57c,Sammie902 Hermann103,M,GENERAL PRACTICE,38 MULBERRY ST STE 204,NORTHAMPTON,MA,010602832,42.35436315,-72.70256804599192,414,0,9999950592
b66bcea6-2d3e-3624-afb2-6f330b1c2558,f68ebf98-ba5b-35af-b2bd-da56cc5b13be,Shaun461 Hintz995,M,GENERAL PRACTICE,270 LITTLETON RD STE 22,WESTFORD,MA,018863524,42.5569148,-71.4366336131239,24,0,9999903799
fd10f445-c908-3318-9b04-85088d168a3f,b8d40f5c-9e4d-3639-89ef-8bf375cb3184,Sarai636 Howe413,F,GENERAL PRACTICE,190 OLD DERBY STREET,HINGHAM,MA,020434065,42.1807101,-70.9170852970031,5,0,9999910695
b251f14b-58a9-3dac-aa7b-74292c59bbf4,a537b406-fdfa-36b4-84da-12512e7e6c63,Margrett284 Davis923,F,GENERAL PRACTICE,795 MIDDLE ST,STOUGHTON,MA,020721829,42.1252079,-71.1022015,280,0,9999987495
234ba579-03ba-3c80-9000-cf25c2f955e0,e96bc963-a050-3502-955f-7fd274ea5fde,Juan88 Hessel84,F,GENERAL PRACTICE,459 BROADWAY,EVERETT,MA,021493614,42.4075632,-71.05472988596371,5,0,9999924795
aee7728d-f019-3e5b-bee7-2be011b9b914,d24e558b-6659-3c62-bfa7-938aa245c8a8,Francisco472 Crooks415,M,GENERAL PRACTICE,4 COURTHOUSE LANE SUITE 1-3,CHELMSFORD,MA,018241737,42.62439345,-71.35881000636567,21,0,9999953893
22182036-47dd-3930-bae4-2b48b1878933,7d627533-adbd-320a-9054-db91a2811597,Lester513 Schroeder447,M,GENERAL PRACTICE,480 JACKSON ST,METHUEN,MA,018444020,42.7327291,-71.16807304424162,12,0,9999877795
b95aafb0-80b4-3c02-8604-8edd3be6f6fa,f5c6acf1-d209-3ba2-9fec-f70dda7001f0,Enrique929 Lehner980,M,GENERAL PRACTICE,320 MAPLE AVE,GREAT BARRINGTON,MA,012301951,42.18317635,-73.37707900285446,2,0,9999874594
1e5f7354-f9f6-3fcd-b0c5-0a7a2205c552,40d5ac54-6e92-353d-8bce-63afb7e8fb0b,Murray856 Jacobs452,M,GENERAL PRACTICE,1325 SPRINGFIELD STREET STE 12,PITTSFIELD,MA,012016187,42.451302,-73.260018,9,0,9999906990
9bb95da4-308e-3185-8db4-7d184b1feb5b,c217aecf-c449-347c-b150-5c51f365c961,Ayana300 Langosh790,F,GENERAL PRACTICE,282 CABOT ST,HOLYOKE,MA,010403141,42.207214896551726,-72.62053189655173,2,0,9999882191
36481eaf-99f5-3643-84d5-33b669009d90,e5d50afe-8c7d-35f5-96f5-fb8941403b0f,Josefina523 Barela183,F,GENERAL PRACTICE,125 S CLARK ST STE 900,FALL RIVER,MA,02722,41.74223,-71.129706,450,0,9999941898
cabf92b7-aa1f-38b3-9c20-00a776dde12c,22e6a595-ed66-399f-b9d3-5013a7a402a7,Haley279 Leannon79,F,GENERAL PRACTICE,30 PERWAL ST,WESTWOOD,MA,020901928,42.21397175,-71.1786332019174,11,0,9999928291
97f87b20-0927-3610-8326-ca90a11db2e2,4a2eeae3-1d8f-3933-b177-f8b74b103338,Guadalupe206 Zayas20,F,GENERAL PRACTICE,17 COURT ST,BOSTON,MA,021082601,42.3590416,-71.0583916,58,0,9999979195
80a936cb-5943-3c09-89b2-7312f9ec9ec4,7baecfbc-ac9c-3f96-9db7-6453ab224b73,Tamra871 Kerluke267,F,GENERAL PRACTICE,675 MAIN ST,MELROSE,MA,02176,42.4586199,-71.0629807,61,0,9999970798
258b3471-6096-3577-9835-598856025f19,8dcaef28-eeff-348a-b5f6-cc14f3cf5ec8,Ross213 Carroll471,M,GENERAL PRACTICE,135 BENTON DRIVE,EAST LONGMEADOW,MA,010283117,42.05060015,-72.53143410709065,3,0,9999902197
143f37ec-3a1c-3291-8736-3c3ef5da580a,9adfae03-673d-365d-9052-f705098fa3e4,Sharilyn202 Wolff180,F,GENERAL PRACTICE,51 BLOSSOM ST,BOSTON,MA,021142699,42.36305545,-71.06643399281765,3276,0,9999990093
7bc4e193-c732-395b-b25c-4535aca57a55,46912be1-43b9-3c0c-9fbd-3d123f2eacc6,Vernita491 Kutch271,F,GENERAL PRACTICE,821 DANIEL SHAYS HWY,ATHOL,MA,013316903,42.572540548950265,-72.2674105528448,5,0,9999869990
b16ad1e5-d357-38ee-bf40-e5ac57d2fbed,48a07866-e8d7-3268-aa3c-ca3237c8e6f3,Devona405 Stamm704,F,GENERAL PRACTICE,188 PROVIDENCE ST,HYDE PARK,MA,021361861,42.2682551,-71.12174592925336,391,0,9999965392
6eefa281-92a7-3f1a-86db-1773b11965b9,9f85a8c8-007c-3490-a7b7-4a0324c13307,Delena885 Robel940,F,GENERAL PRACTICE,70 FULTON ST,BOSTON,MA,021091402,42.362439499999994,-71.05377386223965,152,0,9999943795
3570faa9-c8aa-3151-9cb0-c3a93bd7ef45,25431f9a-00e4-36d8-9810-4125328eec50,Kati243 Ruecker817,F,GENERAL PRACTICE,55 FRUIT ST,WALTHAM,MA,02451,42.3756401,-71.2358004,857,0,9999996496
21dc35fd-8202-349d-8207-d66e30984c0a,029b3003-b21a-30e7-b84e-0063558fc04b,Shizuko29 Hills818,F,GENERAL PRACTICE,97 BETHANY RD,FRAMINGHAM,MA,017027237,42.264920202566366,-71.43067623259627,3,0,9999881797
22a19087-3048-35be-80f2-dab5ab5601fa,a130ed39-d3a2-3b2a-91fe-0c14f5e26eb2,Walker122 Nicolas769,M,GENERAL PRACTICE,EAST CREEK ROAD,NANTUCKET,MA,025544015,41.273999,-70.091114,14,0,9999896191
75c0abfc-e2e6-3ec2-9653-c4591a09280a,89171335-b9c0-3326-98d6-a837d432b9fd,Louis204 Hauck852,M,GENERAL PRACTICE,150 FLANDERS ROAD,LYNN,MA,019042915,42.466763,-70.9494939,4955,0,9999988295
70bcee22-e4ca-3d88-9d81-c01d210f499b,5d2ca149-126a-3dd3-a029-35b55c89988b,Elaina826 Hamill307,F,GENERAL PRACTICE,87 BRIARWOOD CIR,WORCESTER,MA,016061225,42.32061485,-71.7709968832562,5,0,9999886796
580ff043-73a2-3d5e-9344-24453808bb4f,7cd7fc5c-3fa7-3b6e-b3c9-0dbaec2a3470,Frederica279 Roberts511,F,GENERAL PRACTICE,505 FRONT STREET,CHICOPEE,MA,010133140,42.14871685,-72.59756969862315,243,0,9999981795
f514c57f-8871-3ea6-8fa5-4d78ced67b8c,15d0e449-642a-3d9e-8629-16c7e4a9e4b4,Zelda766 Schmitt836,F,GENERAL PRACTICE,71 CENTER ST,FAIRHAVEN,MA,027193822,41.635798300000005,-70.90010980146215,1,0,9999897496
3dd64a21-5a29-32cb-b8bb-ac5b2306481d,c1a85a41-6758-3edc-95ec-238b8ac72a40,Wilhemina814 Lesch175,F,GENERAL PRACTICE,65 CENTRAL ST,GEORGETOWN,MA,018332112,42.7211656,-70.99324119227308,28,0,9999962399
831217a0-ecfc-390a-9c68-b38435cda89b,01bde980-bf89-3138-8912-7360dff33247,Carlos172 Elizondo706,M,GENERAL PRACTICE,456 PARK AVE,WORCESTER,MA,016101254,42.25512735,-71.82580924803523,335,0,9999940395
be019a1e-1511-33e5-a5d2-23f23c343e30,979d5316-97f4-335d-af9d-d0afba85dc6a,Bernie827 Borer986,M,GENERAL PRACTICE,57 PROSPECT ST,NANTUCKET,MA,025542799,41.27514065,-70.10108985970798,142,0,9999988998
6e64fd7a-3641-3c24-9e04-8ba939710de9,1484fc69-2eb0-3bba-8656-d5ead4973895,Lashawnda573 Schaefer657,F,GENERAL PRACTICE,260 MERRIMAC ST,NEWBURYPORT,MA,019502192,42.817380099999994,-70.88125573659471,215,0,9999956797
a83f5767-79b4-33c7-9681-537e3bb5431e,217cb6f6-e822-3831-9d9d-ffa104971042,Cira533 Jakubowski832,F,GENERAL PRACTICE,2 REHABILITATION WAY,WOBURN,MA,018016003,42.46352265,-71.161925472006,3700,0,9999989897
bbf93813-3afc-3a51-b105-bcdb6e0bc90b,8a6e21d0-da20-3378-8176-4e5ad2b51983,Laine739 Torphy630,F,GENERAL PRACTICE,84 ELM STREET,HOLLISTON,MA,017462138,42.20234485,-71.42493275079366,51,0,9999899690
d32f5701-0833-3820-a887-b8ccd8119617,4e56c7ec-99e5-3023-8e4f-95ad18a03f06,Regenia619 Bosco882,F,GENERAL PRACTICE,28 RIVERSIDE DR STE 101,PEMBROKE,MA,023594947,42.11004715,-70.77534154695786,1194,0,9999942599
02decdd2-298e-3f34-96ca-1f0725dc4b03,acfde9fd-b6ef-36d0-86dd-ab77398d289b,Jess275 Osinski784,M,GENERAL PRACTICE,80 NEWBRIDGE WAY,DEDHAM,MA,020267028,42.265152,-71.20332234041666,3,0,9999906099
80eea2da-1987-37c0-833b-cd507c9b5fa9,e2a8b444-9b8f-36ff-84c4-05ee98589482,Francisco472 Gusikowski974,F,GENERAL PRACTICE,8 SHIPWAY PL # C-8,CHARLESTOWN,MA,021294301,42.3778749,-71.0619957,1663,0,9999947796
22469ca4-466e-3fdd-840b-d1cc6b360f86,65dac97b-bb0c-38ae-94bc-bf29ac9687ea,Cindi877 Rowe323,F,GENERAL PRACTICE,265 MAIN STREET,DALTON,MA,012261614,42.472932099999994,-73.17745071097283,32,0,9999881391
ebbba99d-e05c-3c0a-ab5d-ce986e919a35,71f4c23f-7559-31ff-8f42-a672e80b85a2,Sallie654 Jast432,F,GENERAL PRACTICE,300 FIRST AVENUE,WESTBOROUGH,MA,015812831,42.2694308,-71.6129907,474,0,9999996298
a1b2b51f-7671-3a26-9457-a445ef404a1d,9f061925-3642-3352-815e-8c3b2fcfbfaa,Zola306 Goldner995,F,GENERAL PRACTICE,1 DEL POND DR,CANTON,MA,020212759,42.172339,-71.112632,2,0,9999891291
210e822e-b1ce-33d1-b8f4-4f763eec8e9c,05f80ed8-6a7a-3728-8b5c-c5c995c8244a,Vernita491 Cartwright189,F,GENERAL PRACTICE,150 South Huntington Avenue,Jamaica Plain,MA,02130,42.32809,-71.11076,201,0,9999985093
20a7bb22-5cf3-3a43-9d90-1bc6f68c1fe8,e0cc7e8e-e1a4-3a02-b589-0a35741d39fe,Alla648 Towne435,F,GENERAL PRACTICE,990 PARADISE RD,SWAMPSCOTT,MA,019071831,42.48374535000001,-70.90120467000462,155,0,9999954693
9dd68413-da73-310c-ae0c-5e7ba62be140,3517aff1-b163-3cd5-8fff-19710fcdc1b7,Ladawn167 Cremin516,F,GENERAL PRACTICE,400 HEMENWAY STREET,MARLBOROUGH,MA,017526762,42.36006255767826,-71.5077613040944,45,0,9999907790
e4ab368a-ba81-3b24-b602-7b23da4f2f42,18d2c9c2-4b92-3664-9b8e-419aff3ce942,Aleshia311 Block661,F,GENERAL PRACTICE,175 GROVE STREET,BRAINTREE,MA,021847253,42.19127375,-70.99279579751581,105,0,9999894899
26c23745-7909-3805-a64f-a3ce7e2daed3,121b0ad1-1beb-3caa-9271-3d3f726bb727,Cortez851 Price929,M,GENERAL PRACTICE,1030 MAIN STREET,WALTHAM,MA,024517447,42.375828,-71.2527956,774,0,9999939892
24f70ee6-5192-352f-ad61-0ca09c7b2f11,43f37d29-0bcb-3d84-b9c0-9ee4f2485ff2,Maria750 Romaguera67,F,GENERAL PRACTICE,168 WALTON RD UNIT 19,ROWLEY,MA,019692014,42.7136977,-70.8818364,283,0,9999941294
477b33b1-1c3a-3dc8-949c-564c1fbdd717,db60692f-cbef-315b-9fce-38a7f015c482,Kathi607 Hilpert278,F,GENERAL PRACTICE,72 SHARPE STREET,SCITUATE,MA,020664534,42.1939754,-70.7697128,168,0,9999960591
6b9a08f7-cc61-33fb-9607-c0ebc7d53fea,883f57b8-89c6-3dc4-b6da-047705c88623,Blanche121 Bailey598,F,GENERAL PRACTICE,363 HIGHLAND AVE,FALL RIVER,MA,027203703,41.7093779,-71.1460783680883,889,0,9999994996
a1e55b6e-368c-3bf7-aa8e-5c6266a4a4ae,9ba25035-53e5-344b-9b9e-94331a58d1d4,Edwin773 Schultz619,M,GENERAL PRACTICE,420 MAIN ST,WALPOLE,MA,020812553,42.161882199999994,-71.2388707178431,172,0,9999968891
a11ef6b0-a118-3391-8722-f4c3b1b44c24,0a2252ba-33de-322f-8f0a-e5b0141f1780,Hue920 Block661,F,GENERAL PRACTICE,632 BLUE  HILL AVENUE,DORCHESTER,MA,021213213,42.2941088,-71.0885355,273,0,9999976894
e0575ab6-8ecd-3e33-b70c-23184cb47280,4f029aea-a3f7-3429-a477-45cfe183c3f9,Curtis94 Lesch175,M,GENERAL PRACTICE,1675 NORTH MAIN STREET,LANCASTER,MA,015232405,42.4761132,-71.6873032,158,0,9999880393
ae0909e0-799e-3ff3-839e-1ae6f9656a68,f539dc91-4c3b-3c46-be61-7f10b6eb8471,Mitsuko474 Carter549,F,GENERAL PRACTICE,45 WOBURN ST,WALTHAM,MA,024527919,42.407845949999995,-71.21867165257288,1,0,9999879494
96f8e6fe-1268-3eca-9f40-d6a99f2c69be,f6ba791e-fe68-3596-bef4-60751db6a60e,Freeda113 Crooks415,F,GENERAL PRACTICE,37 BIRCH STREET,MILFORD,MA,017575501,42.1424349,-71.48943173357203,76,0,9999905596
bfad438c-da0d-3b67-9bf4-0679c56744ca,37854499-6b19-35d5-a5ba-dde729c2c3a3,Ramon749 Hoppe518,M,GENERAL PRACTICE,97 LIBBEY INDUSTRIAL PARKWAY,WEYMOUTH,MA,021893110,42.19322885,-70.94589987654936,36,0,9999931097
2e6d50b9-a6ed-37d0-9b2f-592cf89b8431,2fc3d86d-4194-3ad1-bb8a-99d5d34119a1,Trent525 Krajcik437,M,GENERAL PRACTICE,300 CONGRESS ST STE 203,QUINCY,MA,021690907,42.2345525,-71.01493330273374,310,0,9999948497
4e1765c5-0afc-3906-854f-68beff415160,e1892a2c-6dca-3c4c-93b7-0e00a9eb8b61,Derek111 Erdman779,M,GENERAL PRACTICE,20 EAST ST,HANOVER,MA,023391638,42.1278249,-70.82664947485381,885,0,9999954990
cfab11a6-03fe-30b5-886b-0fdb72dfbc2b,67cade01-dcfe-37b7-8e2c-b712d9e6fbba,Terrence276 Wintheiser220,M,GENERAL PRACTICE,694 MAIN ST,HOLDEN,MA,015201862,42.3406819,-71.8390289,291,0,9999957498
0e9bdf63-4c5d-3e26-a616-aacad18a6b18,11a40a26-a5a3-331d-aef0-d06dd90e2b4e,Jacinta658 Wintheiser220,F,GENERAL PRACTICE,10 OSTERVILLE WEST BARNSTABLE RD,YARMOUTH PORT,MA,026752000,41.7020544,-70.249465,625,0,9999947994
65423379-6ed3-34d1-9b05-ccdee39e73b3,b954c464-11ea-312b-a3f8-1350775bfa54,Hortensia953 Walker122,F,GENERAL PRACTICE,123 CAPTAIN'S ROW,CHELSEA,MA,021504019,42.3917638,-71.0328284,61,0,9999905299
e30b3c6a-3310-3378-b145-e603858962dd,9f368e75-397f-3d77-a317-9a005512a4e2,Alta896 Pfannerstill264,F,GENERAL PRACTICE,381 PARK AVE,WORCESTER,MA,016101026,42.2583962,-71.82204240042036,337,0,9999950493
26551c26-4f45-39b1-80ef-12d9126dadd6,0dfa7ab2-4acc-360c-ab55-beb8e38a8c1d,Arnoldo445 Osinski784,M,GENERAL PRACTICE,36 CORTADGE PARK,PLYMOUTH,MA,023607320,41.9426657,-70.7618592,77,0,9999942193
d4c5c137-be43-3719-ab5c-f568d7b64ecf,4d3ec6c2-f6aa-3d7b-adcc-e7107dac8530,Javier97 Esquibel766,M,GENERAL PRACTICE,14 MASONIC CIRCLE,AUBURN,MA,015011341,42.181923125,-71.86839612499999,134,0,9999901090
dd382b53-5222-38ed-93f3-bc9f9e898d11,01222fd8-89bf-3d48-a0ed-95f572bb622c,Madelyn308 Dach178,F,GENERAL PRACTICE,345 COURT ST STE LL2,PLYMOUTH,MA,023604329,41.97592055,-70.68653014146545,55,0,9999942292
6228e3f2-b3bf-391c-87c6-11bd22f7110d,7cb70963-6f86-3eab-a12b-88deb31de793,Katelynn452 Ledner144,F,GENERAL PRACTICE,18 DANA HILL ROAD,STERLING,MA,015642414,42.4106904,-71.7976286731579,12,0,9999890491
b79b749b-58a0-3a5a-80dd-1fa05106a394,95f6c328-96dd-3fb8-a56e-9aad566094b4,Burton124 Schoen8,M,GENERAL PRACTICE,4 STONY HILL ROAD,WILBRAHAM,MA,010951027,42.1552861,-72.48384800788648,358,0,9999933093
0a00e99d-3947-323a-85c0-a3d081b12318,485ae27b-c5ba-3fd0-9a16-c9eea20be185,Lael572 Kris249,F,GENERAL PRACTICE,275 MARTINE STREET  SUITE 202,FALL RIVER,MA,027231518,41.68393816525316,-71.1220830626733,178,0,9999906594
8f64e12e-1438-3005-bba4-2f41db3db03f,19f958ef-57cf-33c1-b068-14b32a980813,Aura483 Bruen238,F,GENERAL PRACTICE,155 BROADWAY RD,DRACUT,MA,018262754,42.67578279999999,-71.29320171860073,280,0,9999963595
ecde7c24-9a97-368d-b222-93e8862ed92f,f0214766-e2d0-3793-b2b6-4e1ea5df2a87,Otto672 Klein929,M,GENERAL PRACTICE,298 JARVIS AVE,HOLYOKE,MA,010401288,42.2087949,-72.6430892731527,5,0,9999874990
57f0e7f7-6d97-382e-9ed5-470fe8802d96,da2e8443-a0d6-3e87-b651-e2697615f4b5,Luis923 Bergstrom287,M,GENERAL PRACTICE,2000 WASHINGTON ST,NEWTON,MA,024621624,42.332192250000006,-71.24597794166553,162,0,9999968099
2d717ed5-acc1-36c6-a0a0-370ba94f1cf5,47602b5b-f4aa-3c73-aa26-2268ccf7a83c,Christopher407 Fisher429,M,GENERAL PRACTICE,90 LINDALL STREET,DANVERS,MA,019232125,42.574712149999996,-70.94359556912616,52,0,9999887190
11279e58-ec8b-3b8a-98a0-fd3cd59a416a,c6d162b3-1d7f-368a-9990-671ca77e55d7,Lavona767 Waelchi213,F,GENERAL PRACTICE,629 SALISBURY ST,WORCESTER,MA,016091121,42.2932691,-71.8390048,25,0,9999930198
6be32a50-1091-3905-9eea-4fb892ea72d8,941fb26d-4d24-30af-9c1b-fe0aa8e70cfa,Ignacio928 Veum823,M,GENERAL PRACTICE,1 GENERAL ST,LAWRENCE,MA,018412884,42.7097143,-71.15007700778098,16,0,9999975599
a84732a4-69d6-3e59-9223-3dcfa1ba08ef,1676f96e-65fc-350d-918b-453697bf07ff,Karisa693 D'Amore443,F,GENERAL PRACTICE,120 LONGWATER DRIVE,NORWELL,MA,020611653,42.15682485,-70.8792143504961,2,0,9999907691
254d02e5-3496-34ac-91fb-0cab1b250d90,6d16a8e3-3569-38ab-afac-a2f8c1125085,Lynn917 Crona259,M,GENERAL PRACTICE,1010 WALTHAM STREET,LEXINGTON,MA,024218052,42.4139392,-71.22929265883278,122,0,9999899195
f6d276bb-b863-3e2a-853a-62f4d5e19f5a,486bf543-9696-3d51-aa70-28a3044ce490,Ping698 Weissnat378,F,GENERAL PRACTICE,777 NORTH STREET,PITTSFIELD,MA,012014147,42.46054825,-73.24880457390918,153,0,9999973396
cb410331-8b39-3094-b568-107a694c40fd,528231d3-78b8-39ec-a3d0-fea14af9462a,Agripina633 Mohr916,F,GENERAL PRACTICE,63 LOCUST ST,DANVERS,MA,019232240,42.57284679999999,-70.93631390759089,4,0,9999868893
d77e7c30-04c9-3e77-85e5-2fb179cbd0fd,91808f17-7583-32a3-aa55-23b131b327c7,Leonie332 Wunsch504,F,GENERAL PRACTICE,200 CORDWAINER DR,NORWELL,MA,020611671,42.16352995,-70.8846291501739,284,0,9999953299
d7ce121e-8f5d-37a7-b81d-9c1ce3d997bb,587f07bd-7d69-3291-9aea-abef74f30045,Pearl430 Davis923,F,GENERAL PRACTICE,228 ALMONT ST,MATTAPAN,MA,021261487,42.2805395,-71.09839825,76,0,9999941591
c3235593-afb4-332a-bc64-cf91bba78512,76baa51d-0d0f-359d-a07b-7b999a43d42e,Dong972 Gibson10,F,GENERAL PRACTICE,101 STATION DR STE 240,WESTWOOD,MA,020902336,42.20728361922244,-71.15698168263435,311,0,9999951699
b264d395-4b71-3eeb-95e7-fb9bbd04a773,02d7b144-352f-3eac-97db-6fc4a95bf1fa,Dante562 Reinger292,M,GENERAL PRACTICE,120 SEMINARY AVENUE,AUBURNDALE,MA,024662650,42.34002614299451,-71.24911543639162,91,0,9999899393
1d31484d-ad6e-3d33-9808-c22f0d474876,e0584fe3-c4f7-33c7-986b-2568383d7307,Candelaria844 Blanda868,F,GENERAL PRACTICE,120 MAPLE ST STE 303,SPRINGFIELD,MA,011031930,42.1064397,-72.63777529283192,31,0,9999919993
f87d9d96-7412-36cf-8449-4461a979b069,4d780f61-40cc-3bcb-822b-cb51d398966f,Asley870 Stiedemann542,F,GENERAL PRACTICE,5 GAMELIN ST,HOLYOKE,MA,010404080,42.1642525,-72.63755321877633,2,0,9999890798
390c66b4-fb8d-3127-8e8b-c5f5671f0160,53f086de-2fc7-3d35-92c2-aca4ed944e7f,Chang901 Kutch271,M,GENERAL PRACTICE,1 GENERAL ST,LAWRENCE,MA,018412961,42.7097143,-71.15007700778098,4151,0,9999995191
17a6ca71-3c86-3dea-af22-8e8625d71be7,20f63278-6709-3195-b767-782d2a10bd5c,Stacee229 Krajcik437,F,GENERAL PRACTICE,640 CONCORD AVENUE,CAMBRIDGE,MA,021381116,42.389222000000004,-71.14799280677965,73,0,9999900191
f386ad43-b8eb-3c0b-8beb-3dcddb13a7a1,5c9dea98-c535-36fe-8a7b-778b991a7b2c,Jenifer459 Trantow673,F,GENERAL PRACTICE,95 Ashley Avenue  Suite A,West Springfield,MA,01089,42.139397,-72.62382,460,0,9999982694
dafd3eca-b82c-3fa3-8fe5-4f90a6b6a028,b636c344-0fda-3eea-96cf-1190f8d1d8fc,Tobias236 Ondricka197,M,GENERAL PRACTICE,780 MAIN STREET,GREAT BARRINGTON,MA,012302148,42.17823835,-73.36310566431717,60,0,9999975896
52f6048a-b1f6-38f9-b8f6-8545b2ddbc33,de2ceae4-ddad-3174-9a1b-f32ea37e53f8,Leoma634 Jaskolski867,F,GENERAL PRACTICE,107 LINCOLN STREET,WORCESTER,MA,016052431,42.276415099999994,-71.79469158738553,43,0,9999999490
cf3d685a-c60b-38ea-9545-ef72b57580d4,c709c5eb-ddd7-3778-84f7-0931a4d1c718,Carmelina668 Goyette777,F,GENERAL PRACTICE,1200 CENTRE ST,ROSLINDALE,MA,021311000,42.29768,-71.130463,650,0,9999985796
9468b59c-b7a6-37de-995e-ce2e54bbad15,8d81bd8c-ad6c-37f7-95c9-75fd3de24e86,Clare187 Marquardt819,F,GENERAL PRACTICE,118 MAIN ST,STURBRIDGE,MA,015661533,42.0905134,-72.06606362965572,133,0,9999953794
d18fff1f-ec22-3321-bb5a-fbe59c739230,079dd7d3-2003-331d-b49a-1b5c1b2870cb,Lucio648 Schmeler639,M,GENERAL PRACTICE,200 MILL ROAD SUITE 120,FAIRHAVEN,MA,027195252,41.650636,-70.88137185966522,1,0,9999910596
ed5aa341-7ca3-3992-b5b4-a0fcb5db4e65,c05d73d0-b348-32ce-9fe5-13a720950f37,Rema399 McDermott739,F,GENERAL PRACTICE,45 DRUM HILL RD,CHELMSFORD,MA,018241503,42.6255635,-71.3615131,390,0,9999938498
58cdd937-f2ec-37c3-829c-08923a2cf48d,c0cc8f8d-a479-3f83-9e1f-1fd556b944ef,Kristofer887 Heathcote539,M,GENERAL PRACTICE,250 PARADISE RD,SWAMPSCOTT,MA,01907,42.47638005,-70.91253402512964,28,0,9999971895
634bd683-d222-3b9a-ab89-8918e6d29c92,ac0fde88-b0ad-3388-a4a8-b8fc2a4f4af2,Lloyd546 Wuckert783,M,GENERAL PRACTICE,150 YORK STREET,STOUGHTON,MA,020729105,42.144646800000004,-71.09875876961266,3355,0,9999999698
95b8561b-a82c-3ead-82da-38d631dd7918,0e061004-bcc0-3e99-a237-d700823e817b,Cesar434 Lehner980,M,GENERAL PRACTICE,570 BALDWINVILLE RD,BALDWINVILLE,MA,014361351,42.5953045,-72.07447782689232,128,0,9999956599
223566dc-7f70-3f16-8c25-92c4883eab83,d51d98bc-ef4c-363b-8450-c01537258b11,Gus973 Koch169,M,GENERAL PRACTICE,1007 EAST ST,DEDHAM,MA,020266363,42.22837415,-71.16281500487283,3,0,9999875997
7817ff68-1419-390e-9ec5-a0cba89406a5,e2d88cfd-5294-39cb-8580-4661141bfaa1,Jan231 Ernser583,M,GENERAL PRACTICE,195 PLEASANT ST,ATTLEBORO,MA,027032419,41.9502721,-71.27325564751882,3,0,9999875690
9d1b5e5c-0b11-3ed4-a708-427a704fef40,d70d47dc-b40c-3a04-8342-35cbfe716409,Lakenya863 Hilpert278,F,GENERAL PRACTICE,83 LITTLEFIELD RD,NEWTON,MA,024593010,42.3104327,-71.18883283411856,194,0,9999970095
69f2061a-fa2b-3088-8458-9c9b4d8ac44d,de3cc142-803a-3ed4-8945-75ec88a84784,Julio255 Rivas297,M,GENERAL PRACTICE,51 HOSPITAL ROAD,BALDWINVILLE,MA,014361215,42.6108483,-72.0608364,80,0,9999897991
6c402b6c-4e48-3a15-93a7-c248a7b05b71,047f6113-bd42-353b-8368-cf2352868915,Neal874 Schimmel440,M,GENERAL PRACTICE,62 WALNUT ST FL 2ND,WELLESLEY,MA,024812109,42.2964859,-71.2925571,221,0,9999945196
7589cefa-b811-30d5-aed4-d43fa661e60b,0592d4e5-a0fb-3143-83cd-8e5a6b066a96,Anderson154 Lemke654,M,GENERAL PRACTICE,20 EAST ST,HANOVER,MA,023391638,42.1278249,-70.82664947485381,2392,0,9999938597
48634fb4-b79c-3eeb-ab84-44b4b8418371,c67ca7ed-4769-3b6c-a0a9-993f1227ff10,Allen322 Veum823,M,GENERAL PRACTICE,1 BLACKBURN DR,GLOUCESTER,MA,019302237,42.6269312,-70.65555242413386,642,0,9999951491
809d35d2-418d-3c2e-97ea-34a498656c3a,d4af6090-2df1-3b53-b5be-cf2b96b8f833,Jefferey580 Medhurst46,M,GENERAL PRACTICE,1 ARSENAL MARKET PL,WAYLAND,MA,017783514,42.3632063,-71.3606721,32,0,9999918797
8920f4fa-3589-382b-904a-dfe77eac440e,6b9c5830-a278-38ff-887f-ccefd74cf8e8,Rodney21 Hettinger594,M,GENERAL PRACTICE,184 LINCOLN STREET,NORTH EASTON,MA,023561799,42.06665855,-71.11947646404934,80,0,9999890194
5c750b4c-ee38-3c3f-87c8-5738e6d2bc2e,612fb151-095d-3d11-942b-5907216f4dbb,Colin861 Crona259,M,GENERAL PRACTICE,34 HAVERHILL ST,LAWRENCE,MA,018412884,42.71186535,-71.15197382279813,107,0,9999976498
167ec617-55d6-37a7-90f6-767840b3231d,7b5bf0fc-c5c0-3f22-980b-fdfff326a9b4,Isidro558 Kling921,M,GENERAL PRACTICE,40 CUMBERLAND AVE,NORTH ATTLEBORO,MA,027604445,41.9316677,-71.35407469790115,42,0,9999938993
e352c514-a1b3-34f1-98ca-2d9414308872,ba07b31b-bf14-39b8-be95-4c5ca5062daa,Kim439 Hyatt152,M,GENERAL PRACTICE,1575 CAMBRIDGE ST,CAMBRIDGE,MA,021384308,42.375209549999994,-71.10711344152975,1088,0,9999992099
6d0c19c5-3f4c-3ad9-9a39-1c8d80dc43f0,064ba8c8-f6f7-3582-8f41-c963ceedfee4,Lexie163 Ankunding277,F,GENERAL PRACTICE,500 BELMONT STREET,BROCKTON,MA,023014985,42.07465845,-71.03975419622803,7,0,9999904193
450cca31-a199-3600-81ba-21ecf46bdc95,6aae7a31-90df-3455-ad8d-81f8cf2d21e8,Houston994 Funk324,M,GENERAL PRACTICE,680 CENTRE ST,BROCKTON,MA,023023308,42.0872752,-70.9910738855076,3504,0,9999987594
35f053f3-ac7e-3c59-8c48-7b9fb9355203,14036728-b721-3e4b-8755-8ee8ab6ed15e,Rocky100 Schmeler639,M,GENERAL PRACTICE,625 MOUNT AUBURN ST,CAMBRIDGE,MA,021384518,42.375351,-71.1468628,533,0,9999958892
1f9683ae-2c50-3611-b4df-766acb977236,104079d4-560e-3eb8-9a48-d495835a3997,Paris331 Schmeler639,M,GENERAL PRACTICE,68 CAMP ST,MASHPEE,MA,026493465,41.6484421,-70.4811383,412,0,9999956193
4f6d7fcc-bcbf-301c-b8d6-fb0c0562cb5a,e94c520b-596e-37d6-a22e-eec14e2ac571,Roseanna881 Stokes453,F,GENERAL PRACTICE,290 MERRIMACK ST STE 241,WEST BRIDGEWATER,MA,023791056,42.0219112,-71.019004,11,0,9999935890
